move-result,move-result-object,return-void,return,return-object,const/4,const-string,goto,if-eqz,iget,iget-object,iput,sget-object,invoke-virtual,invoke-direct,invoke-static,invoke-interface,and-int/2addr,xor-int/2addr,xor-int/lit8,class
37,106,58,4,9,116,40,71,34,50,155,32,0,237,57,24,4,14,0,1,m
17,101,42,3,2,35,74,25,10,3,40,3,0,194,64,23,0,0,0,0,m
0,2,10,0,0,0,2,0,0,0,1,0,0,4,10,1,0,0,0,0,m
642,2286,854,128,296,835,1271,537,597,126,1454,109,356,3142,1077,855,378,1,0,0,m
2023,4573,1565,478,785,2218,2672,1534,1256,725,3426,349,704,6442,2761,1366,1824,7,15,0,m
37,106,60,4,9,116,40,71,34,50,155,32,0,237,59,24,4,14,0,1,m
642,2286,854,128,296,835,1271,537,597,126,1454,109,356,3142,1077,855,378,1,0,0,m
642,2286,854,128,296,835,1271,537,597,126,1454,109,356,3142,1077,855,378,1,0,0,m
33,143,44,5,32,199,55,135,24,29,50,24,6,184,128,72,8,1,0,0,m
0,4,7,0,0,0,5,1,0,0,0,0,1,9,6,1,0,0,0,0,m
7448,25828,5572,2214,4856,14101,15084,11117,6971,3944,11206,2881,12782,29142,10506,13313,1895,94,31,37,m
167,534,252,35,69,330,360,156,50,54,356,35,134,788,339,320,162,0,0,0,m
2023,4573,1565,478,785,2218,2672,1534,1256,725,3426,349,704,6442,2761,1366,1824,7,15,0,m
39,137,52,7,27,71,155,21,15,0,78,0,2,221,75,68,14,0,0,0,m
201,712,302,30,93,223,315,116,147,30,547,42,113,1039,306,186,119,0,0,0,m
8950,29865,5939,2585,5711,15956,17080,12273,7912,4574,12673,3239,13968,33775,13790,13250,2280,85,32,36,m
22,103,46,8,6,29,47,15,13,6,65,6,0,133,69,56,10,0,0,0,m
670,784,243,56,72,610,606,403,365,565,1319,265,98,2217,456,303,22,3,3,0,m
884,580,355,139,25,1075,326,465,250,1066,2517,405,20,1960,482,272,134,0,0,0,m
132,498,231,21,62,163,225,85,102,22,354,30,58,708,226,128,121,0,0,0,m
165,662,146,26,23,224,390,156,214,17,193,5,163,1060,269,221,159,0,0,0,m
968,1413,1065,453,456,1081,667,566,751,623,1973,276,269,2940,923,644,304,14,0,12,m
673,1430,433,72,136,922,1434,395,771,132,908,62,211,2381,785,801,156,1,0,0,m
316,1064,305,72,94,588,591,358,337,187,1019,177,196,1528,489,645,132,0,0,0,m
172,620,268,33,73,403,1069,177,53,50,356,31,231,1512,354,322,197,0,0,0,m
202,713,303,31,93,224,316,116,147,30,550,42,113,1042,309,187,119,0,0,0,m
24,111,48,8,7,30,55,15,13,6,74,6,1,134,69,72,10,0,0,0,m
94,398,100,15,21,166,199,104,108,8,170,3,75,618,157,127,83,0,0,0,m
171,616,276,26,84,197,270,102,133,26,479,38,108,921,270,157,99,0,0,0,m
2041,7238,1819,531,2130,2860,1934,2561,1790,1217,3864,615,1715,9474,2667,1129,1065,26,19,10,m
23,111,48,8,7,30,54,15,13,6,74,6,1,133,69,72,10,0,0,0,m
0,0,8,0,0,0,0,0,0,0,0,0,0,1,7,0,0,0,0,0,m
191,690,299,28,92,222,301,113,142,30,533,42,113,1003,302,184,116,0,0,0,m
132,498,231,21,62,163,225,85,102,22,354,30,58,708,226,128,121,0,0,0,m
63,49,57,11,4,82,1,51,46,32,140,18,1,173,72,16,21,4,0,0,m
8950,29856,5939,2585,5709,15956,17068,12268,7912,4574,12673,3237,13940,33770,13782,13240,2280,85,32,36,m
142,182,106,28,27,183,38,105,88,73,297,47,6,387,140,65,44,4,0,0,m
37,106,60,4,9,116,40,71,34,50,155,32,0,237,59,24,4,14,0,1,m
720,1311,466,88,143,999,1271,434,776,157,980,108,225,2225,778,858,175,1,2,0,m
316,1064,305,72,94,588,591,358,337,187,1019,177,196,1528,489,645,132,0,0,0,m
132,498,231,21,62,163,225,85,102,22,354,30,58,708,226,128,121,0,0,0,m
165,662,146,26,23,220,390,156,214,17,193,5,163,1060,269,221,159,0,0,0,m
193,690,300,29,92,223,301,114,142,30,534,42,113,1007,304,184,116,0,0,0,m
94,398,100,15,21,166,199,104,108,8,170,3,75,618,157,127,83,0,0,0,m
167,534,252,35,69,330,360,156,50,54,356,35,134,788,339,320,162,0,0,0,m
2974,9206,2527,651,2345,4083,3809,3119,2894,1476,5319,803,2077,12657,3777,2279,1448,28,19,10,m
7448,30767,5572,2214,5274,14167,18229,11191,6971,3944,11464,3299,21642,30668,11173,18608,1895,94,31,37,m
8950,29865,5939,2585,5711,15956,17080,12273,7912,4574,12673,3239,13968,33775,13790,13250,2280,85,32,36,m
8950,29865,5939,2585,5711,15956,17080,12273,7912,4574,12673,3239,13968,33775,13790,13250,2280,85,32,36,m
191,690,299,28,92,222,301,113,142,30,533,42,113,1003,302,184,116,0,0,0,m
23,111,48,8,7,30,54,15,13,6,74,6,1,133,69,72,10,0,0,0,m
7431,27644,5582,2208,5049,14059,16463,11106,6956,3946,11334,3071,16385,29595,10858,15440,1895,94,31,37,m
7622,26100,5689,2253,4880,14305,15885,11299,7079,4003,11449,2853,12421,29591,10624,13285,2267,94,31,37,m
37,106,59,4,9,116,40,71,34,50,155,32,0,237,58,24,4,14,0,1,m
1,6,12,0,0,0,5,0,0,0,2,0,0,10,12,5,0,0,0,0,m
139,582,141,26,20,206,361,145,198,16,183,5,148,963,253,197,126,0,0,0,m
7431,25740,5582,2208,4813,14051,15522,11092,6956,3946,11166,2835,12411,29069,10433,13137,1895,94,31,37,m
76,77,76,13,11,102,32,66,60,41,160,24,1,212,94,34,31,4,0,0,m
869,733,499,154,77,4039,280,1033,605,1768,888,924,1987,1870,425,1152,31,43,11,9,m
193,690,300,29,92,223,301,114,142,30,534,42,113,1007,304,184,116,0,0,0,m
14,134,70,1,3,38,98,23,11,0,91,0,0,272,97,27,0,0,0,0,m
193,690,300,29,92,223,301,114,142,30,534,42,113,1007,304,184,116,0,0,0,m
8950,29865,5939,2585,5711,15956,17080,12273,7912,4574,12673,3239,13968,33775,13790,13250,2280,85,32,36,m
1,6,12,0,0,0,5,0,0,0,2,0,0,10,12,5,0,0,0,0,m
393,402,387,115,133,895,301,593,204,304,782,218,271,1224,388,307,27,8,0,3,m
240,337,325,101,127,469,206,341,152,120,564,117,111,987,290,198,28,7,0,1,m
8950,29865,5939,2585,5711,15956,17080,12273,7912,4574,12673,3239,13968,33775,13790,13250,2280,85,32,36,m
40,135,38,4,28,73,90,45,21,2,22,5,15,165,69,26,55,0,0,0,m
8950,29865,5939,2585,5711,15956,17080,12273,7912,4574,12673,3239,13968,33775,13790,13250,2280,85,32,36,m
8950,29865,5939,2585,5711,15956,17080,12273,7912,4574,12673,3239,13968,33775,13790,13250,2280,85,32,36,m
642,2286,854,128,296,835,1271,537,597,126,1454,109,356,3142,1077,855,378,1,0,0,m
449,1323,380,136,396,553,368,439,312,80,656,38,297,1469,960,379,379,1,2,0,m
6,109,47,0,2,27,73,15,3,0,28,0,0,200,61,17,0,0,0,0,m
7243,26812,5391,2117,5047,13605,16226,10907,6815,3903,10935,3127,14929,29036,10869,14530,1770,94,31,37,m
968,1413,1064,453,456,1081,667,566,751,623,1973,276,269,2940,922,644,304,14,0,12,m
165,662,147,26,23,220,390,156,214,17,193,5,163,1060,270,221,159,0,0,0,m
1536,1841,681,187,124,2699,637,1445,818,520,3070,401,972,5476,1096,945,103,0,1,0,m
165,655,146,26,23,224,397,156,214,17,193,5,163,1053,269,221,159,0,0,0,m
63,49,57,11,4,83,1,49,46,32,131,18,1,171,71,16,21,4,0,0,m
23,111,48,8,7,29,54,15,13,6,74,6,1,133,69,72,10,0,0,0,m
125,453,218,22,57,152,215,76,83,22,312,30,59,650,214,122,109,0,0,0,m
2982,9154,2487,647,2334,4092,3785,3130,2861,1613,5373,879,2065,12631,3743,2284,1440,28,19,10,m
2977,9163,2534,650,2344,4089,3781,3124,2888,1474,5320,801,2077,12619,3766,2272,1437,28,19,10,m
8950,29859,5939,2585,5709,15958,17070,12268,7911,4574,12673,3237,13948,33772,13784,13243,2280,85,32,36,m
4,68,13,0,0,1,52,2,3,0,2,0,0,74,21,5,0,0,0,0,m
1536,1841,681,187,124,2699,637,1445,818,520,3070,401,972,5476,1096,945,103,0,1,0,m
23,111,48,8,7,30,54,15,13,6,74,6,1,133,69,72,10,0,0,0,m
8950,29865,5939,2585,5711,15956,17080,12273,7912,4574,12673,3239,13968,33775,13790,13250,2280,85,32,36,m
683,812,243,56,72,641,619,405,369,566,1385,266,100,2295,472,306,22,3,3,0,m
6,109,47,0,2,27,73,15,3,0,28,0,0,200,61,17,0,0,0,0,m
75,342,82,12,18,113,154,83,84,7,162,3,38,518,133,109,66,0,0,0,m
8950,29869,5939,2585,5711,15958,17075,12273,7911,4574,12673,3239,13974,33776,13791,13253,2280,85,32,36,m
193,690,300,29,92,223,301,114,142,30,534,42,113,1007,304,184,116,0,0,0,m
191,690,299,28,92,222,301,113,142,30,533,42,113,1003,302,184,116,0,0,0,m
673,1430,433,72,136,922,1433,395,771,132,908,62,211,2381,785,801,156,1,0,0,m
277,336,329,80,100,973,293,406,267,826,1170,529,76,1192,267,152,25,37,0,0,m
246,741,273,43,55,289,606,226,285,47,391,24,141,1066,382,404,118,1,0,0,b
1620,3672,1837,612,786,1962,1833,1136,1389,23021,36789,11441,582,5951,1989,1586,616,4561,5310,2987,b
7313,15499,6872,2397,4340,9484,6823,5522,4485,24465,44131,12570,2046,25475,7797,9696,4462,4590,5314,2989,b
7510,16744,7168,2297,4728,10267,8716,6136,5060,24326,44900,12413,2417,26986,8120,11339,5748,4567,5311,2987,b
2280,4124,2153,758,859,2389,1982,1398,1644,23358,37292,11539,638,6996,2263,1855,698,4578,5310,2988,b
2470,3560,2228,837,986,2861,979,1538,2039,1114,4977,587,373,7194,1893,1223,861,23,0,10,b
8850,18480,8205,2649,5185,11884,8915,7006,6200,24731,47553,12678,2469,30570,8904,11802,6229,4575,5311,2985,b
9780,22117,8578,2721,6216,15138,18445,8136,6268,26839,49809,13864,2905,34553,10896,15474,7296,4647,5316,2981,b
5856,13224,4966,1868,2829,7083,6205,4330,4048,24102,41957,12145,1673,20820,6040,7212,3525,4589,5323,2991,b
6425,12838,6036,2138,3723,8376,5851,4879,4052,24258,42681,12318,1462,22072,6200,8561,4005,4584,5310,2989,b
7,40,24,6,1,25,21,25,6,10,8,5,0,66,21,3,33,0,0,0,b
2253,6801,1560,349,684,3182,4492,1842,1843,634,4188,472,659,8743,2831,2459,1585,5,9,0,b
74,138,122,14,17,75,66,42,28,36,117,30,36,273,94,89,8,0,0,0,b
932,2148,585,215,430,1241,1723,677,761,254,1143,186,336,2938,1056,1265,342,3,0,0,b
722,2515,963,141,319,876,1345,551,638,126,1592,115,363,3526,1166,899,409,1,0,0,b
245,1076,311,38,152,310,783,250,265,29,434,18,116,1361,480,432,217,0,0,0,b
49,147,108,24,41,111,36,53,28,2,100,3,16,219,107,63,35,0,0,0,b
4,18,19,0,0,7,7,4,2,0,26,0,0,21,16,15,0,0,0,0,b
1545,3362,1708,584,744,1853,1821,1106,1375,785,3272,363,563,5607,1863,1458,620,17,0,12,b
9449,27840,9179,2488,7187,11569,15915,8828,7624,4417,17090,2554,14138,36742,15542,10627,5010,129,26,17,b
3255,7804,3139,782,1971,7932,5629,2643,1568,1188,6069,1062,5010,13450,5115,3637,945,35,9,0,b
15911,30110,13840,4946,9111,20472,13885,12204,10605,27155,56604,14046,4258,48277,15070,20682,9810,4617,5327,2998,b
161,590,204,27,52,238,486,184,214,24,279,14,104,865,297,289,90,0,0,0,b
8345,28687,5273,2399,5284,15525,16585,12527,7649,4465,12081,3352,16599,31864,13179,13954,2061,76,26,33,b
410,729,224,41,89,464,765,233,456,85,317,44,115,1136,351,510,61,0,0,0,b
25143,59024,21955,6734,12725,32992,32068,18746,18166,31067,75998,16570,7496,84294,28666,32415,13140,4649,5639,2994,b
1504,3543,1740,567,737,1883,1791,1069,1279,22992,36572,11410,559,5637,1881,1508,590,4560,5310,2987,b
587,1555,505,144,317,790,818,664,551,295,950,205,309,1926,1147,603,443,3,2,0,b
594,1142,288,96,209,984,1441,543,304,324,976,156,108,1988,821,140,231,17,10,0,b
2641,4945,2125,755,1185,2724,3289,1800,1944,831,4010,385,1064,8388,2592,1936,1174,16,0,12,b
8451,16601,7750,2876,4937,10466,8039,6557,5411,24813,45805,12674,2627,26575,8592,11326,5568,4590,5315,2992,b
12537,24689,11254,3898,7480,16691,11808,9907,8186,26011,51684,13407,3409,40088,12316,16978,8157,4599,5316,2996,b
125,286,83,21,8,81,174,47,35,2,460,3,0,453,112,56,106,0,0,0,b
0,6,6,0,0,4,9,1,0,0,0,0,0,14,8,0,1,0,0,0,b
5,82,30,1,1,25,172,10,6,13,110,7,1,196,47,27,3,0,0,0,b
0,0,9,0,0,0,0,0,0,0,0,0,0,1,8,0,0,0,0,0,b
0,0,8,0,0,0,0,0,0,0,0,0,0,0,8,0,0,0,0,0,b
0,0,8,0,0,0,0,0,0,0,0,0,0,0,8,0,0,0,0,0,b
0,0,0,0,0,0,0,0,0,0,0,0,0,0,0,0,0,0,0,0,b
0,0,8,0,0,0,0,0,0,0,0,0,0,0,8,0,0,0,0,0,b
0,0,8,0,0,0,0,0,0,0,0,0,0,0,8,0,0,0,0,0,b
46,214,84,9,34,48,137,42,30,7,170,5,15,292,111,97,45,0,0,0,b
29,177,34,3,9,30,98,24,20,0,28,0,2,204,54,23,29,0,0,0,b
2256,5280,2377,723,1533,2630,2640,1677,1862,922,4327,485,872,7781,3190,2304,1128,18,0,12,b
5738,13230,5057,1615,3698,7808,6750,4894,3702,23428,41470,12024,2024,20089,6240,9386,4700,4552,5311,2975,b
783,1973,1076,190,547,975,581,802,715,83,1300,101,196,2438,1132,663,635,0,0,0,b
15037,31187,14503,4655,8901,19461,15888,11865,9634,26491,56386,13714,5302,48938,16326,21050,9477,4602,5323,2995,b
9974,19326,9116,3151,5509,12709,9383,7619,6738,25292,48891,12929,2697,32604,9738,12476,6405,4592,5314,2991,b
931,1941,706,144,301,1202,1550,608,924,145,1271,77,256,2987,1073,1108,254,3,0,0,b
2852,8029,3512,884,1608,3640,3932,2128,2152,1009,5429,536,1110,11559,4347,3102,1919,13,7,8,b
8,23,25,5,1,14,14,6,3,0,25,0,0,53,28,5,4,0,0,0,b
180,485,245,44,55,293,166,188,95,42,529,30,102,771,280,185,94,2,0,0,b
390,1346,389,82,152,542,1064,386,393,115,687,64,148,1770,554,648,331,1,0,0,b
13466,26592,11562,4041,7779,17820,12765,10638,8762,26120,52658,13487,3760,42643,12922,18303,8821,4595,5325,2994,b
9430,16236,8288,2967,4138,10414,7286,6898,6804,26131,50034,13125,2584,26250,9455,9187,4399,4611,5327,3000,b
749,1371,423,90,155,940,1285,418,796,137,944,79,214,2262,789,846,187,1,0,0,b
3936,8097,2964,1110,1941,4568,3148,2887,1946,23536,38453,12028,1310,10791,4140,5329,1736,4572,5316,2977,b
15175,28056,13332,4758,8475,19313,13063,11582,9931,27018,55667,13932,3961,45827,14341,19468,9249,4614,5324,2998,b
267,833,304,44,75,307,646,229,302,52,476,29,131,1159,423,463,131,1,0,0,b
10463,18752,6751,2982,6049,11151,7619,7517,7301,4428,15246,2690,3658,27350,10860,7853,5250,61,9,18,b
270,843,315,49,71,321,649,253,295,56,498,29,129,1163,443,475,148,4,0,0,b
11572,22890,10477,3574,6665,15163,11080,9129,7778,25780,50690,13239,3022,37851,11265,15310,7686,4599,5316,2993,b
8272,17218,7656,2576,4897,10818,8893,6548,5392,24573,45540,12518,2490,28146,8548,11676,5853,4585,5311,2989,b
1387,2965,1560,545,646,1654,1618,973,1172,713,2829,332,508,4951,1646,1305,547,15,0,12,b
1326,2844,1406,486,553,1604,1183,821,913,699,2730,321,517,4649,1376,1064,756,14,0,12,b
0,1,7,0,0,0,2,0,0,0,0,0,0,3,7,1,0,0,0,0,b
650,1158,367,69,133,875,1245,369,753,130,811,61,213,1915,652,764,139,1,0,0,b
671,915,551,136,97,997,730,422,345,1046,1512,555,455,1941,644,658,95,1,0,0,b
12096,25573,12542,3983,6246,14530,12905,9234,7774,27900,57164,14547,4871,38973,14968,14708,7425,4623,5331,3003,b
12207,28114,10825,3264,8365,17455,13615,10472,7624,24970,49479,13003,3842,40780,12988,20365,9470,4560,5323,2978,b
10644,21928,10034,3434,6464,14168,11004,8586,6881,25402,48763,13042,3060,35335,10888,15265,7541,4590,5317,2992,b
0,0,8,0,0,0,0,0,0,0,0,0,0,0,7,0,0,0,0,0,b
3807,5608,2883,1434,1814,4228,2490,2451,2069,2456,5325,1392,1087,9368,3856,3323,1437,125,11,17,b
0,0,8,0,0,0,0,0,0,0,0,0,0,0,7,0,0,0,0,0,b
0,0,4,0,0,0,0,0,0,0,0,0,0,0,4,0,0,0,0,0,b
1990,3745,1121,233,518,2153,1839,1176,1303,629,3249,324,574,5328,1768,1482,1044,2,0,0,b
1091,1660,1206,500,529,1205,737,646,891,684,2273,317,291,3384,1071,739,352,15,0,12,b
8806,29095,5633,2512,5270,15610,17076,12171,8013,4541,12807,3281,14854,32713,13278,13537,2435,74,26,33,b
1974,4620,2333,703,1305,2787,2490,1459,1835,764,4093,372,863,6918,2766,2059,1041,15,1,12,b
8546,17766,7675,2574,4824,11077,8172,6610,5922,24825,47298,12728,2498,28689,8631,10985,5722,4580,5311,2989,b
966,1466,1079,452,476,1102,666,577,773,655,2004,283,270,3005,934,642,306,14,0,12,b
837,1458,698,294,230,1589,685,813,577,310,1622,283,578,2205,960,776,298,9,0,2,b
385,690,328,109,65,597,301,342,269,170,793,148,87,1040,422,395,200,4,0,1,b
749,2623,1011,146,329,905,1407,576,664,126,1675,116,365,3686,1231,935,427,1,0,0,b
3080,3946,1734,782,1066,5285,1724,2089,1603,1195,3183,465,1017,6380,3045,2001,781,30,30,22,b
7423,16103,5586,2207,2879,7478,6225,5787,2679,2150,10753,1325,1552,25127,9123,9769,2370,56,9,9,b
718,1516,491,78,181,935,1461,424,795,135,937,73,234,2415,819,864,185,1,0,0,b
3211,7049,2733,910,1599,3834,3234,2316,2053,1166,6079,825,1235,10086,4490,3047,1251,63,6,4,b
4720,8902,3219,1177,1969,4794,4104,3209,2451,23661,39215,11935,1325,12078,4048,6441,1986,4578,5310,2979,b
8745,13888,7516,3140,4080,9821,4863,5564,5533,4572,13902,2599,2327,22855,8934,7395,3233,169,15,24,b
2504,3657,2364,897,1064,2882,964,1569,1999,1281,5027,631,402,7178,1981,1292,900,25,0,14,b
1631,5189,807,177,574,1574,2542,1225,778,132,2083,114,817,5795,2260,1361,1112,2,0,0,b
0,1,7,0,0,0,2,0,0,0,0,0,0,3,7,1,0,0,0,0,b
556,2426,588,248,526,1078,928,592,393,51,1203,42,480,2532,1108,571,636,0,0,0,b
8362,17453,7741,2722,4697,10533,7488,6209,5061,24933,45462,12794,2414,28181,8942,10623,4695,4608,5316,2991,b
4884,7525,2764,1231,1617,5451,3519,3490,2132,23952,38907,12054,866,9891,3821,7280,2028,4771,5313,2983,b
138,888,249,19,43,232,439,138,87,15,447,33,33,1040,406,220,260,0,0,0,b
1803,2199,1548,661,599,1725,1008,931,1199,904,2770,393,341,4658,1410,1103,410,32,0,13,b
7431,24906,5582,2208,4709,14048,14983,11072,6956,3946,11055,2731,10928,28748,10227,12281,1895,94,31,37,b
434,1581,546,94,190,610,971,414,413,93,1007,58,246,2138,758,648,249,1,0,0,b
7459,12175,6926,2480,3122,9193,5999,5740,5811,25430,47676,12687,2177,20707,7951,7393,3983,4633,5326,2995,b
8927,16284,6226,2636,5372,9083,9842,5918,5883,4033,14230,2418,3336,24076,8758,7415,4534,48,11,18,b
15281,31940,13620,4855,9132,20060,14727,11910,10135,26530,55547,13762,4998,48563,15530,19923,10467,4600,5326,2996,b
3,55,17,0,1,2,2936,2,3,0,1572,0,0,1572,17,8,3,0,0,0,b
4856,5736,4249,1896,1868,4873,4633,2848,3416,2365,9660,1178,743,12779,3766,2961,1542,51,5,20,b
0,1,8,0,0,0,2,0,0,0,0,0,0,2,8,1,0,0,0,0,b
651,2331,861,130,299,841,1287,541,600,126,1466,109,357,3188,1086,866,388,1,0,0,b
720,2524,963,140,319,878,1350,553,637,126,1592,115,363,3533,1168,901,408,1,0,0,b
490,1371,481,124,404,584,407,477,333,149,867,116,298,1754,1097,428,406,1,2,0,b
26703,61970,22765,7249,12914,35791,34968,20434,18929,32981,78941,17992,7700,89416,31268,32544,13349,4688,5638,2996,b
506,1432,511,121,204,697,1018,382,633,343,1585,169,91,2522,704,448,202,5,0,4,b
125,450,208,22,57,147,215,75,80,22,296,30,59,643,210,120,101,0,0,0,b
684,2662,811,143,337,1003,1433,600,623,22348,34937,11134,323,3479,1256,1061,374,4548,5310,2975,b
458,1716,551,99,211,605,987,416,427,85,943,52,250,2195,819,745,257,1,0,0,b
439,1657,553,96,210,617,1009,419,449,86,995,49,261,2148,804,715,265,2,0,0,b
771,1520,455,85,151,1092,1526,389,785,228,941,156,211,2430,795,849,239,1,0,0,b
75,122,68,4,8,76,134,58,61,11,102,7,52,254,88,80,25,0,0,0,b
116,170,127,43,22,107,178,32,45,30,265,35,37,322,147,165,50,0,0,0,b
9676,21782,9527,2965,5239,11796,11320,8079,6851,25598,51288,12855,3834,31342,11516,13082,5989,4611,5329,2999,b
12388,26255,9830,3077,5976,16515,13047,9907,7811,25796,49929,13278,4022,41874,12157,17896,7537,4608,5332,2989,b
337,956,318,40,76,323,804,226,366,47,595,25,171,1320,471,541,145,1,0,0,b
11609,22921,10520,3587,6676,15297,11107,9177,7799,25771,50664,13237,3056,37883,11295,15340,7718,4599,5316,2993,b
967,2762,599,127,195,968,2242,601,798,119,1303,97,341,3945,1145,634,457,0,0,0,b
720,2524,964,140,319,878,1350,553,637,126,1592,115,363,3534,1168,901,408,1,0,0,b
132,498,231,21,62,163,225,85,102,22,354,30,58,708,226,128,121,0,0,0,b
1703,4254,2025,605,849,2082,2824,1247,1441,801,3559,362,744,6479,2365,1835,952,16,0,12,b
579,997,702,175,126,786,618,331,362,703,1340,352,330,1971,809,641,274,9,1,0,b
935,2618,663,115,183,998,2312,627,831,134,1191,92,399,3839,1212,745,454,1,0,0,b
2137,2550,1835,892,784,2077,1060,1269,1290,1104,3287,506,441,5128,1716,1301,612,33,3,15,b
440,1539,546,101,194,607,1013,404,432,83,982,53,233,2138,771,659,256,2,0,0,b
2408,4250,2287,871,939,2540,2157,1563,1727,23292,37449,11552,688,7229,2432,1942,741,4579,5310,2989,b
13318,26466,11986,4140,7515,17198,12353,10335,8708,26479,53145,13679,3837,43014,13546,16944,8306,4624,5322,2995,b
1065,2252,1094,238,372,1503,1351,1004,784,22736,35769,11298,261,3855,1318,1694,556,4425,5310,2977,b
3855,6114,3316,1449,1674,4084,2349,2476,2202,1687,5653,888,1233,10386,4044,2865,1189,59,9,17,b
10485,16258,6282,2783,4072,10760,6455,7093,5500,26071,46648,13110,2110,23151,7715,12753,3756,4597,5324,2985,b
1566,3679,1781,575,757,1949,1855,1097,1290,23011,36654,11427,572,5843,1942,1549,622,4560,5310,2987,b
12168,24986,10440,3574,7236,16609,13573,10002,7638,25785,50305,13265,3598,39487,12587,17158,8234,4601,5332,2993,b
3649,5751,3284,1183,1381,3957,2127,2288,2768,1610,6725,786,673,10498,3091,2305,1242,44,0,15,b
7771,16802,7843,2524,4467,9605,8869,6743,5658,25074,47465,12525,2589,24924,9192,10028,5170,4598,5329,2999,b
171,616,276,26,84,197,270,102,133,26,479,38,108,921,270,157,99,0,0,0,b
1763,3969,2036,648,803,2068,2148,1190,1405,808,3891,399,567,6459,2224,1832,757,16,0,12,b
663,2474,676,132,333,699,1263,673,634,282,1451,192,280,2797,1240,731,498,3,2,0,b
9984,20855,8990,2930,5896,13405,10657,8064,6450,25419,47594,12896,2871,33851,10113,14518,7103,4585,5313,2989,b
687,1440,809,120,145,946,1647,669,507,584,1650,312,400,1898,1975,1030,735,4,0,0,b
10356,21358,9479,3164,6163,13750,10830,8335,6637,25466,48218,13052,2960,34508,10438,14881,7313,4592,5316,2992,b
1389,3107,1603,547,673,1711,1642,994,1216,748,3022,341,528,5075,1685,1326,551,16,0,12,b
16772,32846,14682,5069,9905,22162,14872,13140,10925,27377,57954,14166,4604,51442,16144,22732,10554,4607,5328,2998,b
3362,6210,2974,1101,1206,3810,3535,2262,2141,1565,5831,745,1491,10502,3470,3394,926,35,4,15,b
9725,20543,8862,2899,5870,13211,10836,7960,6343,24918,47134,12756,2818,33232,9957,14319,7041,4585,5313,2989,b
16726,32895,14744,5054,9865,22008,15045,13120,10943,27254,57768,14122,4588,51375,16235,22553,10636,4607,5328,2998,b
6330,8229,4928,1734,2414,6148,3092,3798,4522,2715,10087,1442,1185,16429,4669,3276,2226,35,2,26,b
1550,3365,1709,587,744,1857,1829,1112,1376,785,3276,363,563,5621,1864,1461,621,17,0,12,b
1684,3120,1377,482,617,1650,1468,746,564,485,2314,347,562,5143,1762,1467,513,22,0,2,b
14066,29874,12156,3928,8786,19538,13803,11566,9342,25927,53788,13482,4172,45670,13892,20473,9747,4580,5323,2988,b
24,84,23,2,4,29,45,7,1,10,31,4,4,103,37,37,9,0,0,0,b
158,127,120,43,16,121,30,75,48,229,232,98,8,328,86,126,28,0,0,0,b
3,8,13,2,0,4,7,6,2,0,8,0,0,23,15,4,0,0,0,0,b
464,1112,530,143,176,750,686,416,625,387,1401,190,36,2321,666,369,113,5,0,4,b
1145,1616,1174,510,520,1254,681,704,830,737,2174,317,306,3242,1088,711,320,16,0,12,b
3,8,13,2,0,4,7,6,2,0,8,0,0,23,15,4,0,0,0,0,b
647,1160,379,70,141,870,1137,370,754,131,833,64,216,1925,663,780,137,1,0,0,b
1047,2933,977,174,361,1323,2130,757,1082,320,2535,273,334,4055,1514,1542,470,1,0,0,b
415,1514,506,93,190,569,1001,407,418,82,935,50,236,2019,728,658,235,1,0,0,b
205,864,93,7,0,271,254,30,74,218,436,205,2,743,147,138,78,0,0,0,b
0,0,8,0,0,0,0,0,0,0,0,0,0,1,7,0,0,0,0,0,b
650,1158,367,69,133,875,1245,369,753,130,811,61,213,1915,652,764,139,1,0,0,b
14582,30415,12910,4213,8431,19507,14482,11590,9758,26330,55681,13811,4428,47334,14723,20245,9673,4596,5325,2994,b
8077,14387,7318,2754,4345,9974,6008,5851,5306,24948,45660,12732,1570,25536,7034,9286,4530,4597,5313,2993,b
20084,36265,17174,5947,11183,25113,15937,14853,12425,29552,62421,15180,5126,58474,18703,25284,11655,4623,5328,2998,b
15137,28905,13162,4639,8559,19553,13337,11568,9692,26929,55163,13912,4123,46512,14242,19616,9538,4607,5328,2997,b
7850,18308,7247,2140,5182,11334,9539,6879,5111,23963,44247,12333,2402,28537,8465,13238,6566,4552,5313,2975,b
18802,37434,16836,5696,11480,24863,17076,15014,12370,27888,60669,14505,5078,57750,18611,25777,12146,4624,5331,3002,b
12374,26988,11188,3663,7641,17000,13344,10140,7826,25853,51301,13431,4234,41619,13603,18396,8384,4592,5325,2992,b
33,103,42,1,4,41,56,15,0,21,30,17,4,147,53,37,20,0,0,0,b
11281,22653,10562,3637,6720,14675,11224,8999,7189,25518,49362,13073,3151,36891,11295,15874,7734,4602,5317,2992,b
2,5,9,0,0,0,7,5,0,0,0,0,2,14,7,1,1,0,0,0,b
10805,31594,9005,2460,6336,12449,19766,8285,8705,2860,17629,1740,4986,39495,15389,12619,6556,44,16,14,b
14999,30428,13215,4577,9285,20010,14400,12121,9353,26367,53831,13647,4523,46702,14710,21788,9972,4606,5327,2995,b
7223,14659,6518,2594,3836,9059,6767,5632,4622,24543,44983,12502,3664,23669,7259,9893,4551,4589,5317,2992,b
0,0,8,0,0,0,0,0,0,0,0,0,0,0,8,0,0,0,0,0,b
4293,8548,3230,1296,2033,5440,3952,3428,2880,23496,39450,11830,746,15224,3488,5897,2703,4576,5313,2982,b
6466,10783,3537,1623,2854,6986,4340,4449,2690,24319,40175,12227,1181,13405,4571,9826,2377,4577,5319,2983,b
371,1186,349,61,140,539,690,215,239,92,1333,200,103,1590,772,511,194,0,0,0,b
18,118,60,5,8,55,104,31,17,9,128,2,3,194,68,77,10,0,0,0,b
190,727,273,40,54,309,501,201,222,34,365,19,127,1077,392,379,96,0,0,0,b
37,82,50,11,12,55,57,33,25,4,98,3,1,133,43,62,12,0,0,0,b
5,9,10,0,0,10,8,7,1,0,27,0,0,37,7,3,0,0,0,0,b
21,150,29,5,3,38,87,12,16,1,4,1,0,195,73,28,9,0,0,0,b
0,0,7,0,0,0,1,0,0,0,0,0,0,3,7,0,0,0,0,0,b
3267,4624,3209,938,1119,4730,3778,2586,1632,5008,9000,2253,1859,7268,6494,1819,2343,18,2,0,b
6432,11327,4602,1719,2447,7854,4988,4954,4626,24612,43283,12426,1480,19454,5601,7921,3183,4715,5311,2984,b
57,186,46,11,10,71,186,41,16,0,88,0,49,274,107,63,54,0,0,0,b
2295,2892,2781,549,581,5724,833,1772,946,1762,8137,1045,748,6080,2369,4054,2462,37,1,3,b
589,865,238,91,121,323,933,289,518,49,449,13,201,1372,701,156,461,0,0,0,b
4281,7039,3167,1164,1931,4486,3158,2904,3137,1453,6692,762,1314,12288,3975,2324,2166,24,12,10,b
524,1402,438,132,310,706,671,592,504,282,847,192,279,1691,1049,518,378,3,2,0,b
1208,1582,1226,537,510,1374,709,785,859,1006,2231,431,304,3442,1046,766,346,14,3,12,b
1097,1570,1105,460,482,1155,725,612,810,699,2106,329,275,3243,986,664,329,14,0,12,b
85,331,41,8,27,66,88,42,9,9,144,16,281,270,80,236,3,0,0,0,b
18053,39020,16321,5162,11815,23832,18806,14391,12029,27150,59815,14131,5313,58021,19232,25135,12479,4616,5326,2997,b
927,1529,900,193,219,1955,940,425,279,391,2341,233,148,2586,1080,612,559,0,0,0,b
8606,28266,5384,2440,5143,15723,16114,12655,7813,4485,12329,3177,13979,31982,12867,13033,2234,76,26,33,b
1095,2785,1065,218,392,1437,1571,785,692,461,2440,262,590,4399,1571,1679,287,2,0,0,b
7385,16510,7104,2275,4682,10206,8714,6074,4944,24244,44649,12371,2396,26609,8015,11263,5713,4566,5311,2987,b
737,2540,986,144,326,887,1359,565,659,126,1643,115,365,3595,1187,913,409,1,0,0,b
2586,4641,2417,934,1030,2793,2241,1671,1827,23327,37774,11582,816,7699,2674,2173,818,4579,5310,2989,b
11665,23809,11426,3729,6424,14854,11170,8321,6406,26998,49956,14186,4314,36545,12676,15266,7671,4602,5320,2981,b
2075,6393,1182,206,656,1877,3707,960,942,512,4297,263,254,6837,2303,4004,1008,0,0,0,b
10819,28413,10055,3204,7624,13916,11238,9848,8035,25882,52170,13180,5113,41461,12794,12264,6623,4594,5337,2997,b
1632,3765,1826,603,778,1990,1908,1149,1411,23028,36879,11441,571,6109,2048,1608,614,4561,5310,2987,b
891,1552,728,317,241,1645,685,823,620,366,1708,315,605,2333,1023,829,316,10,0,2,b
667,2929,1004,166,716,959,1337,521,426,104,2292,65,326,3182,1778,1255,637,23,3,0,b
1098,3951,1272,291,521,1607,1961,886,831,248,1949,148,680,5238,1624,1528,486,4,1,3,b
12096,25573,12542,3983,6246,14530,12905,9234,7774,27900,57164,14547,4871,38973,14968,14708,7425,4623,5331,3003,b
20,56,13,0,3,34,175,25,15,1,5,3,0,92,36,9,0,0,0,0,b
3991,6561,2135,991,1540,4190,3079,2680,1848,23610,37806,11844,684,8878,2749,5611,1366,4576,5313,2982,b
2892,5266,2784,1047,1190,3160,2907,1969,1993,23523,38301,11700,909,8697,3195,2508,1124,4579,5313,2990,b
14222,27841,12438,4299,8179,18626,13685,11253,9501,26594,54879,13722,3948,44686,14134,18655,8936,4636,5322,2998,b
1857,4503,2038,671,844,2432,2554,1382,1561,899,3797,458,672,6939,2269,2129,995,18,0,12,b
3834,6336,2072,940,1497,3958,2654,2574,1773,23541,37373,11812,654,8527,2638,5502,1318,4576,5310,2978,b
7584,27836,5665,2243,5456,14278,17145,11287,7061,3998,12121,3436,22313,30782,11710,16370,2239,94,31,37,b
39,236,39,5,11,50,156,38,31,1,137,2,37,274,134,41,50,0,0,0,b
24368,58460,21394,6346,12480,29947,31878,17760,17011,30279,75384,15689,6981,83108,27587,32212,13124,4630,5344,2992,b
6381,14926,5995,1813,4202,9023,7937,5461,4161,23617,42579,12091,2102,23389,7032,10580,5369,4552,5311,2975,b
7733,15834,6742,2156,3585,9227,7506,6295,5993,25307,46729,12636,2338,23477,8655,8413,4370,4609,5332,2990,b
16295,29012,13807,4967,8527,20170,13159,12239,10468,27966,57335,14312,4013,47964,15054,19663,9244,4608,5326,3004,b
2059,3049,1818,768,733,1991,1684,1516,1323,1242,3413,612,544,5630,1877,1332,519,34,0,14,b
24361,58453,21388,6345,12480,29947,31869,17759,17006,30279,75374,15689,6977,83087,27580,32208,13124,4630,5344,2992,b
1204,2858,1395,466,596,1554,1625,891,1142,537,2643,267,486,4762,1552,1192,491,12,0,8,b
3578,4188,2515,1059,1097,3379,1096,2248,2670,1723,5758,830,398,8696,2548,1976,1004,48,4,11,b
11269,24929,10126,3277,7124,15726,12733,9289,7229,25182,49516,13006,3578,38381,11776,17701,8345,4570,5322,2990,b
8916,15849,8131,2912,4288,10355,7526,6858,6567,25806,49277,12897,2445,24991,9127,9341,4771,4607,5327,2998,b
15680,29974,13517,4877,8737,20155,14136,12053,10463,27079,56509,14000,4205,47797,15071,20228,9639,4634,5327,3000,b
9429,17943,8332,2988,5108,11751,8495,7189,6352,25144,48057,12885,2558,29516,9220,11444,5882,4592,5314,2991,b
2433,9356,3249,713,1029,3202,5196,1631,2144,23273,42347,11740,1092,14130,4368,3682,1001,4561,5311,2987,b
782,1870,591,189,370,915,911,697,588,331,1206,272,313,2296,1327,721,508,4,3,0,b
1569,3424,1789,601,734,1953,1827,1123,1394,816,3419,384,566,5558,1919,1681,632,16,0,12,b
618,2419,823,122,291,1053,1679,676,689,233,1375,177,419,3462,1195,1122,341,0,0,0,b
11218,19616,7160,2920,5305,12608,8281,8094,6137,25695,47337,13038,2932,24639,9573,15266,5368,4602,5326,2983,b
1040,1731,1080,149,193,1261,1748,880,718,843,2458,432,667,2822,2427,988,979,5,0,0,b
4,23,27,0,1,34,5,1,4,2,20,2,4,41,16,6,7,0,0,0,b
31,71,36,1,3,30,27,7,9,18,64,11,13,142,45,16,3,0,0,0,b
490,767,146,6,4,2855,557,385,106,2525,2219,657,1299,1067,160,764,53,0,0,0,b
171,622,246,28,50,261,481,190,217,28,324,16,101,903,330,327,100,0,0,0,b
1026,1760,1159,453,493,1160,871,611,805,691,2222,303,290,3588,1062,700,329,14,0,12,b
7516,16615,7168,2303,4721,10247,8773,6122,5073,24308,44899,12404,2375,26880,8114,11339,5725,4567,5311,2987,b
2,20,17,2,3,9,10,4,1,1,14,0,0,32,17,12,4,0,0,0,b
553,1717,598,126,197,645,1020,437,442,86,970,49,270,2495,956,704,356,2,0,0,b
171,748,182,30,49,256,584,192,217,24,443,22,100,1213,285,309,95,0,0,0,b
2294,5897,2047,495,922,2977,3651,1603,1340,3161,8213,1589,894,8637,3410,2955,850,4,0,1,b
1182,2045,1282,499,557,1418,981,766,950,891,2733,384,389,3902,1276,841,429,15,0,12,b
999,1996,753,198,216,982,1397,708,921,526,1806,201,327,3429,1132,992,320,10,0,4,b
72,103,109,9,24,133,71,85,57,58,187,76,34,300,120,52,25,0,0,0,b
7,15,19,2,2,4,7,1,2,1,3,1,1,24,20,4,3,0,0,0,b
11381,23903,10114,3376,6932,15489,12276,9322,7231,25363,49196,13046,3602,37570,11672,17078,7893,4585,5319,2992,b
1067,2409,706,379,645,1692,1184,855,643,993,1365,602,294,3322,1533,1371,518,82,3,2,b
11822,25261,10391,3422,7291,16173,13116,9623,7540,25382,49660,13066,3781,38997,12124,17936,8539,4587,5322,2991,b
1821,3463,1307,498,477,1762,1683,1262,1274,23132,36267,11407,430,5889,1690,1478,488,4575,5313,2984,b
990,1651,499,192,136,963,1175,619,596,519,926,307,233,2818,732,778,515,1,0,0,b
13113,27900,11537,3854,7945,17642,15076,10715,8506,25772,51599,13336,4165,43226,13708,18839,9967,4595,5329,2993,b
651,1126,372,72,133,867,1232,365,753,140,815,69,211,1889,643,767,137,1,0,0,b
6609,11193,3921,1735,2901,6734,3995,4275,2623,2171,6816,1325,1557,14521,5346,8665,2147,56,9,9,b
11362,24243,10162,3302,7018,15606,12704,9322,7261,25332,49427,13029,3655,37700,11889,17275,8122,4584,5319,2991,b
11,73,40,9,2,19,51,10,4,6,48,6,3,101,50,42,3,0,0,0,b
244,738,265,41,51,287,622,208,286,46,353,24,129,1043,385,400,127,1,0,0,b
11953,25176,10533,3551,7187,16234,12885,9712,7522,25565,50821,13296,3675,39320,12555,17641,8179,4585,5322,2993,b
5451,15046,4275,1554,4034,6121,4313,5317,4238,2630,10337,1245,3660,21006,6312,3411,2401,43,25,21,b
5451,15046,4275,1554,4034,6121,4313,5317,4238,2630,10337,1245,3660,21006,6312,3411,2401,43,25,21,b
5451,15046,4275,1554,4034,6121,4313,5317,4238,2630,10337,1245,3660,21006,6312,3411,2401,43,25,21,b
176,341,97,22,9,164,198,117,114,142,304,80,12,543,140,110,124,0,0,0,b
3150,5311,2706,964,1203,3841,2526,2085,2521,1336,5782,659,681,9485,2866,1994,1462,28,0,14,b
1563,4552,1132,224,397,2230,3106,1368,1519,424,3245,355,753,6885,1859,1942,768,5,0,1,b
236,654,131,24,33,404,367,93,147,19,335,15,8,892,125,315,71,0,0,0,b
681,1848,381,73,125,693,1708,426,534,86,731,67,284,2841,799,330,235,0,0,0,b
3846,6487,2126,951,1511,4033,2863,2594,1778,23547,37494,11821,677,8790,2723,5520,1315,4577,5310,2978,b
10496,23689,10443,3275,5859,13018,12103,8799,7427,25746,52760,12924,4156,33928,12426,14448,6475,4611,5330,2999,b
406,558,376,132,140,593,199,145,155,363,1101,254,63,1155,375,236,135,0,0,0,b
5063,8509,4794,1480,1879,6816,4535,3780,2749,7363,15141,3148,2554,14254,7626,3463,2629,32,25,4,b
7878,15032,6894,2525,4477,9793,7713,6318,4967,24554,44762,12559,2433,24712,7983,10669,5266,4590,5314,2990,b
9083,23254,8024,2489,6265,12614,12756,7814,6072,24233,46875,12449,2752,33749,10628,14208,7726,4558,5313,2975,b
612,1862,734,127,266,1157,1106,723,596,22499,35049,11208,197,3029,972,1285,434,4423,5310,2975,b
736,2539,986,144,326,887,1359,565,657,126,1643,115,365,3593,1187,913,409,1,0,0,b
6028,12382,4890,1921,2687,7194,5968,3875,3467,3366,9236,2118,2018,18059,7006,6687,2200,150,12,27,b
7091,18435,6297,1698,3366,9043,9881,5946,5418,25402,48067,12830,3350,25458,9349,10119,4331,4598,5327,2987,b
17306,40876,11064,5392,13438,22462,22634,15282,12929,7703,33262,3648,9025,50535,18331,13765,12662,160,119,29,b
169,709,523,34,44,233,616,199,222,29,402,14,106,1251,719,319,89,0,0,0,b
6,16,26,4,0,8,18,12,4,0,16,0,0,46,30,8,0,0,0,0,b
3,7,10,2,0,6,4,3,4,0,4,0,0,14,12,2,0,0,0,0,b
1550,3365,1709,587,744,1857,1829,1112,1376,785,3276,363,563,5621,1864,1461,621,17,0,12,b
42,139,65,5,4,56,208,31,40,6,139,11,44,308,68,11,7,0,0,0,b
51,171,72,6,27,120,232,86,19,3,181,3,62,318,88,56,8,0,0,0,b
15,48,26,6,12,26,18,11,3,1,46,3,0,56,32,34,2,0,0,0,b
1387,2979,1584,549,652,1683,1624,982,1194,709,2862,326,527,4978,1667,1324,549,17,0,12,b
11538,22771,10465,3568,6644,15141,10972,9099,7764,25768,50590,13235,3006,37682,11206,15248,7672,4599,5316,2993,b
871,1837,640,110,232,1373,3208,604,953,305,2594,238,215,3610,1103,1047,223,1,0,0,b
11538,22771,10465,3568,6644,15141,10972,9099,7764,25768,50590,13235,3006,37682,11206,15248,7672,4599,5316,2993,b
8575,17484,7885,2729,4975,11160,9088,6737,5478,24717,45923,12620,2582,28830,8793,11889,6007,4585,5314,2990,b
9888,19165,8874,3145,5322,12262,9894,7592,6678,25221,48798,12951,2981,31593,9694,12234,6736,4592,5314,2991,b
2400,2908,2013,933,821,2271,1457,1392,1336,1276,4069,601,489,5902,1928,1476,667,33,3,15,b
171,569,208,36,44,238,476,201,223,29,279,14,106,842,304,306,89,0,0,0,b
190,630,200,28,50,257,486,223,221,25,315,14,101,951,311,299,103,0,0,0,b
9908,20627,8957,3016,5942,13349,10502,8114,6388,25027,47312,12804,2840,33344,10042,14425,7121,4585,5316,2990,b
7457,16206,7216,2348,4531,10209,8587,6004,5087,24863,45280,12778,2689,25627,8367,11036,5394,4567,5311,2987,b
648,1158,390,71,134,861,1164,364,753,130,799,61,211,1975,682,776,138,1,0,0,b
962,1403,1056,452,455,1076,659,564,752,623,1943,276,267,2918,904,633,303,14,0,12,b
1540,3335,1706,581,740,1844,1942,1099,1364,785,3413,363,562,5556,1859,1446,608,17,0,12,b
4320,8138,3428,985,1337,4889,4196,3221,3837,1754,9097,987,833,14603,4158,3387,1606,36,1,9,b
12010,24911,10388,3605,7290,16272,12554,9763,7529,25518,49642,13128,3706,38900,11952,17751,8393,4588,5325,2993,b
4481,11933,5249,1308,3212,5645,10688,3477,3638,2030,7634,1238,10480,15495,9077,6673,2682,106,0,12,b
2225,4109,2151,764,866,2383,1963,1384,1631,23241,37279,11527,632,6907,2269,1848,678,4578,5310,2988,b
7876,16259,7501,2620,4950,10286,7428,6029,5294,24561,45326,12510,2208,25938,8286,10395,5022,4583,5314,2990,b
9200,20805,8730,2696,5802,12862,10767,7672,6104,24691,47231,12682,2737,33028,9933,14412,7091,4567,5313,2987,b
2444,5820,2207,689,911,2697,3883,1655,2117,897,4357,450,877,9131,2826,1984,1022,17,0,12,b
34,165,68,8,24,39,55,32,7,5,99,5,11,231,89,48,25,0,0,0,b
5121,9424,4331,1849,2552,6340,4275,3823,3197,23863,40626,12068,1073,16831,4323,6426,3067,4580,5313,2990,b
1763,3972,2025,648,803,2066,2148,1188,1404,808,3890,399,567,6459,2218,1830,757,16,0,12,b
562,1490,465,137,319,738,728,598,510,284,929,193,296,1789,1084,587,389,3,2,0,b
16015,30330,13999,4993,9177,20617,13960,12297,10708,27163,56889,14041,4310,48783,15195,20775,9881,4617,5327,2998,b
1540,3335,1706,581,740,1844,1942,1099,1364,785,3413,363,562,5556,1859,1446,608,17,0,12,b
7796,14105,6975,2621,4156,9698,6086,5698,5115,24755,45408,12617,1469,24979,6809,9082,4506,4590,5313,2991,b
11686,18984,6503,2876,4728,12114,6925,7399,5346,3840,15012,2315,2937,25756,8769,14380,3593,50,14,10,b
15344,30769,13177,4526,9233,20470,14224,12233,10012,26646,55269,13822,4391,47739,14754,21256,9955,4603,5326,2996,b
366,1344,116,65,243,386,747,314,223,43,278,30,222,1882,655,246,169,0,0,0,b
7,182,67,2,49,49,737,25,14,0,85,0,2,240,92,24,7,0,0,0,b
2,15,15,0,0,19,11,3,2,0,4,3,0,25,14,9,0,1,0,0,b
25,121,72,8,3,33,44,22,2,18,50,14,0,230,74,10,12,0,0,0,b
2201,6567,1002,724,1820,2046,1675,1928,842,427,2274,212,711,8298,2645,2020,841,4,0,49,b
55,175,55,10,10,50,125,38,29,3,48,8,1,246,83,24,36,0,0,0,b
8354,17339,7729,2723,4687,10512,7557,6206,5057,24929,45468,12789,2422,28087,8914,10579,4688,4608,5316,2991,b
8357,17405,7718,2721,4695,10522,7759,6207,5060,24937,45447,12795,2416,28125,8922,10604,4691,4608,5316,2991,b
2106,2985,1445,505,413,1975,1330,1333,1233,23353,36846,11558,337,5451,1700,1380,451,4547,5312,2979,b
12020,23653,10857,3664,6912,15613,11260,9470,8098,26087,51324,13385,3161,39067,11713,15570,7999,4603,5316,2995,b
18539,38958,16627,5530,11557,24975,17903,15050,11976,27783,60184,14535,5595,58986,19437,25788,12047,4634,5335,3002,b
15010,30580,13307,4587,9296,20163,14739,12098,9359,26354,54125,13636,4522,47011,14916,21823,10093,4606,5327,2995,b
1545,3321,1699,584,738,1840,1792,1099,1374,785,3257,363,563,5572,1856,1445,593,17,0,12,b
200,702,317,72,139,385,538,163,236,50,512,59,191,1046,537,336,102,1,1,0,b
15018,30781,13379,4604,9341,20087,14510,12110,9369,26354,54174,13636,4522,47417,15062,21838,9972,4606,5327,2995,b
19373,38487,15841,5699,11130,23477,19384,14545,12982,27833,60038,14377,5686,57691,19221,22918,13509,4609,5337,3001,b
7542,11896,6711,2580,3094,7937,4642,4623,5019,25277,45745,12713,1831,20609,6823,6077,2612,4608,5315,2995,b
2734,5095,2579,1020,1354,3103,1995,1778,1650,1234,4437,685,1048,8322,3283,2242,945,39,4,14,b
3627,5980,1934,904,1349,3781,2592,2472,1777,23505,37288,11769,590,8250,2439,5048,1236,4577,5310,2978,b
718,2509,958,140,316,869,1344,551,635,118,1584,107,352,3512,1159,900,409,1,0,0,b
991,3407,1268,176,428,1116,1766,713,839,137,2023,121,552,4638,1583,1184,602,1,0,0,b
4419,9076,3836,1308,1975,6065,4792,2918,2868,3526,8014,1715,1383,14130,4935,4209,1955,94,0,12,b
3823,5554,2084,968,1152,3915,2606,2616,1865,23686,37777,11847,689,8162,2778,4953,1379,4675,5313,2983,b
823,2753,539,87,244,1224,1730,501,540,203,1743,131,401,3301,1201,1035,436,5,0,0,b
15039,31199,13541,4618,9375,20176,14594,12135,9393,26354,54451,13636,4522,48076,15375,21978,9966,4606,5327,2995,b
17,52,15,0,5,4,348,1,10,0,11,2,0,92,22,3,0,0,0,0,b
1099,1590,1191,473,506,1175,698,629,826,709,2182,321,274,3301,1022,705,316,14,0,12,b
53,175,72,21,7,341,89,82,14,1,10,0,113,154,107,59,0,1,0,0,b
2195,5584,1841,586,1125,2835,3095,1554,1413,23565,37119,11932,922,7131,3113,2893,1438,4629,5313,2977,b
2600,8017,2247,418,838,5398,3980,2081,2814,5629,18815,2680,879,11088,3369,3925,1098,26,11,4,b
9702,18852,8330,3051,5408,12074,8590,7643,6624,25401,48271,13072,2904,30275,9917,11596,6047,4598,5323,2991,b
169,595,222,37,50,422,968,214,222,29,297,15,129,938,358,307,89,0,0,0,b
12067,25624,10463,3577,7643,16898,12812,9787,7493,26361,50620,13786,3833,39690,13011,18281,8470,4659,5322,2992,b
0,20,54,0,0,1,19,2,0,0,26,0,0,66,54,9,0,0,0,0,b
3,10,12,2,1,5,11,1,2,0,12,0,0,26,13,6,0,0,0,0,b
19,84,17,0,2,27,51,5,8,0,24,0,2,73,28,26,30,0,0,0,b
915,3568,1018,262,813,1197,1155,997,685,213,1684,130,703,3429,2116,734,1394,0,1,0,b
1698,2098,1498,649,608,1619,879,907,1135,904,2760,393,338,4348,1344,1006,416,32,0,13,b
774,2177,435,74,153,779,1870,487,629,95,882,76,319,3023,898,389,385,0,0,0,b
241,769,225,34,52,366,2416,207,273,65,330,18,152,1158,364,404,119,1,0,0,b
758,1525,849,360,331,962,858,435,636,418,1719,194,204,2739,785,659,390,7,0,6,b
1704,4216,2019,605,848,2080,2819,1251,1447,800,3561,362,713,6454,2370,1828,950,16,0,12,b
2869,5919,2449,847,1386,3331,2661,2105,1835,1102,4894,648,1134,8630,3728,2591,1063,62,6,4,b
111,143,220,25,37,230,113,35,53,146,292,136,34,252,116,175,45,0,0,0,b
11125,25340,10573,3320,6749,14962,13041,9093,7297,25375,50679,13058,3890,39353,12121,17177,7678,4593,5316,2992,b
13256,27390,13450,4317,6810,15812,13673,10015,8405,28132,58650,14662,5154,41731,15875,16103,7940,4635,5332,3003,b
8697,25156,6630,2493,7506,10529,5760,9256,7726,4167,17263,2017,4469,34890,9456,4335,3881,79,34,35,b
192,635,233,34,47,239,520,201,245,31,293,18,137,928,337,316,109,0,0,0,b
35,37,42,3,4,39,50,32,20,1,10,2,6,106,52,16,16,0,0,0,b
27,100,64,6,6,59,48,35,22,21,101,20,1,190,58,41,14,0,0,0,b
1094,3041,964,181,184,1643,2354,876,749,423,3637,410,239,4902,1525,2151,437,0,0,0,b
12096,25573,12542,3983,6246,14530,12905,9234,7774,27900,57164,14547,4871,38973,14968,14708,7425,4623,5331,3003,b
595,2018,703,116,148,1031,1403,587,498,200,1950,185,215,3061,1095,1037,286,0,0,0,b
979,1421,457,327,547,1328,785,586,435,1037,1075,659,236,2122,977,1041,404,76,0,0,b
1721,2077,1502,647,606,1671,852,905,1131,911,2758,399,342,4313,1338,1022,412,33,0,13,b
47,123,51,1,4,27,53,10,2,1,106,1,0,205,56,23,4,0,0,0,b
677,1827,376,70,119,684,1701,407,537,88,757,68,264,2817,792,300,239,0,0,0,b
4673,7845,4604,1877,2328,5106,3056,3136,2832,2167,7399,1144,1518,13184,4984,4038,1672,63,10,19,b
6238,9733,3542,1508,2569,6535,3744,4229,3014,24384,40517,12309,888,13568,4142,8323,2224,4582,5314,2982,b
1019,2257,705,286,577,1107,3972,1034,768,636,1424,145,864,2862,1596,753,884,2,0,1,b
253,808,278,45,54,307,645,217,287,51,376,26,141,1063,396,480,134,1,0,0,b
14426,30817,12576,4056,8922,19962,14194,11743,9547,26206,54617,13606,4300,47108,14361,20869,9899,4584,5323,2992,b
14426,30812,12578,4056,8920,20006,14191,11735,9554,26206,54640,13606,4298,47112,14357,20885,9899,4584,5323,2992,b
15291,31140,13335,4717,8431,19647,14586,11594,9772,26859,56222,13858,4035,48903,15064,19959,9572,4606,5327,2998,b
8898,18750,7954,2709,5462,11123,9501,7082,5827,24721,46405,12659,2949,28620,9850,12152,6003,4588,5314,2990,b
1091,1655,1202,499,529,1203,739,646,891,684,2267,313,291,3374,1069,740,352,15,0,12,b
1111,1881,1304,512,563,1336,892,683,898,743,2447,377,302,3708,1189,810,371,15,0,12,b
8325,27780,5307,2388,5092,15489,15878,12456,7620,4463,12034,3165,13729,31446,12662,12862,2042,76,26,33,b
5397,7728,4888,2009,2125,5638,2790,3334,3911,24702,42740,12306,1035,13855,4688,3832,1756,4597,5315,2995,b
8940,20102,8414,2627,5723,12573,10307,7547,6011,24657,46586,12650,2683,32010,9565,14070,6906,4567,5313,2987,b
14755,28074,12836,4618,8378,19083,13150,11342,9652,26823,54578,13840,3991,45026,14033,19470,9311,4606,5327,2998,b
10788,24068,10013,3219,6699,14747,11765,8841,7001,25361,49295,13100,3529,37673,12048,15815,7586,4593,5319,2989,b
4,5,12,2,0,5,4,3,1,0,8,0,0,16,14,3,0,0,0,0,b
119,581,222,21,56,230,522,114,105,60,140,39,141,688,223,375,147,1,0,0,b
720,2522,963,140,319,878,1349,552,637,126,1592,115,363,3532,1168,900,408,1,0,0,b
3487,6105,3402,1137,1398,4119,2248,2319,2837,23818,40335,11889,699,11000,3306,2364,1275,4576,5310,2989,b
8696,18732,7779,2509,4760,10982,9507,6671,5596,24826,47326,12734,3160,29492,9413,12595,5419,4587,5311,2988,b
650,1158,367,69,133,875,1245,369,753,130,811,61,213,1915,652,764,139,1,0,0,b
2637,4563,2509,997,1023,2824,2231,1756,1814,23395,37747,11595,796,7774,2686,2156,824,4579,5313,2990,b
779,2893,1026,166,386,1143,1858,844,866,221,1858,136,463,3968,1467,1462,388,3,1,0,b
807,2517,942,191,302,1125,1346,722,732,22433,35170,11196,341,3411,1280,1173,365,4548,5311,2975,b
1204,2890,887,218,288,1326,1843,819,957,572,2465,241,390,4583,1440,1212,472,10,0,4,b
361,579,288,69,106,483,346,168,150,108,586,76,137,1154,314,184,209,0,0,0,b
360,783,200,45,50,372,246,106,15,247,770,256,66,1154,373,343,50,0,0,0,b
795,1865,524,63,182,769,2684,336,547,109,1543,120,173,2800,1104,892,346,0,0,0,b
15,11,14,3,8,15,11,21,4,7,11,4,1,46,24,4,2,0,0,0,b
270,852,312,49,77,323,664,256,302,65,688,29,104,1380,418,401,178,0,0,0,b
2010,4169,1871,581,701,3879,2577,2054,1540,22947,37613,11650,1132,6404,2592,2546,915,4568,5310,2977,b
201,686,231,37,57,385,563,236,228,38,378,31,103,1032,309,336,102,0,0,0,b
125,450,208,22,57,147,215,75,80,22,296,30,59,643,210,120,101,0,0,0,b
8853,21352,8515,2313,5753,12843,10709,7772,5963,24429,46392,12601,3028,32502,9778,14786,7326,4553,5313,2975,b
120,61,40,0,0,309,256,10,96,53,1188,30,0,538,41,8,0,0,0,0,b
1179,3499,744,117,251,1247,2587,602,907,163,2597,142,395,4761,1507,1516,739,0,0,0,b
2699,4610,2493,1004,1043,2883,2190,1775,1835,23536,37849,11638,735,7745,2711,2198,863,4579,5313,2990,b
230,778,239,37,67,323,567,221,237,56,387,44,102,1182,382,347,100,0,0,0,b
655,1169,396,71,135,895,1633,373,758,130,802,61,231,1965,668,772,161,1,0,0,b
11539,22694,10418,3568,6637,15113,10931,9100,7765,25768,50553,13235,3006,37556,11173,15230,7672,4599,5316,2993,b
7992,14973,5454,1986,3455,10192,7655,6544,3776,24475,43072,12566,2615,16359,8106,14160,4746,4956,5324,2979,b
1370,3149,814,134,244,1394,2278,567,916,243,3275,110,246,5153,1315,1366,718,1,0,0,b
30,135,51,13,12,72,73,21,17,0,109,0,0,187,70,8,57,0,0,0,b
2036,1607,1795,1810,1078,831,653,510,302,23,183,16,280,953,517,4733,96,0,0,0,b
0,0,8,0,0,0,0,0,0,0,0,0,0,0,7,0,0,0,0,0,b
0,0,8,0,0,0,0,0,0,0,0,0,0,0,7,0,0,0,0,0,b
0,0,8,0,0,0,0,0,0,0,0,0,0,0,7,0,0,0,0,0,b
0,0,8,0,0,0,0,0,0,0,0,0,0,0,7,0,0,0,0,0,b
280,753,325,39,51,535,709,204,427,62,584,36,125,1156,462,404,133,58,0,0,b
2900,5003,2602,888,1086,3374,1841,1705,2264,1286,5667,701,637,9373,2442,1658,1046,21,0,10,b
5380,9133,3132,1310,2372,5706,3875,3681,2224,23924,39039,12050,883,11765,3854,8139,2116,4576,5313,2982,b
10496,23689,10443,3275,5859,13018,12103,8799,7427,25746,52760,12924,4156,33928,12426,14448,6475,4611,5330,2999,b
2003,4089,1692,600,909,2242,1570,1345,1020,935,2870,565,939,6060,2545,1807,665,25,6,2,b
22,110,41,6,6,54,63,32,16,21,41,6,18,139,61,29,5,0,0,0,b
8,34,22,4,0,20,20,10,7,0,45,0,0,77,28,12,3,0,0,0,b
48,170,72,11,7,76,97,57,41,1,120,1,4,273,126,47,12,0,0,0,b
234,716,285,39,51,278,619,203,278,50,364,29,125,1032,401,398,118,1,0,0,b
260,770,310,33,83,363,500,174,95,81,582,49,119,1050,476,284,306,0,0,1,b
158,422,138,26,44,104,377,74,156,1,450,1,5,749,147,69,94,0,0,0,b
24,64,104,16,0,32,72,48,16,0,64,0,0,184,120,32,0,0,0,0,b
7460,13137,6414,2532,3745,9046,5318,5347,4849,24659,44710,12551,1338,23375,6187,8468,4235,4590,5313,2991,b
8386,17383,6829,2346,4687,10364,9297,6904,5387,24494,46027,12516,3226,26592,8947,11730,5979,4591,5317,2983,b
369,917,484,54,58,753,709,561,328,1056,1735,557,166,1431,495,591,134,1,0,0,b
1751,2753,1581,642,672,1831,1289,957,1292,890,3105,479,362,5247,2132,1138,353,16,68,13,b
1524,5362,2215,366,1476,1529,2291,970,900,415,3038,188,1501,4711,3533,1909,2237,9,4,3,b
1138,2173,1227,504,530,1479,1007,821,893,2830,6099,1024,296,3802,1115,1110,356,15,0,12,b
1038,1536,1066,455,466,1136,692,580,755,624,2043,278,267,3063,936,738,312,14,0,12,b
211,340,86,16,11,107,261,33,1,147,320,60,4,500,160,309,14,0,0,0,b
197,1115,179,32,71,3969,4779,233,249,69,591,32,124,1358,588,595,103,0,0,0,b
2360,5401,2047,616,816,2304,3305,1294,1706,891,4741,471,1263,8188,2523,1827,1894,17,0,12,b
0,0,6,0,0,0,1,0,0,0,0,0,0,2,6,0,0,0,0,0,b
2065,2349,1759,873,759,1991,980,1239,1277,1057,3093,467,433,4878,1636,1203,554,33,3,15,b
2236,4128,2173,762,873,2400,1983,1394,1640,23247,37331,11530,632,6948,2312,1856,698,4578,5310,2988,b
2,8,15,1,1,3,1,1,1,0,15,0,0,25,14,1,0,0,0,0,b
452,1552,454,89,136,663,943,384,418,22307,34251,11113,243,2028,730,762,195,4418,5310,2975,b
8629,29560,5843,2489,5548,16250,17127,12777,7788,4554,12542,3243,14280,33556,13743,13161,2230,82,28,33,b
216,824,237,46,59,322,607,216,237,86,460,41,106,1004,349,501,95,0,0,0,b
132,498,231,21,62,163,225,85,102,22,354,30,58,708,226,128,121,0,0,0,b
57,186,46,11,10,71,186,41,16,0,88,0,49,274,107,63,54,0,0,0,b
697,615,1149,345,324,928,184,414,299,736,959,590,269,1540,754,410,329,1,0,0,b
15,15,37,1,1,24,12,8,6,14,28,11,0,46,18,15,20,0,0,0,b
73,233,157,19,41,208,141,65,74,114,496,105,108,493,201,158,47,0,0,0,b
9676,21782,9527,2965,5239,11796,11320,8079,6851,25598,51288,12855,3834,31342,11516,13082,5989,4611,5329,2999,b
8356,17410,7722,2721,4695,10524,7637,6205,5060,24931,45445,12793,2416,28129,8925,10606,4691,4608,5316,2991,b
6282,12553,5841,2087,3613,8099,5807,4748,3886,24106,42257,12262,1377,21553,5944,8432,3915,4583,5310,2989,b
9744,20721,8899,2901,5886,13207,10823,7972,6348,24919,47288,12759,2819,33424,10056,14391,7051,4585,5313,2989,b
2067,3588,2673,793,872,3425,6298,1219,991,1270,3211,943,823,5955,2454,1767,964,41,3,0,b
648,1526,357,83,145,835,1154,395,647,88,563,48,129,2113,588,697,345,0,0,0,b
1531,2752,1126,502,876,1959,1091,961,678,1242,1928,795,465,4026,2070,1755,710,92,3,2,b
472,1858,1154,211,189,981,1163,577,478,80,1200,49,236,3193,1371,719,291,1,0,0,b
125,453,218,22,57,152,215,76,83,22,312,30,59,650,214,122,109,0,0,0,b
2141,6668,3009,646,1045,3280,4728,1643,1709,809,4941,400,907,10399,3621,2582,2127,14,0,12,b
20,72,25,3,7,35,19,7,9,12,38,6,7,64,37,30,31,0,0,0,b
11330,25020,10643,3189,7086,16775,13950,9801,7503,26996,51440,13988,4554,39942,15052,16541,9162,4660,5327,2982,b
54,68,35,1,1,90,19,16,12,58,62,37,2,105,71,67,9,0,0,0,b
13256,27390,13450,4317,6810,15812,13673,10015,8405,28132,58650,14662,5154,41731,15875,16103,7940,4635,5332,3003,b
1089,1667,1169,485,524,1224,745,654,900,705,2280,320,283,3396,1075,736,344,15,0,12,b
1389,4313,874,213,329,1640,2769,809,851,194,2219,156,861,6701,1642,1514,678,3,0,0,b
1,9,12,0,2,38,22,3,2,0,0,0,0,13,13,2,0,0,0,0,b
796,1468,945,366,380,987,659,466,685,443,1862,211,214,2976,850,567,273,9,0,7,b
10547,19084,9735,3369,5246,12243,9049,8214,7734,26240,51927,13144,2803,30050,10759,11342,5902,4622,5330,3002,b
9676,21782,9527,2965,5239,11796,11320,8079,6851,25598,51288,12855,3834,31342,11516,13082,5989,4611,5329,2999,b
6,95,16,0,4,7,22,0,3,0,38,0,23,60,15,10,0,0,0,0,b
298,1310,283,39,91,309,896,169,292,8,802,11,42,1994,445,268,116,0,0,0,b
171,618,276,26,85,197,272,102,133,26,480,38,108,923,270,158,99,0,0,0,b
415,1520,508,94,190,573,941,398,413,80,856,49,231,1975,730,651,250,1,0,0,b
2766,4871,2658,941,1123,3325,1861,1843,2357,1151,5895,606,547,9142,2511,1806,1048,22,0,10,b
594,1818,675,141,237,823,930,450,466,82,1563,51,273,2598,975,935,233,1,0,0,b
3237,7104,2773,908,1520,3836,3319,2317,2071,1202,6187,848,1242,10195,4481,3085,1253,62,6,4,b
14993,30439,13239,4579,9296,19989,14429,12094,9351,26354,53875,13636,4522,46786,14784,21781,9966,4606,5327,2995,b
10590,16884,6431,2803,4149,10870,6717,7132,5550,26088,46934,13146,2108,24211,7959,12903,3753,4597,5324,2985,b
1928,2219,740,297,474,1310,954,880,751,465,2551,397,455,3807,1717,904,508,4,3,0,b
1679,4215,1994,611,878,2121,2013,1225,1403,23064,37582,11477,598,6984,2243,1868,618,4561,5310,2987,b
5315,7924,4534,1895,2197,6154,6199,3367,3435,2292,8662,1248,1306,14240,5014,3449,1623,66,9,18,b
3763,6575,2013,932,1391,3897,2859,2598,1896,23607,37626,11794,601,9058,2721,5189,1320,4577,5310,2979,b
4717,8921,4508,1595,2505,5362,4422,3383,3862,1800,8449,894,1662,13435,5362,4210,2038,77,4,19,b
1803,3913,1543,537,629,1915,2776,1083,1424,722,2917,358,620,6292,1941,1145,754,14,0,12,b
1498,5562,2319,513,1228,2567,2403,2003,1237,472,3358,375,911,7838,2866,1229,1781,11,5,0,b
3003,6228,2775,784,1258,3489,2875,2280,2736,1340,6320,643,712,10565,3220,2432,1393,27,1,9,b
4,28,24,1,2,8,14,7,7,1,51,1,0,58,27,5,2,0,0,0,b
12479,28913,11635,3680,7649,14732,14453,9788,8549,25820,52336,13370,6251,43737,15590,15059,9203,4605,5321,2996,b
1550,3365,1709,587,744,1857,1829,1112,1376,785,3276,363,563,5621,1864,1461,621,17,0,12,b
12344,23721,9484,3925,7228,12706,5559,9812,8952,5696,21982,2859,3769,35513,11426,7257,5193,112,27,40,b
1,7,11,0,0,1,6,0,1,0,0,0,0,9,12,2,0,0,0,0,b
13576,28417,9545,3402,7837,15837,20817,10066,8034,26181,51979,13295,4375,33020,13939,19586,10954,4604,5327,2984,b
413,1430,234,28,28,203,551,233,219,0,811,0,0,1727,271,366,275,0,0,0,b
126,340,85,14,51,193,211,93,43,2,282,1,16,439,256,102,68,0,0,0,b
1781,3719,1518,529,637,1920,2657,1082,1441,756,2936,360,594,6157,1842,1050,706,14,0,12,b
650,1158,367,69,133,875,1245,369,753,130,811,61,213,1915,652,764,139,1,0,0,b
417,646,104,6,23,528,1017,27,249,165,616,57,816,1368,434,152,188,0,0,0,b
193,339,174,38,57,192,151,101,71,109,300,67,61,558,242,123,134,0,0,0,b
160,401,188,22,37,196,266,121,131,215,456,173,10,608,243,231,41,0,0,0,b
173,579,211,36,46,247,479,202,225,29,289,14,107,851,314,309,92,0,0,0,b
173,579,211,36,46,247,479,202,225,29,289,14,107,851,314,309,92,0,0,0,b
1429,3149,1646,548,694,1759,1689,1042,1271,794,3131,347,554,5301,1750,1349,564,16,0,12,b
3129,3923,3659,1269,1201,3372,1796,1522,1148,1943,3478,1219,1160,6757,2870,2081,1588,25,2,4,b
1154,3801,1503,352,820,2180,2524,1180,1038,835,2981,503,545,5031,2183,2237,584,1,0,0,b
179,311,21,1,3,167,95,13,0,64,569,73,0,652,189,41,14,0,0,0,b
1104,1697,1226,503,530,1229,763,656,906,687,2377,313,292,3502,1093,749,355,15,0,12,b
11967,18293,10898,3836,6906,14911,0,8841,7300,4120,17674,2434,2658,30480,11884,13714,4212,75,12,23,b
1091,1657,1201,500,529,1205,738,646,891,684,2269,313,291,3378,1067,739,352,15,0,12,b
8044,12374,7888,2972,3323,8519,5110,4538,3818,4255,11458,2416,2878,20717,8253,6600,3005,87,8,36,b
688,3296,773,115,297,895,1452,523,544,187,1708,90,575,4101,1166,1032,498,2,0,0,b
2471,3902,2174,821,960,2867,1221,1523,1975,1093,5012,573,321,7467,1896,1217,1009,21,0,10,b
52,198,50,9,20,46,83,27,12,7,102,16,2,201,61,60,65,0,0,0,b
36,229,106,13,18,71,245,33,24,17,147,8,7,348,132,107,33,0,0,0,b
540,1599,546,107,207,596,946,394,427,94,1074,78,239,2041,737,853,254,1,0,0,b
420,603,261,86,63,353,399,245,421,318,909,115,32,1450,390,285,31,4,0,4,b
440,1729,638,104,192,645,879,345,559,270,1649,129,44,2721,828,432,440,4,0,4,b
919,2059,387,87,191,1059,1007,677,583,20,472,33,267,2575,864,645,494,2,0,0,b
5971,12970,4420,1999,5234,6519,3368,4423,3178,3122,9345,1854,2233,17174,6577,5550,3081,59,17,17,b
5868,6674,5078,2196,2254,5847,1995,3597,4008,2736,9465,1330,939,13960,4369,3718,1888,62,5,20,b
186,819,163,34,45,293,286,141,120,123,442,78,36,942,304,257,211,0,0,0,b
17,50,16,3,0,27,18,11,4,76,24,41,0,73,25,26,1,0,0,0,b
1923,2253,1659,765,680,1790,986,1103,1248,959,2980,426,395,4755,1510,1107,485,33,0,14,b
4427,7535,3878,1439,1971,5122,2483,2837,3084,2230,7923,1137,1196,13031,4479,3078,1542,49,6,12,b
66,194,97,5,17,100,86,39,29,115,83,126,42,302,124,91,18,0,0,0,b
109,90,73,10,7,71,124,23,20,39,163,25,6,196,106,73,30,0,0,0,b
183,640,251,40,63,250,511,227,229,29,347,14,111,948,367,320,94,0,0,0,b
24,146,47,7,19,50,23,53,29,8,107,5,18,162,73,62,22,0,0,0,b
7303,18855,5109,1817,4898,8300,6603,7160,4642,25014,44887,12601,3944,23934,8284,8453,3821,4722,5337,2984,b
744,2565,996,145,332,890,1367,567,665,126,1657,115,365,3623,1193,922,414,1,0,0,b
132,483,230,22,62,167,224,79,96,22,339,30,59,696,221,128,109,0,0,0,b
1637,3731,1827,609,790,2031,1900,1188,1413,23042,36871,11461,583,6015,2012,1619,627,4561,5310,2987,b
99,223,96,42,23,174,91,64,88,2,81,1,49,212,59,96,14,0,0,0,b
295,496,188,42,63,341,202,140,102,237,638,217,50,567,218,504,179,0,0,0,b
504,1505,276,56,91,524,1461,380,392,54,469,38,271,2267,527,198,247,0,0,0,b
3,32,12,0,0,8,11,3,3,0,8,0,4,43,17,6,0,0,0,0,b
937,3050,1087,198,307,1342,2125,802,867,352,1243,159,629,3691,1343,1754,669,10,0,0,b
19,46,43,6,9,37,30,9,4,18,47,9,2,107,45,14,9,0,0,0,b
36,25,24,7,3,23,10,10,6,3,35,3,3,65,45,24,2,0,0,0,b
1209,1581,1226,538,511,1375,709,785,859,1006,2232,431,304,3431,1042,777,346,14,3,12,b
1097,1570,1105,460,482,1155,725,612,810,699,2106,329,275,3243,986,664,329,14,0,12,b
9797,20690,8923,2909,5888,13170,10520,7976,6358,24922,47257,12764,2838,33353,9992,14376,7083,4585,5313,2989,b
9741,20516,8863,2898,5867,13137,10497,7962,6350,24928,47111,12763,2807,33157,9934,14326,7045,4585,5313,2989,b
1157,2674,1088,419,528,1403,1447,667,861,563,2504,284,226,4383,1109,1006,539,11,0,8,b
11,24,14,4,1,12,7,4,1,0,8,2,0,35,13,8,6,0,0,0,b
725,1162,516,148,122,658,978,521,681,481,1418,188,176,2384,760,618,161,8,0,4,b
43,178,89,7,12,52,96,17,16,7,115,5,24,286,112,69,36,0,0,0,b
720,2524,963,140,319,878,1350,553,637,126,1592,115,363,3533,1168,901,408,1,0,0,b
597,2128,655,133,274,845,1454,548,567,168,1082,101,243,2664,926,945,456,2,0,0,b
416,1504,511,93,189,569,930,401,418,81,853,51,237,1966,729,658,233,1,0,0,b
18478,35957,14028,5346,11702,22385,15615,13368,11128,28118,58375,14824,6041,53800,17592,22589,12347,4608,5332,2998,b
3731,4689,3373,1359,1314,3829,1802,2293,2771,1724,6513,862,632,9662,3087,2139,1088,42,3,16,b
14192,27154,10245,4135,8785,15770,11013,9628,8461,26950,53568,14110,4789,39959,13465,15701,9103,4598,5321,2993,b
13166,25033,9751,3965,8441,14967,10267,9364,8113,26743,52085,13968,4623,37518,12611,14741,8618,4598,5321,2993,b
3237,7104,2773,908,1520,3836,3319,2317,2071,1202,6187,848,1242,10195,4481,3085,1253,62,6,4,b
744,2565,996,145,332,890,1367,567,665,126,1657,115,365,3623,1193,922,414,1,0,0,b
36,158,66,19,7,319,69,70,9,1,5,0,103,120,94,51,0,1,0,0,b
1446,5433,1612,294,874,2129,3591,1122,897,363,2822,286,637,6559,2632,2025,1292,7,3,0,b
2869,5918,2449,847,1386,3330,2659,2101,1834,1102,4891,648,1132,8631,3730,2590,1063,62,6,4,b
6897,13179,5840,2424,3467,8403,5647,5062,4124,24478,43118,12462,1870,22293,6689,8091,3702,4606,5319,2992,b
2420,4261,2295,874,939,2541,2065,1573,1731,23302,37469,11561,690,7235,2434,1951,753,4579,5310,2989,b
15680,29974,13517,4877,8737,20155,14136,12053,10463,27079,56509,14000,4205,47797,15071,20228,9639,4634,5327,3000,b
11182,23422,9872,3247,6832,15258,11944,9101,7106,25322,49018,13026,3400,36845,11387,16822,7821,4584,5319,2991,b
1328,3173,1539,502,616,1742,1967,958,1160,534,2960,273,480,5212,1720,1374,553,11,0,8,b
16738,32459,14665,5047,9839,22133,14635,13148,10886,27234,57660,14107,4586,50838,16083,22565,10520,4607,5328,2998,b
172,579,213,35,44,225,479,200,223,29,285,14,106,863,311,312,89,0,0,0,b
13450,30282,12223,3797,9016,18909,14644,11283,8694,25799,52266,13365,4219,45073,14403,21222,9897,4576,5323,2990,b
9627,16412,8610,3123,4485,10921,8188,7213,6985,26042,50734,13020,2567,26177,9515,9795,4958,4618,5327,2998,b
16543,35107,15197,5028,10770,22447,16815,13714,10494,26831,56511,13932,4933,52957,17158,24649,11482,4612,5330,2999,b
312,483,199,80,119,746,428,262,88,90,325,45,119,796,841,222,38,2,6,0,b
10151,19242,9223,3389,5426,12402,7839,7312,6481,25772,48862,13261,2607,32126,10023,11453,5306,4622,5319,2995,b
5,22,15,0,0,17,7,20,7,0,0,1,0,37,15,15,0,0,0,0,b
11531,22643,10419,3568,6628,15097,10912,9088,7758,25768,50539,13235,3003,37504,11163,15212,7670,4599,5316,2993,b
55,379,244,4,21,160,927,40,52,14,475,5,25,624,270,94,110,0,0,0,b
12896,27269,11589,4043,7891,17136,13391,10286,8020,25925,51831,13420,3907,42055,13077,19013,8934,4593,5326,2995,b
5834,13258,5298,1663,3533,7969,6500,4695,3776,23624,42829,12228,1369,21117,6371,8643,4047,4587,5310,2977,b
657,1206,391,74,144,915,1306,376,755,132,805,63,224,1999,700,772,147,1,0,0,b
15845,31889,14236,4827,9735,21276,14600,12712,10377,26832,56498,13929,4547,49627,15563,22135,10302,4601,5327,2996,b
1954,2277,1725,763,746,1852,955,1092,1229,956,3146,427,395,4875,1701,1089,486,33,0,14,b
50,195,71,4,3,136,185,75,12,76,321,23,3,376,138,55,32,0,0,0,b
9725,20608,8865,2898,5907,13230,11050,7960,6343,24919,47236,12757,2811,33225,9975,14319,7041,4585,5313,2989,b
8329,17318,7726,2582,4898,10810,8909,6604,5385,24596,45691,12527,2507,28522,8627,11683,5842,4585,5311,2989,b
15000,30754,13330,4599,9336,20026,14444,12141,9350,26354,53985,13636,4522,47359,14988,21815,9966,4606,5327,2995,b
3237,7104,2773,908,1520,3836,3319,2317,2071,1202,6187,848,1242,10195,4481,3085,1253,62,6,4,b
17903,36414,16145,5423,11088,23963,16712,14439,11796,27632,59346,14366,4902,55714,18127,24996,11792,4613,5331,3002,b
32,80,57,7,14,27,17,10,14,21,112,6,0,124,58,67,3,0,0,0,b
681,1199,400,76,146,905,1164,394,765,143,836,67,214,2009,690,774,160,1,0,0,b
9204,17083,7921,2927,4944,11320,7941,6960,6159,25093,47480,12855,2494,28448,8718,11078,5637,4592,5314,2991,b
11494,22807,10417,3502,6581,15179,11048,9123,7763,25771,50711,13223,2991,37810,11378,15164,7664,4593,5316,2991,b
765,2735,834,152,344,1115,1632,619,626,213,1527,134,327,3517,1166,1224,582,2,0,0,b
186,600,234,34,54,253,509,218,215,33,334,21,107,909,305,339,89,0,0,0,b
1420,4020,980,174,329,1958,2760,1193,1362,356,2867,307,760,6141,1699,1643,634,4,0,1,b
8606,28266,5384,2440,5143,15723,16114,12655,7813,4485,12329,3177,13979,31982,12867,13033,2234,76,26,33,b
11034,22041,9871,3307,6337,14573,10856,8765,7504,25466,49832,13076,2867,36486,10754,14811,7447,4592,5313,2990,b
1642,3593,1755,595,756,1996,1850,1152,1394,842,3590,397,709,5926,1949,1570,656,18,0,12,b
10833,18269,6630,2822,5039,11939,7386,7653,5743,25627,46530,12994,2670,22925,8746,14597,4907,4598,5325,2983,b
737,2540,986,144,326,887,1359,565,659,126,1643,115,365,3595,1187,913,409,1,0,0,b
10165,20906,9128,3067,5966,13499,10626,8219,6468,25233,47668,12950,2872,33942,10215,14545,7153,4586,5316,2990,b
19079,44578,15513,5804,13070,23748,19566,15865,12711,27744,60267,14204,6483,64264,20320,22010,11262,4641,5334,3056,b
71,344,152,6,28,144,297,97,86,3,234,6,0,504,211,135,88,0,0,0,b
55,567,264,9,36,222,164,45,19,7,603,7,29,966,361,109,71,0,0,0,b
697,1883,395,71,124,711,1681,416,567,90,797,66,268,2773,805,302,334,0,0,0,b
53,107,62,10,5,50,47,14,24,0,266,0,6,267,60,42,14,0,0,0,b
53,175,72,21,7,341,89,82,14,1,10,0,113,154,107,59,0,1,0,0,b
651,2331,861,130,299,841,1287,541,600,126,1466,109,357,3188,1086,866,388,1,0,0,b
60,246,110,8,60,175,380,92,26,28,112,11,185,287,228,147,9,0,0,0,b
1042,2902,589,131,213,1072,2391,683,853,182,1383,128,378,4359,1204,845,485,0,0,0,b
10250,20915,6511,2637,5193,11842,9609,7559,4739,25409,44943,13143,2878,24209,9415,16029,5005,4597,5327,2990,b
84,106,19,0,13,39,202,106,63,0,0,0,190,165,94,11,0,0,0,0,b
7183,7686,131,61,35,1069,18470,35,6961,1978,9760,4536,11,16058,590,829,46,0,0,0,b
500,1770,595,116,234,676,1061,489,483,102,981,58,292,2332,841,729,288,2,0,0,b
2896,6007,2450,863,1472,3373,2647,2123,1849,1087,4925,655,1134,8729,3799,2609,1073,63,6,4,b
370,995,394,97,127,720,595,318,299,410,1007,358,175,1531,578,486,203,0,0,0,b
5990,13579,5306,1691,3725,8129,6970,5116,3901,23521,42028,12088,2039,20719,6537,9668,4775,4554,5312,2975,b
269,748,282,52,71,330,575,240,246,70,411,37,112,1165,416,381,135,0,0,0,b
1075,4730,634,247,558,1123,3703,671,568,83,1578,58,185,3212,1234,3223,543,0,0,0,b
2128,3066,1783,649,758,1925,1451,1185,1377,1076,3233,552,453,6198,1744,1146,478,17,0,12,b
740,2557,874,174,317,1074,1519,674,703,22414,35193,11183,330,3317,1245,1227,453,4546,5310,2975,b
8520,13993,4764,2075,3529,9033,5698,5712,4189,25104,43935,12693,1558,18715,6060,11367,3371,4589,5324,2982,b
1624,3815,1852,603,796,1996,1920,1150,1404,23030,36863,11443,581,6164,2075,1610,628,4561,5310,2987,b
411,1300,400,77,118,540,973,366,419,60,719,29,272,1822,658,644,211,2,0,0,b
1321,4322,1322,389,1361,2015,1706,1101,1310,311,2632,144,439,4725,2102,1810,1250,6,17,0,b
12193,24879,11106,3868,7487,16346,12417,9881,7701,25792,50611,13273,3760,39175,12437,17851,8282,4590,5323,2995,b
4569,9331,3830,1317,1614,4867,5509,2786,2972,23814,40590,11947,1492,14951,4896,3646,1563,4580,5313,2990,b
1521,4598,1690,546,677,1767,1892,1007,1357,912,5436,340,542,6052,1852,1726,687,16,0,12,b
2489,7757,2247,702,1149,3289,3874,1830,1518,804,4102,574,1190,9490,3608,3925,939,26,9,13,b
3531,9037,3105,1099,1904,4837,4238,2863,2471,22917,38429,11637,1016,14532,3499,5603,2637,4551,5311,2976,b
4845,5760,4271,1911,1871,4885,1666,2848,3407,2365,8030,1178,743,11301,3769,2966,1502,51,5,20,b
11626,24065,10237,3481,7013,15782,12221,9510,7278,25468,49700,13091,3608,38034,11824,17129,7986,4585,5322,2993,b
11626,24065,10237,3481,7013,15776,12221,9510,7278,25468,49700,13091,3608,38034,11824,17129,7986,4585,5322,2993,b
20965,49915,17550,5684,9173,27671,28724,15275,15319,31401,70686,16962,6000,71119,24991,23257,8995,4683,5632,2994,b
4945,9288,4196,1740,2476,6123,4243,3675,3148,23768,40420,12010,1034,16577,4176,6314,2989,4580,5310,2989,b
11394,19734,10031,3754,5923,13476,8675,8260,7660,26033,50932,13331,2889,33159,10488,13110,6460,4614,5316,2995,b
10195,21389,9624,3146,6215,13759,10713,8338,6694,25207,48338,12916,2948,34466,10566,15039,7266,4592,5316,2992,b
10195,21235,9425,3146,6178,13681,10719,8303,6615,25207,47939,12916,2949,34227,10407,14844,7266,4592,5316,2992,b
11395,19688,9980,3754,5911,13454,8674,8250,7640,26033,50833,13331,2888,33100,10445,13056,6460,4614,5316,2995,b
415,658,378,124,71,549,276,356,323,188,811,121,90,1093,435,378,183,4,0,0,b
24360,58446,21388,6345,12479,29945,31870,17758,17005,30279,75372,15689,6977,83080,27579,32206,13124,4630,5344,2992,b
53,175,72,21,7,341,89,82,14,1,10,0,113,154,107,59,0,1,0,0,b
642,2286,854,128,296,835,1271,537,597,126,1454,109,356,3142,1077,855,378,1,0,0,b
6774,14656,6117,1999,3854,9284,6850,5565,4903,23553,42519,12136,1858,23963,7021,9224,4444,4560,5312,2976,b
6774,14656,6117,1999,3854,9284,6850,5565,4903,23553,42519,12136,1858,23963,7021,9224,4444,4560,5312,2976,b
10464,19124,8127,2645,4178,13093,9868,8178,8261,25708,49895,12983,3468,33577,9813,12678,6077,4616,5316,2990,b
2178,9066,2116,666,1042,2373,4660,1236,2020,745,3616,354,1124,12793,2836,1648,1217,14,0,12,b
13026,26348,11236,3817,7572,17522,12657,10349,8673,26114,52521,13474,3634,41610,12622,18165,8743,4582,5323,2993,b
11522,24303,10391,3493,6329,14470,12003,8733,7082,25603,50259,13170,4169,38391,12601,14758,7321,4610,5320,2992,b
504,1500,269,56,90,524,1517,378,392,52,462,36,270,2255,519,196,247,0,0,0,b
3,9,26,1,1,10,6,9,1,3,20,4,0,23,36,11,4,0,0,0,b
2601,4410,2413,988,1016,2769,2110,1727,1780,23394,37643,11595,725,7522,2589,2071,828,4579,5313,2990,b
0,10,22,0,0,0,14,0,0,0,13,0,0,33,27,1,0,0,0,0,b
886,2794,807,110,239,887,1178,564,455,205,2960,259,288,4404,1216,1559,245,2,0,0,b
93,96,98,24,8,150,49,56,58,177,186,107,14,217,65,46,99,0,0,0,b
3891,5917,3821,1189,1552,5822,3866,3130,2132,6395,11854,2589,2233,9601,7589,1987,2623,19,10,3,b
19,143,44,5,4,46,69,26,21,1,35,5,0,223,67,45,0,0,0,0,b
19,143,44,5,4,46,69,26,21,1,35,5,0,223,67,45,0,0,0,0,b
17,114,43,5,3,41,36,21,16,3,39,8,0,174,59,38,0,0,0,0,b
19,143,44,5,4,46,69,26,21,1,35,5,0,223,67,45,0,0,0,0,b
19,143,44,5,4,46,69,26,21,1,35,5,0,223,67,45,0,0,0,0,b
3484,4650,2582,1324,1593,3929,1837,2112,1871,2285,4899,1299,877,8248,3408,2793,1226,125,6,17,b
10392,16357,6996,2805,3844,10910,7345,7350,6881,27931,49383,13786,2521,25686,9508,9853,4555,4705,5330,2989,b
16990,43704,12973,4302,11846,19194,16972,13559,11670,27992,59412,14601,7703,58173,19125,18703,12101,4625,5347,2991,b
227,732,249,26,59,368,597,200,261,47,547,27,141,1074,364,337,187,0,0,0,b
275,1041,370,45,136,386,680,314,288,29,560,18,158,1403,509,470,195,0,0,0,b
65,235,134,24,42,179,213,77,42,4,122,4,56,328,158,112,56,0,0,0,b
0,0,7,0,0,0,0,0,0,0,0,0,0,0,7,0,0,0,0,0,b
1081,1644,1149,484,520,1197,735,645,890,691,2264,313,277,3352,1054,723,336,15,0,12,b
758,2440,837,184,469,1154,1749,523,420,329,1333,218,255,3273,1194,958,507,1,0,0,b
11347,22299,10147,3458,6452,14926,10881,8973,7611,25627,50262,13161,2919,37054,10985,14986,7534,4592,5316,2991,b
6622,12696,4534,1731,3407,7735,5620,4925,3144,25761,42138,13265,2639,15872,7086,9094,3465,4663,5337,2977,b
1763,3969,2023,648,803,2066,2146,1188,1404,808,3888,399,567,6455,2215,1829,757,16,0,12,b
864,1488,731,304,237,1635,723,833,598,341,1688,304,587,2256,1016,833,309,9,0,2,b
2756,6379,2283,699,1339,3169,3357,2057,2337,994,4458,363,913,8893,3410,2933,1344,31,5,9,b
1417,4030,1758,548,742,1759,1942,1013,1218,741,3550,331,527,5929,1926,1595,630,16,0,12,b
3222,6000,1930,784,1558,3565,2445,2288,1194,23034,36525,11650,624,6815,2428,5655,1462,4549,5310,2975,b
242,1677,396,41,128,421,1061,247,259,28,909,16,110,1839,677,792,172,2,0,0,b
744,2565,996,145,332,890,1367,567,665,126,1657,115,365,3623,1193,922,414,1,0,0,b
7878,15032,6894,2525,4477,9793,7713,6318,4967,24554,44762,12559,2433,24712,7983,10669,5266,4590,5314,2990,b
1763,3969,2023,648,803,2066,2146,1188,1404,808,3888,399,567,6455,2215,1829,757,16,0,12,b
9004,20696,8093,2443,5675,12682,10971,7787,6122,24380,46620,12554,2712,31997,9823,14121,7023,4588,5313,2977,b
244,987,298,27,27,424,298,163,92,52,300,124,5,1624,339,162,86,0,0,0,b
1810,4367,2101,651,937,2264,2497,1325,1551,23050,37222,11456,743,6722,2459,1974,899,4561,5310,2987,b
300,811,302,75,61,286,678,214,278,58,402,38,126,1250,461,395,119,1,0,0,b
2119,4582,1957,651,798,2353,2294,1324,1513,23251,37364,11616,601,7473,2322,1833,680,4561,5310,2987,b
0,0,7,0,0,0,1,0,0,0,0,0,0,2,7,0,0,0,0,0,b
2828,5496,2219,950,1021,2642,2010,1937,1774,2384,6842,1298,1546,9827,3600,1470,772,49,183,7,b
8345,29193,5273,2399,5287,15638,16831,12525,7649,4465,12048,3355,17855,31779,13232,14540,2061,76,26,33,b
167,128,137,50,17,125,30,89,51,229,236,98,8,354,85,127,33,0,0,0,b
7352,16947,6711,2078,4579,10163,8984,6211,5024,23889,44664,12261,2327,26338,8125,11390,5707,4580,5311,2977,b
26,11,21,5,1,11,2,6,0,8,55,7,1,50,21,11,0,0,0,0,b
1616,3674,1842,612,788,1963,1853,1135,1387,23021,36796,11441,591,5951,2004,1589,617,4561,5310,2987,b
410,734,213,41,87,466,784,233,456,85,301,44,115,1167,354,503,61,0,0,0,b
14,54,24,2,10,20,26,18,16,4,29,5,2,102,30,12,0,0,0,0,b
743,2554,994,145,329,889,1363,565,664,126,1655,115,365,3615,1191,916,414,1,0,0,b
1511,3554,1435,566,1494,1792,567,982,1035,387,2940,217,280,3739,2392,758,1730,0,0,0,b
0,0,7,0,0,0,0,0,0,0,0,0,0,1,6,0,0,0,0,0,b
650,1158,367,69,133,875,1245,369,753,130,811,61,213,1915,652,764,139,1,0,0,b
737,2540,986,144,326,887,1359,565,659,126,1643,115,365,3595,1187,913,409,1,0,0,b
4,51,19,4,0,17,7,13,2,2,51,4,1,75,21,21,6,0,0,0,b
646,1129,366,69,134,869,1306,360,753,134,871,65,211,1885,647,757,137,1,0,0,b
1099,1590,1191,473,506,1175,698,629,826,709,2182,321,274,3301,1022,705,316,14,0,12,b
143,255,170,24,20,673,117,122,123,609,783,248,55,859,166,91,125,0,0,0,b
35,143,64,18,7,317,67,68,8,0,5,0,102,107,83,50,0,0,0,0,b
150,601,212,26,80,187,441,117,119,24,374,16,139,790,359,238,53,0,0,0,b
14991,30476,13242,4585,9293,20041,14482,12087,9348,26354,53934,13636,4522,46805,14796,21799,10018,4606,5327,2995,b
15000,30660,13315,4593,9297,20103,14750,12094,9359,26354,54283,13636,4522,47085,14959,21819,10202,4606,5327,2995,b
8356,17326,7724,2723,4687,10510,7547,6206,5059,24929,45467,12789,2419,28068,8909,10582,4688,4608,5316,2991,b
8552,22387,7926,2263,5421,12576,12081,7479,5706,24142,45799,12490,2803,32637,9659,15501,6867,4552,5315,2987,b
11017,29006,8075,3766,8903,12699,9320,10021,6927,3321,15829,1595,4456,33840,15196,11466,6496,59,35,55,b
748,2915,1117,99,226,1652,6393,619,330,415,6953,199,346,8291,2052,435,561,16,10,0,b
14980,30337,13180,4572,9282,19973,14390,12077,9342,26354,53767,13636,4522,46565,14681,21790,9966,4606,5327,2995,b
21,15,24,1,2,8,8,7,2,2,12,1,10,49,25,8,0,0,0,0,b
2883,3879,2786,621,686,3483,3445,2277,1917,3841,8205,1786,1315,7383,6126,1671,1888,49,11,4,b
5321,7009,4669,1976,2035,5527,2436,3154,3690,2540,9560,1467,857,13050,4640,3506,1761,51,5,20,b
7390,13096,6340,2512,3724,8945,5541,5299,4786,24636,44728,12538,1339,23203,6135,8478,4288,4590,5313,2991,b
1488,3373,1710,573,710,1811,1886,1063,1289,722,3040,329,573,5543,1838,1436,624,16,0,12,b
191,690,299,28,92,222,301,113,142,30,533,42,113,1003,302,184,116,0,0,0,b
24004,55808,20735,6517,11864,31281,30592,17781,16888,30955,73908,16516,6781,80671,26991,30753,12315,4649,5638,2994,b
11444,23489,10305,3460,6516,15520,11630,9249,7720,25699,51271,13173,2921,38379,11225,15027,7546,4680,5316,2991,b
650,1158,367,69,133,875,1245,369,753,130,811,61,213,1915,652,764,139,1,0,0,b
744,2565,996,145,332,890,1367,567,665,126,1657,115,365,3623,1193,922,414,1,0,0,b
11,28,20,2,3,19,21,0,5,0,0,0,1,38,32,18,0,0,0,0,b
737,2540,986,144,326,887,1359,565,659,126,1643,115,365,3595,1187,913,409,1,0,0,b
1476,2378,1325,522,553,1468,1161,737,1039,921,2590,413,356,4309,1340,941,474,15,0,12,b
547,2090,678,118,262,785,1138,498,505,22346,34577,11142,296,2664,973,880,275,4546,5310,2975,b
5713,13137,5035,1613,3681,7786,6756,4878,3675,23429,41433,12027,2001,19969,6211,9343,4670,4552,5311,2975,b
646,2286,861,157,376,911,1639,634,617,116,1368,65,457,2886,1259,1092,545,2,0,0,b
261,820,283,39,66,292,663,213,286,50,376,25,125,1145,432,411,126,1,0,0,b
9676,21782,9527,2965,5239,11796,11320,8079,6851,25598,51288,12855,3834,31342,11516,13082,5989,4611,5329,2999,b
535,1761,637,112,238,1061,1086,669,516,22442,34792,11175,259,2754,866,1193,385,4424,5310,2975,b
412,733,203,41,87,460,770,233,456,85,309,44,115,1136,343,507,63,0,0,0,b
4,14,13,2,0,6,9,3,3,0,23,0,0,39,12,1,0,0,0,0,b
6331,18206,6119,1582,3472,8641,9764,5936,5261,24394,46829,12169,3282,24174,8837,10045,4649,4576,5326,2989,b
9661,21776,9520,2948,5243,11817,11274,8054,6807,25608,51316,12842,3843,31373,11521,13092,5981,4611,5329,2999,b
8483,17491,7797,2685,4966,11225,8941,6713,5457,24741,45871,12591,2536,28513,8703,11819,5951,4585,5314,2990,b
712,2110,933,149,325,1322,1343,858,678,22549,35505,11218,212,3418,1122,1562,537,4423,5310,2975,b
177,628,199,31,45,242,524,197,223,29,277,14,111,915,311,311,89,0,0,0,b
1030,3242,1041,268,413,1171,1540,689,675,196,1747,126,776,4541,1365,1414,341,3,1,3,b
780,995,482,66,54,985,866,330,134,231,2328,120,408,2766,603,585,151,0,0,0,b
10277,23687,8691,2728,6530,15995,11602,8526,6815,24462,49441,12672,3820,34941,10320,17641,7846,4697,5322,2979,b
13160,25819,11596,4030,7688,17434,12489,10416,8611,26220,52646,13544,3722,41638,12806,17860,8509,4599,5322,2996,b
13210,26077,11702,4062,7718,17674,12490,10606,8670,26449,53747,13705,3721,42121,12879,18103,8508,4599,5322,2996,b
11602,24100,10251,3481,7013,15703,12214,9512,7272,25468,49678,13091,3616,37855,11800,17102,7986,4585,5322,2993,b
993,3593,1165,288,460,1396,1715,805,784,233,1914,139,758,4919,1483,1465,378,4,1,3,b
3122,7275,2685,996,1808,4419,3467,2629,1963,22807,37582,11591,712,12296,2803,5317,2536,4547,5310,2975,b
9676,21782,9527,2965,5239,11796,11320,8079,6851,25598,51288,12855,3834,31342,11516,13082,5989,4611,5329,2999,b
465,865,272,52,100,542,883,292,498,96,399,53,144,1328,431,599,123,0,0,0,b
9676,21782,9527,2965,5239,11796,11320,8079,6851,25598,51288,12855,3834,31342,11516,13082,5989,4611,5329,2999,b
15671,30218,14710,5206,8861,20317,14514,11556,9079,28362,57161,15088,4990,49081,16405,20459,10283,4617,5328,2999,b
63,179,91,11,21,50,110,36,32,13,149,7,23,305,123,39,7,0,0,0,b
3011,5064,2888,1152,1258,3168,2340,1958,2021,23659,38380,11767,839,8534,2999,2458,1028,4586,5313,2992,b
3,8,13,2,0,4,7,6,2,0,8,0,0,23,15,4,0,0,0,0,b
28,205,81,18,6,47,35,31,8,0,101,0,2,214,115,63,12,0,0,0,b
333,714,259,43,67,376,510,246,249,167,420,100,131,1118,379,370,117,0,0,0,b
1606,3656,1790,598,777,1960,1835,1135,1387,23028,36792,11441,568,5920,1985,1568,599,4561,5310,2987,b
721,2524,964,141,319,881,1350,554,638,126,1594,115,363,3534,1168,901,409,1,0,0,b
7352,16947,6711,2078,4579,10163,8984,6211,5024,23889,44664,12261,2327,26338,8125,11390,5707,4580,5311,2977,b
5184,15076,4394,1498,4038,6179,4584,5271,4094,2642,10177,1238,3430,20856,6377,3463,2339,43,25,21,b
177,593,220,37,44,252,488,204,229,31,290,15,107,876,319,316,93,0,0,0,b
242,729,194,46,108,316,423,183,196,13,282,13,64,1047,282,330,140,0,0,0,b
3378,5252,2825,1218,1326,3459,2618,2215,2354,1507,5828,721,806,9146,3281,2281,1054,70,3,17,b
230,901,375,40,87,325,680,252,264,39,379,23,180,1306,459,447,134,0,0,0,b
167,130,139,50,17,125,30,89,51,229,236,98,8,357,86,128,33,0,0,0,b
2576,5414,1571,750,1581,3390,3149,2427,1769,598,2376,293,1010,6747,2553,2982,973,8,4,2,b
2511,3688,545,158,200,1817,5705,690,857,111,818,99,674,5169,1503,1607,541,1,0,0,b
1439,3664,1435,432,525,2524,1961,1426,1128,22708,36308,11448,907,5049,2054,1712,601,4557,5310,2977,b
525,1614,303,60,104,607,1482,397,404,54,515,38,301,2407,592,242,262,0,0,0,b
13790,28244,12222,4220,8110,18178,13770,10939,8451,26484,52697,13767,4528,44080,14560,19181,8822,4617,5328,2997,b
10,79,25,0,1,9,24,1,0,0,97,0,0,53,36,73,0,0,0,0,b
1087,1690,1195,485,522,1324,1437,662,892,698,2362,318,277,3439,1112,749,353,15,0,12,b
