move,move-object,move-object/from16,move-result,move-result-wide,move-result-object,move-exception,return-void,return,return-object,const/4,const/16,const-string,check-cast,new-instance,new-array,throw,goto,goto/16,if-ne,if-ge,if-eqz,if-nez,aput-object,iget,iget-object,iget-boolean,iput,iput-object,iput-boolean,sget-object,sput-object,invoke-virtual,invoke-direct,invoke-static,invoke-interface,and-int/2addr,xor-int/2addr,add-int/lit8,xor-int/lit8,class
8420,4876,1347,1729,411,6997,938,944,309,480,3105,2378,3420,352,2498,147,328,2288,3113,147,91,1600,1317,713,201,3082,58,136,788,120,1704,338,8442,3213,2114,759,7,593,802,4,m
1338,1443,1301,3188,141,5293,637,2656,692,899,4000,1984,4607,641,2193,290,189,1847,798,319,171,2065,988,477,1648,4793,256,1056,1432,364,974,410,8926,3523,3181,896,6,0,668,0,m
1197,1698,1283,2251,78,5045,1123,1538,508,1077,3218,1165,2916,642,2502,455,1129,2493,379,480,155,2215,1238,244,1076,4518,407,679,1552,370,746,226,7961,3609,1416,557,11,1,808,4,m
145,416,367,494,36,2762,164,687,77,275,750,243,1887,232,957,45,78,374,91,63,10,278,144,53,68,1236,13,53,530,33,252,127,3252,1283,1119,433,1,0,108,0,m
13,97,104,204,29,1023,52,270,51,119,261,35,597,58,359,30,24,168,12,11,1,181,66,38,14,327,34,20,175,64,68,17,1121,517,334,157,0,0,11,0,m
234,306,151,639,61,2156,253,434,73,163,834,374,1287,161,793,81,109,544,171,101,37,504,242,163,166,1123,73,135,459,95,586,134,2772,1054,973,380,3,0,172,0,m
2008,2489,1826,5849,436,12240,1204,4118,1623,2734,8597,3633,8460,1173,5169,1165,1783,5726,774,981,900,3905,3181,2128,2814,7849,415,1920,2823,481,2117,854,16764,7776,4995,2918,33,16,1951,2,m
340,188,1332,2939,70,5045,210,2612,901,1050,3510,861,2015,927,1465,223,299,1803,197,296,208,2322,948,223,1277,5705,523,649,1398,541,680,206,9046,2520,1944,1411,19,0,521,9,m
250,298,118,635,61,2119,250,427,73,161,838,360,1269,157,781,78,109,543,167,101,37,502,240,162,166,1123,73,135,459,95,577,130,2740,1042,958,375,3,0,171,0,m
15,190,325,182,30,483,17,233,19,52,184,95,319,49,204,42,0,41,27,8,0,66,27,24,27,593,5,37,185,14,6,0,657,256,318,99,0,0,21,0,m
756,1236,1049,2428,134,5187,595,1324,283,598,3068,1169,5446,484,1896,240,67,1502,771,263,160,1963,927,405,699,4105,134,402,1586,213,720,343,7962,2650,2736,894,3,0,356,0,m
40,26,0,86,9,351,49,163,15,28,198,33,286,41,173,22,11,120,16,13,6,73,31,28,25,334,21,32,137,24,68,16,537,257,184,73,3,0,19,0,m
1374,1607,1269,3246,162,5967,710,2770,687,994,4218,1982,5579,581,2399,332,187,1903,842,319,169,2279,1072,493,1565,5223,256,1059,1967,382,1157,483,9706,3673,3399,1162,6,0,610,0,m
15,191,330,141,32,305,19,132,16,48,140,97,239,32,167,34,0,39,27,7,0,48,25,16,19,425,5,24,153,14,6,0,499,195,120,79,0,0,21,0,m
24,173,116,557,40,2041,45,441,49,138,573,61,1029,391,552,40,0,182,83,73,8,132,92,85,46,1456,3,42,389,12,30,4,2481,752,853,480,0,0,41,0,m
8392,4612,1787,1711,377,5662,703,845,306,466,2720,2363,2720,338,2221,134,277,2131,3059,133,90,1545,1276,705,192,2785,58,124,785,122,1661,312,7004,2882,1148,641,7,593,780,4,m
630,1154,1107,2249,126,5198,541,1326,253,527,2845,995,5037,500,1762,237,56,1272,755,252,130,1832,834,406,788,4020,137,452,1563,202,630,316,7534,2444,2881,870,3,0,284,0,m
3280,7721,9779,8094,450,24161,1267,5562,1266,2452,11648,8333,12071,3756,5458,1659,597,6659,1979,1905,992,6731,2408,2602,1525,13899,413,1157,3559,627,2021,634,38139,8326,8100,2213,49,8,1697,4,m
234,326,190,635,66,2395,240,377,85,129,741,178,2590,90,763,52,48,424,215,87,18,396,211,99,26,1147,51,25,271,86,156,37,3341,1060,957,538,6,0,74,2,m
368,123,0,968,59,2403,172,574,139,331,1210,1182,2407,125,833,106,94,685,248,140,45,669,278,118,331,881,77,274,398,83,340,68,4195,1202,1506,400,4,4,313,2,m
630,1154,1107,2249,126,5198,541,1326,253,527,2845,995,5037,500,1762,237,56,1272,755,252,130,1832,834,406,788,4020,137,452,1563,202,630,316,7534,2444,2881,870,3,0,284,0,m
4204,4532,4085,13417,1031,31891,5011,9819,2749,5035,20790,40237,20626,2732,11951,2132,2999,12157,2992,1903,1372,10035,6226,4306,5674,22661,986,3883,7313,1299,6247,1953,46281,17010,17999,5358,51,94,3698,70,m
592,1011,1060,2029,101,4177,475,1158,229,423,2515,933,4005,442,1476,212,52,1141,709,240,111,1579,740,400,711,3231,127,375,994,171,553,262,6305,2019,2617,577,3,0,247,0,m
1130,2322,2833,2654,222,6898,1325,1686,492,1070,3572,1259,4791,716,2925,349,1044,2660,451,477,177,2636,1250,202,979,4667,431,703,2041,458,932,330,9798,4118,2117,1054,5,0,768,4,m
268,941,360,1735,76,5923,444,2036,268,827,2280,375,3388,708,1740,245,59,1394,301,222,92,1551,475,267,292,5285,91,306,1804,178,685,243,8010,2544,2973,998,1,7,199,0,m
1314,3636,3531,6855,494,23343,1395,6013,1514,3630,7667,5710,11206,2625,8436,698,1252,4860,1028,698,492,4483,2462,1203,1531,12475,427,1273,4675,676,4015,777,29390,11173,8773,5548,30,4,1159,1,m
241,469,831,548,60,1796,142,463,80,213,819,903,995,93,561,77,42,353,62,53,24,326,165,267,245,901,35,155,343,50,198,81,1886,778,831,253,4,0,168,0,m
951,1301,1107,1977,146,4529,1025,1206,383,890,2826,926,2662,540,2115,278,977,2079,274,401,106,1843,1033,198,805,3342,296,500,1237,275,485,124,6560,3075,1197,652,5,0,676,4,m
10204,3916,8083,6777,248,7597,645,3798,1003,886,22817,19504,3893,663,3489,1403,283,6714,4547,3770,1415,5195,2294,1558,12840,10245,696,5917,1846,838,14012,2607,14074,4495,11569,633,142,40,7550,31,m
12,0,0,78,4,235,29,92,21,16,115,23,127,20,86,7,1,60,14,9,7,21,15,0,25,312,15,31,66,17,14,2,379,133,128,45,0,0,6,0,m
1390,1451,122,2560,175,8411,486,2102,660,2409,3034,937,2330,960,2146,269,570,3333,182,551,346,2116,1389,397,1251,4375,143,635,1438,164,1875,462,11058,3289,1674,1440,40,15,899,7,m
139,346,316,400,34,2381,119,620,70,227,641,234,1513,219,788,34,76,313,77,60,9,229,105,41,68,1144,13,53,492,33,232,121,2826,1095,885,387,1,0,100,0,m
0,0,0,0,0,0,0,198,0,0,0,0,0,0,0,0,0,0,0,0,0,0,0,0,0,0,0,0,0,0,0,0,0,0,0,0,0,0,0,0,m
152,184,103,531,58,1698,202,367,63,122,638,166,1074,106,641,52,76,416,133,68,17,384,180,63,141,1118,58,106,427,89,313,89,2321,865,845,246,3,0,77,0,m
348,1145,365,1335,112,4553,493,1713,231,561,1949,446,2804,535,1472,346,97,1424,123,140,96,925,536,457,240,2598,58,190,1012,103,753,329,5361,2061,3070,1089,1,7,207,0,m
267,1030,541,1789,87,6227,453,2130,275,854,2352,435,3468,755,1819,250,60,1433,321,244,94,1590,489,274,320,5609,90,330,1904,179,713,246,8401,2659,3075,1007,1,7,208,0,m
24,173,116,557,40,2041,45,441,49,138,573,61,1029,391,552,40,0,182,83,73,8,132,92,85,46,1456,3,42,389,12,30,4,2481,752,853,480,0,0,41,0,m
32,90,0,180,42,1192,116,524,27,102,645,56,801,89,475,15,21,248,41,33,13,114,53,19,124,1165,9,103,324,16,97,42,1702,738,944,111,0,0,41,0,m
1287,916,679,3427,305,10294,766,2806,850,2708,4651,2075,3868,1209,3020,418,731,3608,514,986,420,2560,1620,441,2377,6681,286,1321,2409,385,1882,486,14006,4707,2968,2073,107,20,1357,10,m
351,516,104,1732,182,5222,858,1275,198,441,2330,1390,3999,495,1413,272,335,1233,480,128,49,1650,749,415,408,3817,248,317,1109,270,666,238,7521,1944,2489,777,3,0,228,0,m
1459,2150,533,4228,253,12412,1225,3815,891,2962,4612,1252,7390,1175,4900,411,1887,3549,341,717,410,3455,2115,430,883,6322,383,686,2631,517,3047,727,16744,7357,2867,3932,13,6,723,4,m
1454,918,159,3266,275,9940,781,2766,715,2393,4168,2045,3549,1048,2904,411,686,3534,399,623,395,2526,1580,511,2136,6002,268,1090,2029,311,2612,643,13801,4405,2500,1930,40,19,1314,10,m
16,191,323,142,32,285,19,132,16,48,146,97,214,33,159,34,0,38,29,9,0,48,25,16,19,420,5,24,153,14,6,0,492,193,113,79,0,0,21,0,m
639,1168,1110,2288,128,5301,560,1340,257,533,2877,1000,5186,506,1787,239,57,1306,765,253,133,1864,848,408,792,4086,140,454,1603,215,628,316,7649,2473,2941,901,3,0,286,0,m
424,1019,1034,1311,79,3840,392,1317,404,831,1923,1297,1788,494,1351,170,230,1410,195,307,83,830,440,177,676,3516,140,435,974,194,396,144,4672,2330,1944,954,9,3,418,4,m
1338,1443,1301,3188,141,5293,637,2656,692,899,4000,1984,4607,641,2193,290,189,1847,798,319,171,2065,988,477,1648,4793,256,1056,1432,364,974,410,8926,3523,3181,896,6,0,668,0,m
711,697,319,1759,91,4803,586,1904,421,868,2542,1592,2063,664,1769,301,339,1630,179,220,87,1372,744,352,566,3093,158,464,1283,249,1232,493,7263,2703,1929,907,16,18,349,7,m
564,364,98,690,18,1426,298,336,69,221,678,395,911,138,681,54,221,777,132,177,66,608,349,31,274,813,54,185,374,58,209,63,2027,957,511,261,0,0,326,0,m
123,126,0,395,56,1298,215,482,81,92,574,89,938,168,419,29,94,448,62,33,17,469,188,28,82,914,64,45,328,87,202,80,2117,690,618,215,0,0,66,0,m
1455,2150,533,4228,253,12416,1225,3818,892,2964,4614,1252,7389,1175,4900,411,1887,3548,341,718,409,3454,2113,430,883,6322,383,686,2630,517,3039,724,16743,7363,2872,3929,13,6,722,4,m
24,173,116,557,40,2037,45,436,49,138,572,61,1030,389,548,40,0,182,83,73,8,132,92,85,46,1453,3,42,387,12,30,4,2475,745,851,480,0,0,41,0,m
368,123,0,968,59,2403,172,574,139,331,1210,1182,2407,125,833,106,94,685,248,140,45,669,278,118,331,881,77,274,398,83,340,68,4195,1202,1506,400,4,4,313,2,m
238,776,869,1264,74,2901,263,804,242,315,1608,494,2956,172,906,124,77,873,258,149,65,716,414,221,175,1703,113,173,530,207,547,127,4403,1309,1195,396,2,0,343,0,m
524,867,586,1815,352,5339,374,1419,365,954,2024,503,3504,312,1852,232,654,1239,280,133,110,1192,877,166,274,2046,148,227,981,166,1228,250,7162,2431,1590,1179,9,0,489,0,m
592,1011,1060,2029,101,4177,475,1158,229,423,2515,933,4005,442,1476,212,52,1141,709,240,111,1579,740,400,711,3231,127,375,994,171,553,262,6305,2019,2617,577,3,0,247,0,m
11,58,46,314,17,2666,71,562,55,98,554,74,1173,181,482,11,4,269,105,63,5,156,106,15,83,840,15,126,481,25,121,64,3154,702,793,249,0,0,52,0,m
15,190,325,182,30,388,17,175,19,52,184,95,261,49,204,42,0,41,27,8,0,66,27,24,27,593,5,37,185,14,6,0,657,256,165,99,0,0,21,0,m
1197,1698,1283,2251,78,5045,1123,1538,508,1077,3218,1165,2916,642,2502,455,1129,2493,379,480,155,2215,1238,244,1076,4518,407,679,1552,370,746,226,7961,3609,1416,557,11,1,808,4,m
422,332,264,1472,112,4279,468,1308,256,410,3223,30982,2648,406,1548,300,105,1239,364,285,122,1171,605,366,620,2841,114,360,973,167,839,371,6382,2158,2373,512,2,3,380,0,m
1376,1586,1348,3408,166,6314,703,2825,716,1003,4337,2121,5639,699,2479,315,193,1978,844,331,190,2317,1082,483,1725,5582,265,1133,2001,393,1051,464,10155,3948,3445,1189,6,0,705,0,m
85,49,3,443,65,1475,244,574,88,136,697,479,1088,175,509,44,123,484,80,77,20,496,204,43,93,1047,65,51,387,89,232,97,2292,864,750,258,0,0,115,0,m
239,343,385,711,85,1446,160,714,160,213,990,167,726,125,519,65,92,579,42,112,25,386,245,71,393,1361,83,174,418,82,129,42,2242,895,735,281,1,0,106,0,m
151,378,316,494,36,2614,157,670,81,249,746,251,1707,232,902,41,79,400,84,67,12,319,144,47,70,1246,15,60,536,37,242,123,3157,1281,975,447,1,0,104,0,m
15,191,323,139,32,284,19,132,16,48,145,97,214,32,159,34,0,39,27,8,0,48,25,16,19,420,5,24,153,14,6,0,489,193,113,79,0,0,21,0,m
7,2,0,42,2,172,32,89,7,13,109,31,73,7,65,10,1,49,15,2,8,10,8,16,16,184,3,13,54,9,12,3,263,112,91,3,0,0,5,0,m
631,560,2497,2864,238,9406,725,2412,613,2265,3544,1256,4290,909,2562,282,573,3011,419,604,361,2349,1446,305,1397,5750,282,774,1909,374,2248,626,12158,3686,2377,1544,27,19,1114,10,m
1376,1586,1348,3408,166,6315,703,2826,716,1003,4337,2121,5639,699,2479,315,193,1978,844,331,190,2317,1082,483,1725,5582,265,1133,2001,393,1051,464,10156,3948,3446,1189,6,0,705,0,m
629,562,2497,2871,238,9406,725,2412,613,2265,3569,1265,4292,909,2562,282,573,3011,420,605,361,2349,1441,305,1399,5745,282,776,1909,374,2248,626,12168,3686,2374,1544,27,19,1114,10,m
3,39,98,254,40,1188,70,350,58,137,327,38,657,79,460,32,34,197,19,14,1,235,94,39,18,589,49,25,244,101,76,17,1342,659,433,166,0,0,14,0,m
242,473,837,548,60,1819,142,463,80,213,822,903,1027,93,570,77,42,353,64,52,24,326,165,267,245,901,35,155,343,50,198,81,1897,784,835,253,4,0,168,0,m
124,227,42,384,48,1801,197,482,58,250,609,107,1265,106,505,91,30,445,63,68,26,303,168,113,54,664,29,60,300,32,203,96,2200,783,708,263,0,0,121,0,m
145,407,364,512,36,2707,165,701,77,279,762,248,1759,234,955,45,79,390,92,63,12,297,153,53,68,1259,13,53,544,33,245,125,3276,1292,1057,444,1,0,107,0,m
826,707,3303,4021,332,12797,926,3683,1059,2972,4894,1695,6410,1356,3654,362,806,3845,468,671,524,3294,1892,365,1963,8256,531,1039,2538,575,3068,824,16648,5300,3618,2617,40,20,1437,22,m
8406,4715,1285,1626,397,5964,864,886,297,463,2938,2381,2809,351,2274,141,306,2215,3062,143,91,1497,1285,700,201,2858,56,134,804,117,1687,307,7539,2910,1305,711,7,593,792,4,m
152,184,103,531,58,1698,202,367,63,122,638,166,1074,106,641,52,76,416,133,68,17,384,180,63,141,1118,58,106,427,89,313,89,2321,865,845,246,3,0,77,0,m
375,282,117,992,36,2470,171,924,272,299,1444,604,1435,232,606,137,38,942,63,50,41,682,449,722,139,801,145,100,427,142,380,107,2410,1169,2124,424,1,0,136,1,m
62,107,167,533,7,1363,144,263,93,143,635,228,1128,95,510,49,57,474,104,124,52,314,183,76,284,721,45,168,269,43,485,97,2023,747,521,176,3,0,268,0,m
1267,1882,1387,2572,147,5951,1235,1752,539,1154,3700,1234,3498,730,2786,494,1141,2716,448,503,194,2396,1316,356,1113,4697,419,719,1649,401,958,294,9007,3982,1960,738,11,1,854,4,m
15,190,325,182,30,388,17,175,19,52,184,95,261,49,204,42,0,41,27,8,0,66,27,24,27,593,5,37,185,14,6,0,657,256,165,99,0,0,21,0,m
316,502,240,1140,85,2522,276,755,168,275,1579,509,2335,169,1019,77,95,778,173,106,34,979,390,129,412,2102,81,238,712,96,304,120,3631,1406,1880,302,1,0,111,0,m
291,400,602,492,55,1422,117,502,90,222,969,1187,712,93,523,135,42,459,70,95,41,264,163,254,411,1072,50,226,321,51,251,90,1679,831,785,310,7,1,325,3,m
234,306,151,639,61,2156,253,434,73,163,834,374,1287,161,793,81,109,544,171,101,37,504,242,163,166,1123,73,135,459,95,586,134,2772,1054,973,380,3,0,172,0,m
718,1093,1002,2208,109,4166,529,1155,259,494,2738,1107,4414,426,1610,215,63,1371,725,251,141,1710,833,399,622,3316,124,325,1017,182,643,289,6733,2225,2472,601,3,0,319,0,m
1426,694,772,6277,256,6048,690,1924,1347,862,5999,19241,2912,878,2714,361,46,3261,928,715,98,3645,1860,271,3302,12592,360,1895,2267,620,677,134,15038,3780,3331,1490,105,1,831,1,b
1426,694,772,6277,256,6048,690,1924,1347,862,5999,19241,2912,878,2714,361,46,3261,928,715,98,3645,1860,271,3302,12592,360,1895,2267,620,677,134,15038,3780,3331,1490,105,1,831,1,b
2019,1658,2440,7377,783,19104,2487,6402,1862,4268,9974,4022,9956,2461,5349,725,2128,5847,1742,406,550,4843,1784,1386,24280,44586,480,12538,3801,532,3412,1385,28211,7889,11929,5702,4552,5311,664,2975,b
3010,2368,1966,13007,884,27476,3438,11080,3603,6311,16228,4490,14814,3485,8859,1238,2718,10000,1650,1074,1051,9073,3847,2181,26027,55890,1495,13521,6928,1507,6129,2293,42884,13487,18071,7325,4589,5314,1482,2989,b
166,263,1551,1502,117,4716,492,1198,232,452,1660,976,3366,594,1308,128,299,1086,290,149,81,1286,503,194,22451,35778,185,11222,787,195,636,171,6397,1985,1450,687,4546,5310,174,2975,b
8873,5500,14720,26816,2967,62133,5529,22774,7254,12914,35816,17968,35150,7429,19384,6060,4657,20458,5081,3157,2882,19031,8047,13677,32986,79191,2546,17992,14320,2782,7711,3132,89551,31282,32564,13364,4688,5638,6562,2996,b
983,2588,1982,4618,283,13953,1133,4178,714,2836,5233,1971,9004,1923,4957,481,1313,3658,638,799,130,3316,2029,546,892,7801,275,695,3117,405,2816,657,19576,7296,3693,3904,12,6,746,4,b
8589,6303,2371,28272,2165,63606,6256,24581,7822,14724,32007,7939,0,8335,20083,3127,6248,21860,2463,2966,2498,19655,9480,4727,31028,78504,3151,16019,14239,2854,10217,3760,89649,33329,31372,17326,4765,5356,4443,3013,b
2896,2338,2519,12553,843,27668,3226,11718,3814,6952,15887,4378,12604,3948,9194,1062,3033,9829,1330,1045,1113,7832,3456,1727,26498,52368,1246,13715,6544,1331,4541,1970,42666,14776,16091,8072,4615,5325,1527,2993,b
6947,6841,19518,37968,4093,87672,7108,31420,10508,18673,45144,15354,36023,11111,27688,4534,7969,27964,4000,4531,3727,28112,14165,7288,36549,98735,4205,19247,19070,4074,14706,5427,123174,43226,33060,22185,4804,5403,8571,3088,b
4275,3207,1133,14126,1142,33001,4187,13283,3963,7800,18375,6257,20480,4496,11374,1502,3322,11895,1814,1308,1274,10198,4651,3400,26855,58341,1593,13961,8000,1519,7172,2998,51515,17394,19647,9307,4612,5333,2107,2990,b
4029,4069,4475,16809,1422,35127,3983,14585,4814,9897,22058,6113,17401,4995,11070,1718,4056,13443,2074,1078,1376,10963,4417,3371,26802,57495,1579,13898,8129,1378,5163,2165,53437,17401,22946,10715,4631,5327,1601,2997,b
12,79,1018,701,41,1924,155,395,68,124,700,182,1699,117,567,54,47,425,157,65,31,578,142,85,90,790,31,66,267,52,262,20,2771,815,324,349,0,0,48,0,b
81,86,464,498,41,1854,159,627,99,148,771,251,1402,159,620,61,69,405,106,43,25,504,234,87,226,1121,77,172,376,76,231,87,2513,892,926,348,3,0,82,0,b
7577,5431,2685,25883,1601,55846,5977,23569,6999,12873,29980,6522,0,7633,17663,2765,4880,20299,2493,2354,2167,18951,8504,4245,30808,76986,2833,15870,12963,2722,9656,4055,81982,29722,30953,15147,4668,5347,3361,3014,b
2808,2161,2598,12266,843,24822,3229,10576,3562,6401,15177,4882,14530,3429,8469,1074,2731,9642,1639,858,1127,8491,3733,2015,25667,52682,1238,13184,5907,1202,4357,2116,39635,12955,15859,8047,4597,5317,1442,2991,b
190,356,477,532,88,1198,112,327,54,168,616,178,1054,81,415,61,26,335,95,37,24,545,153,46,116,600,28,64,256,39,187,105,1741,525,682,81,0,0,50,0,b
284,245,815,1737,111,4241,419,1855,585,786,2004,355,2724,617,1480,115,300,1280,201,136,180,1478,711,114,755,3305,397,347,911,388,893,317,6467,2198,2028,799,16,0,408,12,b
1258,1142,1255,5358,286,11661,1484,5052,1760,3166,7074,2050,5423,1612,3494,322,1597,4185,675,255,391,3562,1231,322,23892,41656,563,12139,2744,577,1303,576,19679,5283,7794,3694,4566,5310,460,2987,b
4541,5029,3210,18303,1369,41503,4824,16763,4994,11638,25225,6734,20877,5775,13447,2096,4546,15389,2287,1264,1525,12121,5051,3884,27027,60742,1694,14187,9854,1592,7166,2825,60210,20809,27170,13006,4603,5329,1763,2997,b
7753,4179,2261,24815,3059,47665,4383,17951,7121,12105,27494,10064,21515,5936,17755,3181,5257,18740,2049,2469,2265,14760,8349,5592,30596,67013,2599,15616,10319,2261,8550,4280,67122,27799,29215,12621,4575,5342,3747,3065,b
1232,861,2782,7326,286,11909,678,6596,2625,3199,7799,1582,4297,2080,3886,509,721,4585,448,833,584,4851,2149,442,3311,12124,1100,1766,3369,1168,1877,740,19773,7142,5757,2584,77,12,1070,22,b
4870,4557,13399,32507,2650,68178,5651,26905,7941,11282,37353,9194,32257,7911,22021,5131,3563,21474,3357,3635,2559,21373,10638,4336,13877,59090,3026,7931,16799,3433,12125,4191,100014,34928,37426,15671,110,34,4727,29,b
2738,1604,3114,10051,646,29959,1690,9420,2284,5467,11782,5874,15560,3675,10304,1935,2045,6900,1102,1287,1333,7228,3602,4061,2874,17653,918,1431,6250,938,5681,2002,39561,14897,10876,6195,57,31,2706,21,b
1401,831,933,5154,342,7956,612,3109,1265,1789,5588,1635,3742,1002,2680,463,793,3590,448,332,468,2242,960,492,24134,39343,502,12237,2071,489,942,633,10651,3984,7734,2119,4776,5310,361,2979,b
2852,1622,2727,11707,633,25802,2192,7953,3731,11516,13580,4638,8680,4486,6847,791,2653,9439,1405,2102,1253,7033,3696,1417,6621,17154,962,3671,6459,1030,5273,1660,35918,11579,11300,7217,79,43,3078,27,b
490,757,4244,5350,334,15421,1020,5073,1224,2261,7612,3421,7942,2078,4184,550,698,4284,992,658,292,4530,2183,1132,1830,12475,632,1291,3509,695,1840,534,21018,6591,6934,2563,18,1,768,13,b
0,2,0,1,0,3,1,2,0,0,4,0,7,1,0,2,0,2,0,0,0,1,0,2,0,0,0,0,0,0,0,0,4,1,3,0,0,0,0,0,b
7239,6475,12672,36969,3166,99581,8521,33068,11501,28246,43272,10136,0,13084,30164,5220,7859,29471,3397,3921,2945,26441,14511,8577,31955,99236,3074,16467,20975,2861,23311,8054,113530,49580,44701,31716,4767,5398,5244,3033,b
534,1160,338,1577,148,6257,849,1562,451,868,2133,353,3257,473,1699,288,407,1498,275,130,104,1375,534,369,232,2784,150,232,1181,275,912,223,7964,2505,1959,1430,12,0,174,0,b
7467,3376,3842,13590,1223,28410,2770,10381,2887,5859,19336,4883,12235,3276,7806,2342,2758,13361,2471,1868,5658,6759,2539,2622,37203,62734,1844,15249,6365,1102,5397,1479,39698,12094,24467,6958,4581,5315,17443,2988,b
168,165,89,868,101,1927,226,669,105,206,1221,497,1589,229,790,88,94,546,121,75,42,932,293,84,239,1496,97,123,502,105,276,131,3152,1122,1139,303,1,0,89,0,b
60,45,0,235,23,868,89,313,52,77,306,48,577,102,304,15,52,242,42,32,10,237,121,20,31,420,35,16,161,40,121,50,1286,469,404,124,0,0,59,0,b
1976,1495,1607,7613,482,15450,1945,6682,2376,4369,9575,3103,7712,2222,4995,606,1968,5963,974,464,672,4898,1919,990,24387,44436,766,12449,3630,717,2385,1209,24774,7735,10465,5148,4585,5311,785,2989,b
0,3,0,59,3,84,3,98,20,10,49,24,66,15,37,0,0,27,1,1,4,38,13,0,37,215,17,26,58,21,0,0,204,75,84,25,0,0,3,0,b
6,10,26,123,7,403,18,85,22,13,108,16,304,20,89,5,2,66,14,7,8,92,101,3,13,41,1,6,17,1,18,7,443,146,251,24,0,0,13,0,b
4046,3877,3559,15906,1189,32146,3547,14149,4850,9737,21313,5722,14792,5032,9696,1555,3671,12771,1936,1007,1331,10423,4180,3026,26815,56654,1630,13921,7668,1389,4604,2008,50054,15529,22199,10414,4601,5327,1406,2996,b
8585,5524,12910,25293,2905,59689,5246,22042,6760,12772,33074,16157,32312,7534,18141,5732,4267,18806,4774,2699,2563,18220,7756,12950,31124,76315,2377,16601,13520,2597,7498,3096,85119,28904,32569,13106,4649,5639,5509,2994,b
2461,2242,1091,8346,735,19852,2755,7632,2242,5547,11956,3465,9994,2786,6197,824,2723,7366,1325,515,649,5501,2047,1644,24137,45040,539,12415,4411,496,2790,1363,30350,9453,13672,6906,4554,5320,645,2975,b
2809,1674,1364,7984,458,15824,1693,6544,2166,3653,9541,2589,7611,2391,4935,750,1406,6397,716,703,734,6111,2704,1405,25133,47024,1187,12472,3832,1040,2190,1265,23489,8176,9186,4596,4606,5327,960,2990,b
2717,2327,1897,10236,744,21413,2780,9402,3157,6188,13700,3811,10825,3146,6699,911,2778,8325,1377,608,859,6595,2518,1652,25211,47859,964,12918,4947,874,2985,1483,34401,10448,14863,7329,4592,5316,970,2992,b
3229,2769,3891,12598,1024,27224,3092,10680,3593,7386,16841,4721,14708,3784,8281,1239,3103,9909,1737,798,1001,8072,3115,2305,25907,50658,1300,13310,5952,1146,3703,1739,41329,12766,18898,8698,4588,5322,1093,2992,b
416,290,1907,2797,157,4856,397,2454,905,978,2893,1267,2436,1004,1559,166,394,1710,313,310,248,2037,872,154,23540,38068,569,11693,1183,564,720,288,8348,2663,2146,883,4579,5310,513,2989,b
1012,643,5346,6650,283,9073,583,4592,1833,1928,7609,2357,4482,1728,3544,662,427,3728,920,767,485,4358,1666,552,3951,11281,855,1688,2689,838,2322,568,16399,5413,5784,1600,54,4,1288,17,b
1294,1089,5423,9113,436,15685,1190,6934,2137,3575,10344,3382,7776,2412,5889,951,1031,5527,1110,1085,477,5907,2875,995,4173,16139,1064,1878,4752,1094,3544,951,24403,9332,8587,3319,58,17,1710,15,b
6543,4527,1721,23849,1603,58936,6323,25323,7134,16622,28488,5846,0,8706,18131,2495,4771,20763,2255,3151,1977,17474,8831,3597,31394,79562,3004,16688,15033,2909,10517,3857,84195,31568,29713,14322,4657,5352,3158,3013,b
2713,1587,1558,9702,687,17276,1693,5644,2310,4631,11342,3267,8146,2048,5364,1059,1817,7300,1010,548,912,5027,2196,1823,24929,44614,907,12630,3879,773,2678,1444,23154,7867,14987,5087,4587,5324,827,2985,b
166,128,50,419,56,1256,127,335,72,91,557,107,945,201,378,38,78,346,115,48,19,372,167,67,113,957,58,84,293,70,142,57,1825,579,619,283,0,0,88,0,b
249,234,201,904,246,3041,366,984,179,363,1462,1174,1898,398,941,118,247,823,162,130,56,758,399,211,195,1582,128,130,557,156,789,228,3822,1504,1345,627,2,0,353,0,b
838,232,162,2093,167,4495,143,1440,281,275,2195,458,2991,940,1459,194,90,1199,387,265,232,1810,703,180,1088,4507,410,590,1177,472,855,343,9178,2255,1498,652,17,0,481,2,b
98,151,97,486,56,1704,190,546,100,199,733,207,1010,237,534,55,130,427,90,81,24,436,258,88,119,986,81,55,343,105,279,122,2227,810,722,241,1,0,132,0,b
745,976,126,2325,149,5746,701,2029,610,1063,2626,343,3148,677,2187,300,705,1671,312,173,223,2045,1040,364,625,3896,449,310,1216,501,1299,447,7928,3314,2137,1643,11,0,429,6,b
1074,6253,7650,18778,1353,44096,3990,15658,7911,13566,34144,7683,21354,6053,11899,1836,4043,13865,1714,1600,1544,12124,5366,3501,27865,62962,2075,14295,9148,1760,5837,2531,63079,18515,24449,11286,4650,5349,2179,3000,b
7151,5828,3259,24915,1786,58428,5344,22358,6647,12919,27071,7293,33072,7546,19339,2163,5206,19383,2569,2993,2104,18409,8979,3483,30545,77252,2893,16106,14048,2890,8590,3101,83363,31153,28657,16672,4691,5351,3437,3013,b
2765,2348,2802,13540,928,28877,3322,12194,3900,6463,15809,4518,15516,3999,9783,1244,2462,10808,1318,1310,1257,9621,4756,2242,27223,59556,1792,13745,7241,1705,6039,2277,43063,15417,17125,7194,4623,5341,2026,2999,b
375,532,1409,2603,273,7385,884,2352,522,1142,3030,1242,4356,820,2548,257,833,2018,366,291,123,2338,1069,330,22905,38591,311,11447,1691,292,800,282,9815,3880,2917,1230,4585,5310,445,2978,b
572,605,1965,4618,207,9135,758,4695,1640,2195,5288,1158,4396,1329,3122,389,464,3227,308,436,375,3183,1439,375,2097,8504,638,1168,2492,666,1701,648,14031,5070,4802,2083,43,11,797,17,b
452,520,1077,3626,302,7579,896,3871,1160,1407,5089,1125,4477,840,2591,640,728,3009,287,393,218,2399,1802,896,924,5842,403,506,1802,402,1052,357,10814,4813,3949,1559,13,1,384,1,b
784,290,1660,2122,275,6611,446,2392,524,1109,3774,1597,2934,797,2176,420,222,1800,462,608,445,1384,483,588,1895,4718,148,904,2247,193,1186,464,9141,3200,2950,1107,122,0,950,2,b
2355,883,873,6835,428,11898,1027,4906,1804,2589,7245,2333,7054,1697,3529,556,861,4890,515,674,532,5154,2265,1857,2523,10330,884,1146,2665,762,1633,787,19538,5978,6265,2703,55,7,783,9,b
576,527,233,1080,97,2202,400,960,351,304,1981,337,1355,244,749,225,83,1097,117,220,75,863,406,320,395,2004,232,333,686,300,718,188,3274,1393,1163,420,11,0,136,2,b
6714,3551,9431,17993,2714,44739,3217,14680,6011,12452,22503,16407,25955,5658,13239,4907,2928,12861,3371,2198,2014,12425,5875,15343,6726,29413,1530,4066,9156,1741,5830,2070,56288,21805,21843,10356,80,363,5255,24,b
2732,1599,3096,10059,643,29863,1686,9398,2284,5470,11778,5872,15586,3656,10319,1931,2043,6907,1125,1283,1333,7253,3595,4050,2873,17616,916,1431,6238,936,5678,2002,39500,14907,10842,6170,57,31,2706,21,b
11,73,887,677,39,1827,151,376,70,119,684,171,1701,112,558,54,46,407,154,64,31,537,141,85,88,757,31,68,284,59,264,19,2817,792,300,239,0,0,46,0,b
1497,400,812,4358,161,5074,324,3624,1507,1445,3894,1009,2564,1110,1824,332,309,2712,437,430,327,2534,1091,382,2365,6650,627,1167,1567,590,879,297,10337,3507,3154,1532,49,4,699,17,b
2762,2176,1914,10394,826,24175,2851,10116,3147,6341,14143,4052,12300,3173,8076,1154,2614,8326,1293,806,909,7010,2849,1679,25621,50712,1139,13193,6004,1280,3885,1829,37187,12642,15058,6992,4593,5318,1234,2989,b
2013,628,582,6031,287,7921,1103,3852,1304,1772,5983,1589,3822,1601,3553,550,769,3819,669,785,299,4067,1956,989,3468,10770,860,1477,2696,929,1824,775,14884,5784,4003,2727,51,2,848,11,b
4052,3829,19653,20010,4605,53664,3418,13770,4184,10395,24541,10299,34307,5076,14022,4360,3618,14186,3960,2796,1210,9599,5549,6625,26525,67748,1033,13301,9858,1123,4468,2080,73840,19538,31421,12077,4569,5323,2351,3034,b
4187,3930,12133,24247,1477,60271,4845,17882,6178,17423,26791,9511,27907,8001,17132,1969,5829,18627,3140,2964,2099,18770,9595,2595,31469,74651,2455,16526,13725,2540,8659,3145,79191,25835,25935,16010,4658,5439,5036,3002,b
33,46,165,496,16,2201,130,747,195,96,898,152,765,265,817,40,64,357,29,88,10,211,145,95,186,1411,48,133,519,57,588,96,3725,1159,391,346,0,0,28,0,b
3116,2077,1380,10636,674,23480,1859,8620,2836,5888,12707,3706,11644,2898,6986,1004,2049,7876,1184,776,884,6112,2342,1859,25019,46279,934,12805,4779,861,2979,1687,34873,10690,15224,5977,4591,5329,1086,2988,b
4744,4951,6207,21062,1655,43731,5008,18176,6103,12278,28455,7648,20518,6555,13601,2204,5152,16411,2436,1707,1704,13731,5833,4314,28624,65739,2210,15083,10468,2151,5875,2565,67695,21435,26145,13487,4626,5330,2288,3001,b
2460,2244,1151,8346,735,19852,2755,7632,2242,5547,11934,3478,9982,2786,6197,824,2723,7373,1322,515,649,5501,2047,1632,24137,45040,539,12415,4411,496,2790,1363,30333,9452,13671,6905,4554,5320,645,2975,b
2861,1577,1155,8467,374,17447,2058,7155,2066,3674,10354,3283,9081,2502,6267,729,2486,6583,1064,770,545,6751,3464,1157,25034,48352,1072,12628,4276,1081,2348,1069,29086,9558,8924,5324,4520,5342,1057,2985,b
4171,3910,4544,16254,1122,32830,3611,13963,4827,9614,23186,6997,16109,4811,10537,1906,3824,13675,2132,1381,1570,10533,4360,3884,28151,57829,1672,14989,8276,1530,4778,2096,50662,17063,21715,10349,4607,5326,2255,2994,b
2681,2278,2195,9869,734,20851,2762,8777,2810,5840,13504,3871,10620,3027,6507,911,2699,7897,1476,609,810,6285,2334,1692,25072,47371,868,12788,4824,808,3030,1505,33588,9948,14610,7011,4585,5313,901,2988,b
5325,3461,1476,17732,753,37811,4072,13384,5462,10539,21556,5651,16406,5688,11359,1762,3508,13839,2706,4237,1270,12608,5768,2840,8014,24951,1956,4430,9133,2008,7915,3365,57130,18619,19852,7540,501,57,2003,31,b
249,551,2656,3072,264,9295,950,2805,511,1084,3822,962,7147,731,3008,286,376,2250,580,286,166,3013,980,350,683,6084,428,634,2174,565,1132,381,12761,4525,3608,1554,3,0,420,0,b
341,478,972,2757,638,5759,655,2340,647,858,3728,2498,4789,586,1877,338,487,2020,293,433,186,1578,1029,1245,829,4147,330,554,1240,309,995,356,8986,3134,3724,980,18,10,609,2,b
2541,1195,2664,8095,480,25093,1311,7441,1748,4301,9644,5744,13315,2994,8810,1730,1680,5660,956,1166,1227,5466,2852,3781,2243,13979,635,1167,4920,601,5333,1754,33042,12355,8390,5220,33,31,2522,15,b
5670,3511,2506,17428,1599,41008,4169,15905,3348,7561,23370,9881,0,5621,15680,2481,3109,13994,3412,2354,1789,11754,6237,4793,31703,71030,2195,16005,11135,2298,10560,3225,56482,24293,25863,8456,4506,5347,3337,2997,b
4128,3801,10391,24443,3287,59006,5820,21913,6303,12310,31745,8971,28966,7793,18078,2747,4181,18231,3487,2423,1420,15886,6520,4504,30306,74835,2307,16068,13127,2305,12075,3970,87127,27621,33070,15433,4615,5332,2963,3001,b
437,283,2265,3638,75,4496,152,2546,1051,1087,3608,809,1179,989,1329,230,206,2083,236,392,345,2767,1082,132,1852,5885,629,877,1272,584,413,257,8610,2493,2022,996,35,4,534,11,b
2666,1369,2696,9226,595,28050,1578,8281,1993,4787,10699,5913,14865,3298,9685,1810,1875,6331,1073,1225,1268,6414,3231,3960,2578,15619,785,1292,5559,786,5631,1899,36961,13774,9935,5846,50,31,2679,15,b
6589,3856,2090,26975,1717,54982,5216,19101,5504,8331,27809,15367,24531,6211,16259,2860,3272,18106,3576,3024,2119,19420,8685,4959,9067,53888,2850,5777,13238,3336,9453,2785,89262,25803,30907,10833,126,7,3619,20,b
14586,9682,3886,50164,4494,120576,9275,44103,12966,29434,56384,14343,0,16958,34928,7298,7199,39192,4499,5694,4520,33529,15661,10685,36934,123559,4518,19655,28634,4536,20994,7457,171291,56674,60830,25813,4800,5445,8797,3064,b
4988,4030,1902,16643,1351,37258,2838,11162,4263,9639,18675,5050,15261,4471,11199,1723,2834,13536,1722,2210,1546,9619,5025,2858,28355,56002,1475,14702,7724,1353,6870,2558,47238,16899,21603,7989,4717,5355,2274,2994,b
6719,3562,9443,18061,2715,45017,3229,14763,6027,12488,22580,16422,26049,5710,13317,4918,2930,12907,3376,2204,2016,12482,5894,15358,6734,29574,1540,4073,9216,1748,5875,2078,56656,21931,21908,10405,80,363,5261,24,b
902,1089,5310,6218,478,17564,2428,5069,1124,2403,10182,6706,12375,1638,6227,1572,1148,5225,1309,761,478,5417,2352,1926,1852,11884,777,1381,3997,1046,2658,928,24371,8572,8072,2151,14,8,2049,6,b
45,91,1411,1025,48,2969,264,700,143,274,1057,329,2439,209,855,87,98,683,191,102,46,848,253,130,120,1472,99,100,487,77,384,57,4160,1309,777,497,0,0,72,0,b
928,657,1920,5109,248,8874,517,4855,1939,2405,5505,1318,3438,1536,3279,392,547,3267,318,593,451,3021,1468,436,2441,8828,790,1325,2630,868,1877,665,14558,5719,4329,1760,63,10,890,19,b
3531,3069,3577,14805,1003,28148,3210,12843,4621,8389,19106,4923,13146,4405,8618,1354,3305,11350,1651,961,1186,9648,3758,2386,26820,54630,1533,13835,6743,1347,3997,1859,45115,14040,19530,9313,4606,5327,1286,2998,b
2047,1626,2538,9383,709,18192,2237,8187,3107,5396,12201,3531,8393,2594,6086,946,2243,6866,1134,1180,705,5636,2304,1256,26416,48069,1060,13672,5270,1093,2544,1058,29970,9707,12064,5443,4675,5321,1023,2992,b
12175,4475,3295,26752,1802,57000,4849,19142,5383,8684,34045,9662,29674,9719,18754,5401,3023,22038,5019,3593,2445,20939,10641,7065,31639,96424,4447,15763,18295,3764,11677,4407,80160,29268,35064,17294,4826,5373,4538,3019,b
2133,1785,3454,10646,620,19332,2177,9832,3393,5299,12397,3459,9154,3241,6323,967,1838,8285,856,911,1005,7767,3554,1508,26296,52188,1437,13209,5161,1307,2848,1440,30387,10891,11511,5929,4623,5330,1439,3002,b
433,410,1604,2889,211,7405,679,2902,857,1347,3667,2150,4005,1249,2599,438,603,2228,392,443,297,2126,1066,494,23692,38982,498,11850,1673,508,1475,487,10788,4059,3228,1396,4566,5322,807,2987,b
3144,2471,966,12472,756,25282,2547,10706,2949,4269,13366,2320,12143,3068,8138,1141,1284,8485,1711,1294,961,8357,4284,1122,6231,20748,1507,3114,6266,2110,4926,1688,39953,13208,15030,5254,50,11,1672,16,b
856,1360,651,3431,304,12285,1377,3918,742,1915,4642,1325,6355,1041,3709,539,651,2751,586,243,236,3259,1154,605,506,7399,335,576,2855,524,1598,399,17789,5344,3837,2755,17,0,466,0,b
830,1061,3007,8585,595,22401,1852,7664,1874,3082,9901,2783,14341,2444,6932,1168,1005,6003,910,863,404,7675,2887,2147,2565,15342,1143,1580,4792,1216,3511,1098,31538,11054,10629,3785,22,62,1106,8,b
830,1061,3007,8585,595,22401,1852,7664,1874,3082,9902,2783,14340,2444,6932,1168,1005,6003,910,863,404,7675,2887,2147,2565,15342,1143,1580,4792,1216,3511,1097,31538,11054,10629,3785,22,62,1106,8,b
6681,2385,1120,21419,1730,40663,2311,19200,5632,8740,22534,6354,12906,6189,13772,3462,1682,13552,1973,2069,1572,13425,6802,3791,6597,41267,1704,4017,13713,2107,6965,2512,62323,23817,28103,8598,116,48,2872,29,b
335,189,1282,2612,136,4683,360,2524,991,1065,2853,662,2797,698,1852,172,303,1738,220,245,255,1712,883,259,1205,4614,485,555,1215,466,887,323,8260,3012,2277,1092,33,3,495,15,b
3567,2801,3272,13973,1639,32698,3349,12376,4047,8039,17740,6482,21835,4240,9058,1450,3485,10849,1790,1115,1031,8112,3570,2286,27161,52282,1397,14079,6859,1130,5325,2628,46376,13838,21600,9953,4629,5323,1665,2994,b
7606,3542,3607,14143,1250,30742,2883,11583,3024,6210,20047,4457,13542,3817,8529,2324,2889,13426,2308,1754,5672,7131,2773,2704,36788,63914,1961,15128,6603,1249,5765,1621,43132,13455,25582,7525,4570,5313,16555,2987,b
3425,2770,2475,13394,885,26983,3223,12022,4054,7427,17406,4589,12827,4007,8638,1140,3093,10464,1574,1083,1081,8816,3509,1871,26383,53512,1367,13633,6675,1357,3868,1820,44179,13831,17018,8344,4617,5322,1424,2993,b
2023,1555,1644,8008,540,16235,2069,7135,2543,4607,10174,3284,8403,2308,5324,657,2065,6322,990,485,717,5109,2109,1162,24543,45087,832,12536,3905,805,2605,1314,25765,8353,10964,5532,4585,5314,890,2990,b
3283,2898,2601,12786,981,26345,3145,11548,4010,7785,17130,4563,13007,4029,8190,1270,3192,10284,1586,758,1082,8079,3154,2347,25946,51475,1255,13366,6125,1088,3955,1835,41295,12887,18706,8730,4596,5326,1130,2995,b
693,136,180,1359,27,1981,82,813,342,295,1334,150,759,326,608,61,105,927,142,189,182,1009,413,48,748,2377,286,306,675,247,114,71,3830,1000,1017,245,27,3,319,7,b
1448,708,842,4712,245,7538,586,2865,1158,1497,4945,1906,3900,1030,2806,394,738,3311,453,293,456,2302,1020,576,23906,39268,506,12010,1922,475,1122,788,10567,4161,6437,1961,4711,5313,465,2983,b
10474,6246,2213,36762,2271,79556,6546,32063,8899,20290,42154,12937,30377,12248,28851,5476,6756,27486,2615,4408,2820,25355,13421,8474,33233,93452,3229,16719,18989,2778,18380,7710,118565,44727,37545,19445,4802,5430,6580,3017,b
6714,3551,9431,17993,2714,44739,3217,14680,6011,12452,22503,16407,25955,5658,13239,4907,2928,12861,3371,2198,2014,12425,5875,15343,6726,29413,1530,4066,9156,1741,5830,2070,56288,21805,21843,10356,80,363,5255,24,b
539,1146,340,1622,152,6455,858,1639,457,908,2220,362,3342,493,1775,305,432,1547,270,130,105,1415,562,382,236,2920,155,246,1244,282,946,232,8195,2614,2053,1472,12,0,179,0,b
6714,3551,9431,17993,2714,44739,3217,14680,6011,12452,22503,16407,25955,5658,13239,4907,2928,12861,3371,2198,2014,12425,5875,15343,6726,29413,1530,4066,9156,1741,5830,2070,56288,21805,21843,10356,80,363,5255,24,b
1975,1551,807,7175,505,15983,2048,6243,2057,4297,9292,3027,8083,2033,5063,674,1839,5586,912,376,579,4188,1741,1050,23843,43439,470,12298,3949,620,2530,1240,24579,7720,10652,5115,4574,5311,595,2977,b
5944,3631,2764,16345,1005,41863,3122,12103,3894,9645,20232,9264,17144,5531,17847,2773,5058,13034,1657,1419,2325,10532,4395,1994,29101,60346,1197,14428,9983,1112,7711,2704,53006,27231,18469,10641,4925,7541,6781,3093,b
345,305,2491,2118,215,6951,1285,1558,251,579,2423,1673,5925,520,2165,223,334,1800,627,166,96,1909,923,246,346,4210,232,298,1303,323,1120,280,9794,2721,3147,991,2,0,353,0,b
1711,1574,2229,7810,570,17044,2156,7982,2524,4470,9747,2889,8994,2756,5721,785,1716,6849,766,619,834,5753,2778,1412,25074,47860,1099,12518,4236,988,2807,1361,25547,9300,10199,5145,4598,5329,1210,2999,b
1,8,0,20,0,70,8,47,2,7,36,3,54,14,25,2,4,13,0,3,0,11,14,1,0,35,0,0,24,0,11,6,108,51,48,5,0,0,0,0,b
3325,3066,4000,15454,1135,36124,4211,14518,4387,9583,20219,5803,19057,5077,11652,1575,4000,12511,1908,1199,1394,11118,4861,2664,26616,58852,1573,13823,8431,1493,5953,2588,53207,18082,21733,10159,4605,5320,2078,2993,b
2828,1621,1475,9690,498,15232,991,6713,3015,4462,10392,2266,5911,2112,4467,851,1246,6624,646,683,809,4871,2185,1064,25544,45669,1134,13000,3711,995,1828,1000,21527,7247,12329,3743,4608,5323,805,2993,b
1707,1118,1706,8112,378,13834,1840,6226,2574,3514,9265,2762,7004,1877,4280,448,1844,5597,938,531,609,4791,1913,458,25121,46289,1049,12709,3594,1009,2252,740,25218,6725,9366,3960,4586,5315,858,2990,b
6723,3570,9531,18132,2719,45471,3238,14907,6061,12549,22684,16434,26204,5781,13428,4927,2930,12948,3383,2207,2022,12528,5914,15369,6751,29968,1548,4091,9372,1752,5904,2090,57222,22104,22066,10449,80,363,5273,24,b
6719,3562,9443,18061,2715,45017,3229,14763,6027,12488,22580,16422,26049,5710,13317,4918,2930,12907,3376,2204,2016,12482,5894,15358,6734,29574,1540,4073,9216,1748,5875,2078,56656,21931,21908,10405,80,363,5261,24,b
4145,3406,1100,13412,1189,31950,4237,12723,3665,8040,18351,5438,18608,4425,10815,1474,3459,11621,1897,1046,1209,9756,4297,2721,26107,55904,1330,13665,7668,1292,6453,2871,48961,16270,20239,9849,4574,5319,1709,2987,b
1762,1797,5299,15102,1347,41644,2330,15594,3722,6517,16953,4306,20621,6039,13258,1662,1465,9657,1629,1918,1410,9790,4721,3052,5683,36777,1582,4178,11586,1705,7214,1671,63716,20243,15130,7015,56,5,2695,14,b
3955,3438,4834,18455,1087,33717,3651,15107,5478,9728,22652,5879,17251,5244,10312,1779,3732,13717,2026,1308,1487,11887,4715,3544,28130,60182,1910,14475,8022,1702,4871,2192,55391,16978,21779,11115,4608,5329,1793,3002,b
6705,5353,2780,25759,1747,60830,10463,19824,5026,14534,34392,7831,36165,9914,18933,2818,4816,21064,5287,3864,2171,18198,10100,4669,29570,80357,2140,14640,13889,2169,22564,4938,91192,29377,28507,15939,4609,5422,3976,3004,b
640,366,2140,4875,100,5698,312,3866,1643,1586,5040,10924,10150,1132,1780,303,368,2855,280,570,399,3290,1426,7694,2312,8469,942,1189,1808,783,799,334,11987,3637,2502,1557,56,3,826,18,b
7134,3786,9953,19881,2817,49857,3594,16108,6633,13536,24798,17191,28103,6238,14320,5013,3354,14137,3676,2281,2119,13569,6194,15476,7030,31929,1617,4298,10137,1842,6308,2163,63650,23378,24814,11987,79,363,5383,24,b
2674,2178,3768,12760,703,23503,2504,11040,3979,6551,15132,4157,10129,3677,7602,980,2608,9364,1350,1079,1008,8545,3531,1274,26682,52764,1402,13654,5806,1281,3928,1900,38673,12534,14177,6978,4620,5320,1414,2995,b
1183,832,432,4409,1791,10021,550,2073,1406,3069,4729,2202,3084,880,3021,647,962,3824,310,562,623,1980,2435,1115,988,3535,204,470,1410,130,1404,592,13035,4338,4177,1678,13,1,1277,54,b
186,166,710,1500,50,3334,198,1783,466,583,1836,323,2072,709,1177,133,193,971,197,163,125,1216,564,171,714,3914,364,375,1257,404,464,197,5952,1838,1354,697,13,0,309,7,b
1369,1044,4248,5826,598,15181,1918,4794,1131,1727,7915,3209,10562,1859,5513,944,839,4546,1683,663,253,5612,2426,1088,1250,11259,828,1114,3672,1272,2122,771,23331,7453,6647,3129,2,2,691,0,b
7334,3984,10513,21015,2839,52142,3794,17140,7040,14107,27619,18632,29888,6471,15538,5426,3651,15675,3911,2678,2433,14316,6596,16370,8734,34344,1738,5561,11059,2054,6755,2327,66860,25775,25465,12363,90,363,6321,24,b
177,286,240,1275,123,3865,371,1145,255,912,1723,393,1669,487,1252,263,341,1053,84,179,89,945,434,425,349,1839,121,213,595,115,892,259,4539,2096,1515,1027,3,3,274,0,b
1665,1338,1581,7752,452,15544,1870,7481,2561,4678,10295,2694,7647,2379,5550,583,1951,6042,923,582,542,4967,1982,823,24469,43945,712,12512,3942,692,2577,1092,26727,8491,9957,5132,4587,5318,714,2991,b
1155,766,1333,5083,210,9774,1308,4462,1787,2560,6447,2315,4698,1324,2861,292,1357,3851,604,335,362,3284,1158,296,23778,40658,575,12016,2168,567,1168,409,17344,4484,6610,3037,4580,5310,508,2989,b
4356,2624,2088,15167,853,27573,2042,10419,4193,6156,15358,3104,13615,3499,8416,1610,1571,10027,1283,1221,1293,8544,3666,1657,5127,19841,1657,2921,5833,1499,3587,1677,38928,13266,18224,6546,78,24,1637,24,b
2727,2319,1943,10289,736,21497,2791,9413,3169,6182,13845,3828,10907,3137,6717,916,2778,8336,1385,611,861,6623,2514,1679,25212,47786,958,12924,4927,868,3035,1511,34509,10450,15037,7299,4592,5316,970,2992,b
184,272,134,721,79,1435,115,476,89,157,965,107,1402,169,560,47,20,416,77,55,29,806,210,51,152,953,58,72,364,73,230,102,2318,794,862,205,1,0,37,0,b
186,272,134,732,79,1445,115,478,92,157,968,107,1407,169,563,47,20,417,77,55,29,809,214,51,152,957,58,72,364,73,230,102,2330,798,872,208,1,0,37,0,b
3152,2805,1766,11883,1023,27063,3258,10703,3415,7548,16710,4490,12942,3889,8251,1217,3327,9955,1651,794,966,7787,3052,2348,25426,50698,1124,13180,6313,1052,4098,1862,41320,12910,18549,8804,4572,5326,1053,2990,b
2806,2533,2495,11719,839,24598,3105,10776,3334,6707,15889,4104,11992,3706,7609,1094,2974,9320,1545,803,802,7886,3184,1813,25797,51611,1171,13346,6068,1170,3060,1523,39894,11923,15864,8124,4575,5313,1087,2985,b
5991,3642,1741,18631,929,38334,3966,14083,4625,8711,21326,6386,21116,4930,13773,2079,4156,14396,1854,1855,1647,13892,6953,3226,28047,61961,2119,14413,8901,2065,7536,2907,56247,21466,20367,10801,4513,5345,3172,3001,b
2461,2242,1091,8346,735,19852,2755,7632,2242,5547,11956,3465,9994,2786,6197,824,2723,7366,1325,515,649,5501,2047,1644,24137,45040,539,12415,4411,496,2790,1363,30350,9453,13672,6906,4554,5320,645,2975,b
2924,2401,2364,11384,759,22573,2842,10201,3469,6470,15022,4101,10943,3448,6974,971,2844,9008,1440,782,928,7620,2921,1701,25666,50445,1176,13191,5450,1046,2952,1504,37342,11099,15085,7574,4592,5316,1070,2991,b
3780,4221,2051,13571,1237,32353,3874,12272,3633,9590,19716,5067,15534,4557,9863,1596,3944,12096,1811,807,1080,8773,3554,3153,25441,52087,1036,13271,7230,907,4547,2036,46339,15343,22509,10644,4564,5333,985,2982,b
967,1540,1210,2046,89,4881,1056,1328,425,965,2988,912,3036,591,2189,289,1027,2165,276,425,114,1900,1072,219,850,3558,308,549,1257,277,545,137,7225,3186,1311,744,5,0,676,4,b
534,512,1299,3763,248,8373,695,3579,1191,1515,4335,1334,4039,1358,2968,336,839,2522,425,416,350,2635,1467,458,23461,40408,655,11714,1888,625,1062,442,12708,4631,3288,1585,4580,5311,707,2989,b
2861,1577,1155,8467,374,17447,2058,7155,2066,3674,10354,3283,9081,2502,6267,729,2486,6583,1064,770,545,6751,3464,1157,25034,48352,1072,12628,4276,1081,2348,1069,29086,9558,8924,5324,4520,5342,1057,2985,b
3459,3000,3859,15167,1038,28663,3285,13290,4711,8530,19281,4958,13401,4509,8976,1446,3334,11487,1669,1019,1179,9833,3916,2327,27095,55682,1601,14052,7127,1398,4177,1956,46074,14687,19498,9398,4603,5324,1344,2998,b
2610,1991,2310,11044,686,22169,2915,9649,3271,5705,13594,4033,12695,3054,7177,843,2502,8480,1502,727,861,7644,3024,1463,25401,50204,1124,13003,5115,1100,3292,1539,36779,11129,14279,7026,4594,5314,1065,2991,b
1924,1402,1272,7185,490,12552,860,4009,1806,3207,7781,2020,5312,1451,3639,742,1054,4966,521,396,651,3102,1410,1069,24316,40972,700,12291,2691,615,1476,919,15231,5335,10831,3071,4581,5323,529,2982,b
58,332,145,303,108,1087,145,245,30,112,659,111,1206,62,327,202,128,206,32,4,12,311,130,327,57,489,26,25,147,26,61,20,1354,434,509,424,1,0,20,0,b
4174,3213,894,12013,647,34999,2718,8565,3174,9676,12918,3880,11845,4186,9762,1171,2717,11101,1410,2080,1000,9077,5148,1609,4305,19177,1206,2273,6633,1085,5745,2075,42325,14765,14409,5556,101,55,2831,29,b
2949,2472,2636,12454,777,24269,2908,11235,3731,6951,15862,4315,11681,3872,7518,1075,2896,9503,1499,854,1025,8216,3127,1809,26172,51934,1294,13577,5898,1219,3241,1661,40265,12058,15903,7966,4603,5316,1223,2995,b
683,351,892,3493,124,5949,339,3087,1231,1510,3693,745,2423,942,2260,227,436,2131,205,463,323,2039,1000,240,1514,5342,542,801,1689,658,1172,412,10036,3803,2711,1070,57,4,607,15,b
2460,2244,1151,8346,735,19852,2755,7632,2242,5547,11943,3478,9994,2786,6197,824,2723,7373,1322,515,649,5501,2047,1644,24137,45040,539,12415,4411,496,2790,1363,30333,9452,13671,6905,4554,5320,645,2975,b
269,249,502,1601,104,3954,343,1772,577,737,2007,808,2030,794,1239,114,341,1113,167,140,175,1294,656,132,22980,36721,379,11415,934,385,600,246,6069,1962,1604,690,4560,5310,387,2987,b
3216,2360,5936,14196,922,28573,2141,12626,4490,6666,17304,3874,13444,4121,10378,1741,2156,10813,1166,1835,1489,10491,5331,2398,6132,29010,1997,3239,7897,1837,5446,1829,40987,16847,13024,7649,117,45,3079,31,b
380,240,113,1579,79,3675,396,945,272,621,1405,462,2803,352,1877,150,750,1030,170,146,132,1093,946,134,410,1978,99,171,738,88,752,228,4444,2436,1506,1597,5,9,258,3,b
4530,5576,4796,18857,2212,47339,5158,19079,4908,11767,26477,7931,25666,5805,15904,2101,4415,15371,2453,1558,1450,13093,5339,4272,27213,62293,1861,14381,10283,1965,9143,3541,67322,24417,31077,12020,4592,5330,2005,2992,b
3440,3252,6795,18755,2136,47460,3545,15648,5137,11674,22127,6657,20017,6662,13395,2458,4417,15330,1850,2284,1676,13664,7946,4068,27895,64814,1782,14217,9879,1714,6548,1948,66921,21006,18235,10826,4651,5354,3775,3014,b
919,1114,2285,5572,346,17370,1589,6684,1486,3251,7149,2365,10899,1919,6036,913,1002,4588,774,620,345,4808,2371,1764,2206,12953,922,1336,3938,1042,2607,922,24062,9357,6780,3015,22,2,940,13,b
21,24,0,189,10,461,91,179,22,16,319,184,384,42,194,15,45,89,82,55,23,83,73,19,151,813,7,175,184,13,65,6,1054,281,155,92,0,0,22,0,b
5177,6502,5408,25599,1989,59987,6366,24728,7233,16317,34169,8467,30597,8489,19348,3244,5970,20916,2529,1937,1874,18839,8150,5889,29344,75421,2601,15439,14713,2424,9511,3825,83316,30958,37321,18277,4626,5340,2433,3004,b
2076,2180,3848,12949,1294,34655,2152,11148,3338,7328,14368,5516,18128,4334,8885,1234,2167,10486,1146,2068,1139,9210,5138,1153,28306,56957,1596,14344,6636,1658,6201,2359,47439,14028,12001,6529,4646,5339,2780,3005,b
491,320,1858,3697,173,6092,562,2946,1220,1416,3850,894,3212,768,2339,268,764,2399,313,437,275,2635,1220,326,1573,6206,638,751,1593,524,903,319,10188,3748,2606,1165,69,3,708,17,b
7481,4033,1875,23425,3195,53871,4006,19330,5386,12045,23655,9388,21134,6890,15317,2205,3040,19013,2836,3281,1779,16001,9457,4214,8259,42123,1735,5138,15114,2084,7940,3306,76234,26331,32002,10767,101,47,3641,24,b
6693,3545,9223,17776,2670,44045,3175,14463,5974,12331,22218,16338,25345,5567,13108,4884,2908,12738,3335,2186,1999,12294,5831,15314,6632,28894,1526,3998,9008,1734,5788,2060,55477,21555,21498,10119,78,363,5226,24,b
2555,1238,2619,8423,493,25894,1290,7595,1822,4406,9802,5675,13419,3056,8954,1736,1675,5743,969,1151,1215,5696,2882,3764,2370,14333,680,1189,5100,645,5281,1729,34162,12676,8733,5321,34,31,2522,15,b
6714,3551,9431,17993,2714,44739,3217,14680,6011,12452,22503,16407,25955,5658,13239,4907,2928,12861,3371,2198,2014,12425,5875,15343,6726,29413,1530,4066,9156,1741,5830,2070,56288,21805,21843,10356,80,363,5255,24,b
7334,3984,10513,21015,2839,52142,3794,17140,7040,14107,27619,18632,29888,6471,15538,5426,3651,15675,3911,2678,2433,14316,6596,16370,8734,34344,1738,5561,11059,2054,6755,2327,66860,25775,25465,12363,90,363,6321,24,b
176,155,1586,1821,65,3753,223,1568,558,660,1939,425,2536,448,1239,105,185,1113,241,164,179,1517,520,121,794,3109,359,386,793,359,531,121,6328,1930,1087,706,15,0,330,12,b
6718,3561,9443,18058,2715,45001,3228,14763,6025,12487,22572,16422,26042,5710,13313,4917,2930,12903,3376,2204,2015,12479,5892,15354,6734,29572,1540,4073,9216,1748,5874,2078,56643,21923,21903,10405,80,363,5259,24,b
921,872,1031,5030,300,10125,977,4832,1665,1919,5646,944,5818,1408,3474,568,681,3319,480,585,399,3214,1674,731,2197,9907,774,1238,2879,791,1797,543,16350,5681,5798,2028,55,9,842,17,b
3164,3075,10243,20184,1178,47311,4141,17867,5633,9961,24062,9736,19782,6151,14260,2233,4413,14484,2149,2164,1331,15177,7121,3341,29305,71098,2544,14881,10862,2478,4905,1859,66741,22703,21677,11689,4648,5332,2952,3014,b
4776,5132,3953,20990,1711,52265,5487,18813,5812,13448,27404,6727,25201,6883,15800,2178,4943,18497,2466,2130,1706,15132,7182,3804,28688,66458,1922,15161,11003,1957,10237,3638,74050,24036,29066,13456,4621,5353,2762,3002,b
4433,4291,8346,20912,1508,45795,4585,18239,5811,11990,27381,6881,23860,7656,14626,2714,4700,16934,2434,1998,1871,15105,6971,4434,28366,66797,2186,14809,11229,2011,7577,3148,68150,22806,26590,12123,4625,5331,2883,3000,b
5065,4078,2060,18075,1513,43834,5090,16665,4676,10680,24032,6411,23101,6318,15125,2235,4955,15389,2388,1762,1511,12859,5599,3819,28837,65607,1976,14989,11342,1911,7351,3159,62511,23046,27269,12165,4642,5347,2393,2991,b
5293,4336,7712,26649,1640,48496,4733,20460,7239,13963,31940,8294,21415,7779,15160,2477,4935,19283,2859,2834,1997,16256,7548,4173,33934,72520,2755,17181,12562,2499,9745,3528,75926,24965,28541,15823,4641,5339,3107,3009,b
10,90,638,502,35,1535,156,282,57,100,568,125,1444,97,419,55,19,364,115,39,34,390,83,84,54,481,29,38,180,59,272,24,2302,567,219,240,0,0,45,0,b
1480,849,789,5020,227,8869,623,3296,1153,1942,5229,1758,4442,1147,2952,453,656,3224,482,357,400,2137,933,340,23984,39745,451,12105,2163,487,977,513,13153,4312,7112,1726,4577,5310,371,2978,b
3026,2438,7678,14048,1207,33192,3990,11370,3675,6573,18631,7154,19401,3873,10976,1223,2774,10759,2442,1698,1042,9745,4356,2208,27864,57255,1597,14873,7530,1792,5564,2340,48321,16058,20088,8988,4675,5316,1880,2993,b
16,88,1004,739,43,2107,162,421,72,140,740,196,1798,111,608,54,47,466,157,76,31,627,152,83,103,845,39,73,300,62,254,20,2968,877,364,369,0,0,46,0,b
5024,4126,20399,29651,2803,56821,4448,22584,6893,10948,34424,11097,30921,8437,16023,2978,3872,18722,4490,3468,2299,18579,8295,3802,36538,86495,3063,20375,13768,2767,7667,3196,86857,25303,39837,13116,4691,5330,3952,3002,b
6719,3562,9442,18060,2715,45001,3229,14768,6027,12488,22580,16422,26042,5699,13317,4918,2930,12906,3377,2204,2016,12480,5894,15358,6734,29566,1540,4073,9216,1748,5876,2078,56621,21936,21915,10405,80,363,5261,24,b
3018,3699,11985,23406,1602,54088,2729,20708,6381,12248,27846,8671,16054,7690,14146,2075,2735,17393,1898,3731,2077,15847,8477,3053,7793,39891,2498,4735,12858,2439,6472,2173,76869,23754,25010,9677,142,30,4007,35,b
7334,3984,10513,21015,2839,52142,3794,17140,7040,14107,27619,18632,29888,6471,15538,5426,3651,15675,3911,2678,2433,14316,6596,16370,8734,34344,1738,5561,11059,2054,6755,2327,66860,25775,25465,12363,90,363,6321,24,b
7134,3786,9953,19881,2817,49857,3594,16108,6633,13536,24798,17191,28103,6238,14320,5013,3354,14137,3676,2281,2119,13569,6194,15476,7030,31929,1617,4298,10137,1842,6308,2163,63650,23378,24814,11987,79,363,5383,24,b
60,339,430,545,44,1814,184,438,67,181,623,132,1499,192,535,51,49,352,106,49,27,372,93,75,62,661,31,36,336,56,273,57,2568,715,406,388,0,0,35,0,b
45,91,1411,1025,48,2969,264,700,143,274,1057,329,2439,209,855,87,98,683,191,102,46,848,253,130,120,1472,99,100,487,77,384,57,4160,1309,777,497,0,0,72,0,b
