,nop,move,move/from16,move/16,move-wide,move-wide/from16,move-wide/16,move-object,move-object/from16,move-object/16,move-result,move-result-wide,move-result-object,move-exception,return-void,return,return-wide,return-object,const/4,const/16,const,const/high16,const-wide/16,const-wide/32,const-wide,const-wide/high16,const-string,const-string-jumbo,const-class,monitor-enter,monitor-exit,check-cast,instance-of,array-length,new-instance,new-array,filled-new-array,filled-new-array-range,fill-array-data,throw,goto,goto/16,goto/32,packed-switch,sparse-switch,cmpl-float,cmpg-float,cmpl-double,cmpg-double,cmp-long,if-eq,if-ne,if-lt,if-ge,if-gt,if-le,if-eqz,if-nez,if-ltz,if-gez,if-gtz,if-lez,unused_3E,unused_3F,unused_40,unused_41,unused_42,unused_43,aget,aget-wide,aget-object,aget-boolean,aget-byte,aget-char,aget-short,aput,aput-wide,aput-object,aput-boolean,aput-byte,aput-char,aput-short,iget,iget-wide,iget-object,iget-boolean,iget-byte,iget-char,iget-short,iput,iput-wide,iput-object,iput-boolean,iput-byte,iput-char,iput-short,sget,sget-wide,sget-object,sget-boolean,sget-byte,sget-char,sget-short,sput,sput-wide,sput-object,sput-boolean,sput-byte,sput-char,sput-short,invoke-virtual,invoke-super,invoke-direct,invoke-static,invoke-interface,unused_73,invoke-virtual/range,invoke-super/range,invoke-direct/range,invoke-static/range,invoke-interface-range,unused_79,unused_7A,neg-int,not-int,neg-long,not-long,neg-float,neg-double,int-to-long,int-to-float,int-to-double,long-to-int,long-to-float,long-to-double,float-to-int,float-to-long,float-to-double,double-to-int,double-to-long,double-to-float,int-to-byte,int-to-char,int-to-short,add-int,sub-int,mul-int,div-int,rem-int,and-int,or-int,xor-int,shl-int,shr-int,ushr-int,add-long,sub-long,mul-long,div-long,rem-long,and-long,or-long,xor-long,shl-long,shr-long,ushr-long,add-float,sub-float,mul-float,div-float,rem-float,add-double,sub-double,mul-double,div-double,rem-double,add-int/2addr,sub-int/2addr,mul-int/2addr,div-int/2addr,rem-int/2addr,and-int/2addr,or-int/2addr,xor-int/2addr,shl-int/2addr,shr-int/2addr,ushr-int/2addr,add-long/2addr,sub-long/2addr,mul-long/2addr,div-long/2addr,rem-long/2addr,and-long/2addr,or-long/2addr,xor-long/2addr,shl-long/2addr,shr-long/2addr,ushr-long/2addr,add-float/2addr,sub-float/2addr,mul-float/2addr,div-float/2addr,rem-float/2addr,add-double/2addr,sub-double/2addr,mul-double/2addr,div-double/2addr,rem-double/2addr,add-int/lit16,sub-int/lit16,mul-int/lit16,div-int/lit16,rem-int/lit16,and-int/lit16,or-int/lit16,xor-int/lit16,add-int/lit8,sub-int/lit8,mul-int/lit8,div-int/lit8,rem-int/lit8,and-int/lit8,or-int/lit8,xor-int/lit8,shl-int/lit8,shr-int/lit8,ushr-int/lit8,unused_E3,unused_E4,unused_E5,unused_E6,unused_E7,unused_E8,unused_E9,unused_EA,unused_EB,unused_EC,unused_ED,execute-inline,unused_EF,invoke-direct-empty,unused_F1,iget-quick,iget-wide-quick,iget-object-quick,iput-quick,iput-wide-quick,iput-object-quick,invoke-virtual-quick,invoke-virtual-quick/range,invoke-super-quick,invoke-super-quick/range,unused_FC,unused_FD,unused_FE,unused_FF,class
Ana_Vodafone.txt,239,2680,2759,0,33,79,0,2432,5702,0,18441,785,42142,2986,12029,5245,263,11738,21323,12143,545,469,373,62,24,38,19420,0,671,516,1082,6098,890,1453,12189,3039,13,0,501,3068,12673,1687,0,319,101,138,63,29,10,252,1196,2694,1303,1463,258,444,11299,5767,331,271,141,796,0,0,0,0,0,0,972,57,1044,54,353,173,25,1600,17,8879,39,985,81,4,5554,443,26330,1494,22,52,0,3062,312,8881,1400,114,25,0,2137,0,7028,126,0,10,0,102,0,2341,32,0,6,0,54064,1217,19621,15296,9514,0,1642,16,601,651,0,0,0,52,0,2,0,4,0,197,658,43,107,6,23,344,0,31,18,5,15,116,155,11,913,594,106,49,23,52,37,4,41,7,3,19,42,3,9,3,1,1,0,2,16,8,69,140,100,128,0,6,10,7,20,0,1036,293,83,25,6,104,108,70,29,1,1,67,39,16,7,0,28,16,27,17,2,19,175,68,173,44,0,6,1,10,3,0,44,0,29,12,17,263,43,4,4410,0,796,238,103,1075,483,32,196,136,102,0,0,0,0,0,0,0,0,0,0,0,0,0,0,0,0,0,0,0,0,0,0,0,0,0,0,0,0,0,b
BCD_M&I_Mobile_Application.txt,146,1670,2043,0,36,38,0,1446,3518,0,12689,671,29755,1743,9989,3867,212,7682,16296,9779,1764,535,459,20,24,32,17437,0,470,271,576,3866,636,1034,9550,2856,5,0,501,1805,8512,878,0,207,44,149,75,30,13,228,708,1217,687,1321,197,327,7676,3817,324,227,125,542,0,0,0,0,0,0,706,44,737,47,236,75,22,565,8,9337,26,108,36,2,3433,387,19985,1029,4,33,0,1785,273,6376,1059,1,19,0,252,10,5214,158,9,7,0,73,15,1804,69,6,6,0,36739,1542,14875,13168,7053,0,959,17,427,384,0,0,0,30,0,1,0,16,0,134,583,8,84,9,2,147,0,30,20,0,9,88,116,7,625,483,103,57,17,23,14,3,36,9,3,19,62,6,28,4,7,4,1,2,8,10,66,197,100,165,0,0,4,6,5,0,540,200,61,14,6,55,95,48,26,1,1,38,28,20,27,1,9,8,27,9,2,19,175,91,150,44,2,6,2,23,3,0,22,0,15,8,9,75,5,9,3328,0,357,174,75,237,60,25,145,126,28,0,0,0,0,0,0,0,0,0,0,0,0,0,0,0,0,0,0,0,0,0,0,0,0,0,0,0,0,0,b
Cosmopolitan.txt,81,607,1767,0,31,100,0,656,3295,0,5396,410,11251,1022,4786,1421,94,2067,5980,1630,481,335,139,22,66,56,6390,0,233,203,428,1758,184,267,4154,483,0,0,33,670,3434,764,0,90,43,102,30,59,22,71,279,639,351,426,56,199,3580,1739,140,90,76,386,0,0,0,0,0,0,203,150,270,5,8,10,1,149,79,720,5,5,13,1,1760,107,9702,730,2,19,67,1049,123,3055,829,9,11,17,290,45,2598,230,0,0,22,117,18,791,146,0,0,2,18252,425,5936,4005,2165,0,1230,5,373,303,0,0,0,17,0,1,0,13,1,38,444,79,5,5,5,144,0,34,28,2,40,7,24,13,166,174,9,4,0,8,16,0,5,0,0,6,31,1,1,1,2,0,1,0,0,0,70,89,58,50,0,14,28,38,20,0,70,66,9,5,0,34,23,3,3,0,0,17,8,2,0,0,0,0,0,0,0,0,109,57,120,47,0,26,22,66,19,0,18,0,10,7,3,25,4,0,1024,0,38,94,5,51,14,15,42,13,6,0,0,0,0,0,0,0,0,0,0,0,0,0,0,0,0,0,0,0,0,0,0,0,0,0,0,0,0,0,b
Crayon_Shin-Chan.txt,4,203,87,0,3,16,0,394,532,0,535,61,1863,258,488,74,11,159,564,173,25,45,40,10,1,5,1753,0,19,51,123,124,29,24,685,52,0,0,6,75,501,118,0,6,0,1,0,1,0,15,15,32,12,34,9,3,493,247,4,4,4,22,0,0,0,0,0,0,6,0,47,0,35,10,0,3,0,80,0,31,10,0,55,19,757,42,0,0,0,37,15,282,49,0,0,0,10,4,476,13,0,0,0,4,6,153,15,0,0,0,2391,29,860,1072,334,0,102,1,31,45,0,0,0,0,0,0,0,1,0,3,11,0,0,0,0,16,4,2,2,2,0,4,3,0,6,9,0,1,0,0,0,0,0,0,0,0,3,6,0,0,0,0,0,0,0,0,0,0,3,2,0,0,0,0,0,0,3,7,2,0,0,0,12,0,0,0,0,8,10,3,1,0,0,0,0,0,0,0,0,1,8,1,0,1,0,4,0,0,0,0,0,0,0,17,0,0,96,0,10,7,3,20,2,0,14,9,5,0,0,0,0,0,0,0,0,0,0,0,0,0,0,0,0,0,0,0,0,0,0,0,0,0,0,0,0,0,b
Crazy_Blind_Date_(by_OkCupid).txt,80,1070,381,0,174,22,0,840,1203,0,6347,1808,15377,742,4795,1804,452,3545,6136,1310,1487,195,396,97,89,22,5672,0,148,190,390,1611,218,423,5030,452,0,0,32,1671,4027,312,0,121,25,48,33,6,1,403,363,628,170,607,76,200,3665,2759,252,247,78,299,0,0,0,0,0,0,194,15,329,1,42,10,0,179,6,632,4,30,13,0,1677,269,8990,592,13,17,0,747,146,2989,518,3,4,0,164,19,1831,91,0,0,0,748,8,633,12,0,0,0,21764,393,7565,5049,3768,0,399,19,254,97,0,0,0,61,0,15,0,13,0,287,180,20,86,3,5,44,1,5,13,0,3,29,14,2,129,127,8,22,7,7,4,3,6,0,1,21,82,5,27,11,1,1,9,3,3,5,9,36,16,48,0,0,0,3,5,0,319,115,29,24,7,19,37,10,2,0,0,140,51,91,32,14,7,5,15,2,6,3,18,36,36,27,0,1,0,8,15,0,16,0,6,10,4,41,1,0,1167,0,62,83,18,37,13,63,47,29,13,0,0,0,0,0,0,0,0,0,0,0,0,0,0,0,0,0,0,0,0,0,0,0,0,0,0,0,0,0,b
Crazy_IPL_2015.txt,405,4776,1285,0,132,78,0,5132,3953,0,20990,1711,52265,5487,18813,5812,482,13448,27404,6727,351,558,852,109,56,65,25201,0,1193,882,1879,6883,1220,1583,15800,2178,0,0,47,4943,18497,2466,0,573,342,104,39,30,32,532,1414,2130,780,1706,195,393,15132,7182,261,233,160,717,0,0,0,0,0,0,428,26,1048,166,524,156,7,682,20,3804,165,531,176,3,28688,1168,66458,1922,8,33,6,15161,755,11003,1957,7,17,3,460,42,10237,284,0,1,0,68,26,3638,181,0,1,0,74050,961,24036,29066,13456,0,1156,11,827,323,0,0,0,41,0,10,0,28,0,259,487,43,146,8,23,200,1,32,19,15,17,456,62,11,257,290,10,6,5,26,75,2,10,1,0,13,51,11,6,5,3,1,3,5,19,21,37,55,60,66,8,1,3,1,3,0,808,185,37,7,2,4621,1622,5353,7,3,0,100,88,33,29,13,75,44,30,40,5,22,111,53,228,151,2,16,5,20,22,4,47,0,39,17,4,634,83,0,2762,0,256,103,12,299,48,3002,398,230,234,0,0,0,0,0,0,0,0,0,0,0,0,0,0,0,0,0,0,0,0,0,0,0,0,0,0,0,0,0,b
Cricket_Score_&_News_gocricket.txt,389,3994,2145,0,109,81,0,3811,4971,0,19438,1335,44398,4049,17906,5285,364,11761,24330,6423,2091,723,685,78,42,71,20249,0,642,649,1410,7330,947,1072,12652,1763,1,0,128,3918,14712,2274,0,489,341,170,69,35,31,375,1157,1576,548,1384,143,253,13494,5511,348,200,159,684,0,0,0,0,0,0,236,14,678,4,376,71,1,275,11,2962,6,364,48,1,27965,1039,67202,2056,0,28,6,14801,696,11021,1900,1,21,3,771,23,5911,134,0,0,0,77,15,2518,56,0,0,0,67177,1279,21037,25167,10574,0,1552,24,675,364,0,0,0,62,0,3,0,21,0,161,450,15,106,10,17,257,1,44,13,8,21,308,21,5,338,442,24,12,7,19,21,3,18,0,0,9,50,11,25,6,7,4,1,1,8,9,46,98,66,86,8,0,5,0,1,0,729,199,25,10,1,4610,1601,5327,4,0,0,76,48,30,6,12,41,10,20,15,39,12,82,38,184,67,3,17,6,23,14,4,35,0,9,8,3,405,4,0,2278,0,241,150,16,248,38,2997,288,41,231,0,0,0,0,0,0,0,0,0,0,0,0,0,0,0,0,0,0,0,0,0,0,0,0,0,0,0,0,0,b
Crius_Pro.txt,2,34,46,0,0,5,0,15,199,0,293,54,960,23,223,75,9,95,357,116,335,30,13,15,0,0,576,0,27,4,8,105,6,8,197,26,0,0,0,6,200,39,0,4,1,1,1,0,0,23,12,15,15,11,1,1,231,94,6,10,1,9,0,0,0,0,0,0,1,0,21,0,0,0,0,0,0,50,0,0,0,0,54,27,361,7,0,0,0,18,7,115,1,0,0,0,3,0,78,21,0,0,0,0,0,21,7,0,0,0,1412,30,343,417,155,0,45,0,17,32,0,0,0,0,0,0,0,0,0,0,1,0,3,0,0,3,0,1,0,0,5,0,0,0,5,0,0,0,0,0,0,0,0,0,0,15,4,0,0,0,0,0,0,0,0,0,0,0,4,1,0,0,0,0,0,0,0,0,0,0,0,0,0,0,0,0,0,2,1,2,0,0,0,0,3,0,0,3,0,0,0,0,0,0,0,0,0,0,0,0,0,0,0,0,0,0,23,0,7,0,0,0,0,0,0,0,0,0,0,0,0,0,0,0,0,0,0,0,0,0,0,0,0,0,0,0,0,0,0,0,0,0,0,0,0,0,b
C_Locker_Pro.txt,75,347,490,0,9,13,0,378,1335,0,4060,401,10423,843,3991,921,39,1504,4963,1809,1353,242,150,34,17,11,5595,0,116,171,377,1512,67,131,3218,359,0,0,81,426,2696,761,0,106,27,44,16,9,2,70,210,515,177,205,34,64,2515,1041,84,50,37,160,0,0,0,0,0,0,34,5,89,0,333,29,0,139,4,368,0,578,29,0,23758,65,43963,834,2,0,0,12118,70,2779,737,4,0,0,96,13,937,82,0,0,0,11,15,346,15,0,0,0,14964,317,5811,5135,2100,0,481,5,99,120,0,0,0,18,0,1,0,5,0,48,218,34,3,1,1,79,3,4,14,2,5,288,5,0,77,88,6,4,4,3,16,0,5,0,0,6,17,1,1,1,0,0,0,0,0,0,28,30,18,28,0,0,0,0,1,0,64,52,4,0,0,4561,1542,5310,0,0,0,32,20,6,0,0,1,0,0,0,0,1,45,21,63,17,0,0,0,30,2,0,7,0,2,1,0,347,3,0,540,0,17,46,0,53,4,2987,234,16,251,0,0,0,0,0,0,0,0,0,0,0,0,0,0,0,0,0,0,0,0,0,0,0,0,0,0,0,0,0,b
devicealive_LG_Optimus_Pro.txt,37,1426,185,0,14,28,0,694,772,0,6277,256,6048,690,1924,1347,20,862,5999,19241,12418,886,103,10,33,12,2912,0,265,1,2,878,365,185,2714,361,3,0,35,46,3261,928,0,56,6,174,160,8,10,36,362,715,282,98,64,140,3645,1860,109,249,110,302,0,0,0,0,0,0,201,6,378,0,61,19,0,13231,4,271,0,3087,24,0,3302,61,12592,360,0,0,14,1895,35,2267,620,0,0,7,67,10,677,18,0,0,0,32,15,134,17,0,0,0,15038,206,3780,3331,1490,0,292,6,104,28,0,0,0,17,0,0,0,32,0,26,890,80,26,3,0,472,1,79,17,0,69,49,24,13,21,90,16,1,1,23,7,0,0,5,0,4,25,2,0,0,0,0,3,1,2,0,13,157,68,76,0,0,3,5,0,0,309,185,30,3,0,105,85,1,5,2,0,31,12,0,4,0,1,0,8,6,0,0,348,262,315,229,0,4,2,74,2,0,0,0,5,1,1,118,13,0,831,0,101,72,2,69,41,1,38,14,0,0,0,0,0,0,0,0,0,0,0,0,0,0,0,0,0,0,0,0,0,0,0,0,0,0,0,0,0,0,b
devicealive_Samsung_Active.txt,37,1426,185,0,14,28,0,694,772,0,6277,256,6048,690,1924,1347,20,862,5999,19241,12418,886,103,10,33,12,2912,0,265,1,2,878,365,185,2714,361,3,0,35,46,3261,928,0,56,6,174,160,8,10,36,362,715,282,98,64,140,3645,1860,109,249,110,302,0,0,0,0,0,0,201,6,378,0,61,19,0,13231,4,271,0,3087,24,0,3302,61,12592,360,0,0,14,1895,35,2267,620,0,0,7,67,10,677,18,0,0,0,32,15,134,17,0,0,0,15038,206,3780,3331,1490,0,292,6,104,28,0,0,0,17,0,0,0,32,0,26,890,80,26,3,0,472,1,79,17,0,69,49,24,13,21,90,16,1,1,23,7,0,0,5,0,4,25,2,0,0,0,0,3,1,2,0,13,157,68,76,0,0,3,5,0,0,309,185,30,3,0,105,85,1,5,2,0,31,12,0,4,0,1,0,8,6,0,0,348,262,315,229,0,4,2,74,2,0,0,0,5,1,1,118,13,0,831,0,101,72,2,69,41,1,38,14,0,0,0,0,0,0,0,0,0,0,0,0,0,0,0,0,0,0,0,0,0,0,0,0,0,0,0,0,0,0,b
devicealive_Samsung_ExpressGo.txt,37,1426,185,0,14,28,0,694,772,0,6277,256,6048,690,1924,1347,20,862,5999,19241,12418,886,103,10,33,12,2912,0,265,1,2,878,365,185,2714,361,3,0,35,46,3261,928,0,56,6,174,160,8,10,36,362,715,282,98,64,140,3645,1860,109,249,110,302,0,0,0,0,0,0,201,6,378,0,61,19,0,13231,4,271,0,3087,24,0,3302,61,12592,360,0,0,14,1895,35,2267,620,0,0,7,67,10,677,18,0,0,0,32,15,134,17,0,0,0,15038,206,3780,3331,1490,0,292,6,104,28,0,0,0,17,0,0,0,32,0,26,890,80,26,3,0,472,1,79,17,0,69,49,24,13,21,90,16,1,1,23,7,0,0,5,0,4,25,2,0,0,0,0,3,1,2,0,13,157,68,76,0,0,3,5,0,0,309,185,30,3,0,105,85,1,5,2,0,31,12,0,4,0,1,0,8,6,0,0,348,262,315,229,0,4,2,74,2,0,0,0,5,1,1,118,13,0,831,0,101,72,2,69,41,1,38,14,0,0,0,0,0,0,0,0,0,0,0,0,0,0,0,0,0,0,0,0,0,0,0,0,0,0,0,0,0,0,b
devicealive_Samsung_Note8.txt,37,1426,185,0,14,28,0,694,772,0,6277,256,6048,690,1924,1347,20,862,5999,19241,12418,886,103,10,33,12,2912,0,265,1,2,878,365,185,2714,361,3,0,35,46,3261,928,0,56,6,174,160,8,10,36,362,715,282,98,64,140,3645,1860,109,249,110,302,0,0,0,0,0,0,201,6,378,0,61,19,0,13231,4,271,0,3087,24,0,3302,61,12592,360,0,0,14,1895,35,2267,620,0,0,7,67,10,677,18,0,0,0,32,15,134,17,0,0,0,15038,206,3780,3331,1490,0,292,6,104,28,0,0,0,17,0,0,0,32,0,26,890,80,26,3,0,472,1,79,17,0,69,49,24,13,21,90,16,1,1,23,7,0,0,5,0,4,25,2,0,0,0,0,3,1,2,0,13,157,68,76,0,0,3,5,0,0,309,185,30,3,0,105,85,1,5,2,0,31,12,0,4,0,1,0,8,6,0,0,348,262,315,229,0,4,2,74,2,0,0,0,5,1,1,118,13,0,831,0,101,72,2,69,41,1,38,14,0,0,0,0,0,0,0,0,0,0,0,0,0,0,0,0,0,0,0,0,0,0,0,0,0,0,0,0,0,0,b
DISTINC.txt,168,1290,481,0,22,7,0,1046,1588,0,6631,453,15475,1120,4932,1483,99,2621,8098,2894,214,222,352,67,76,51,10410,0,126,245,533,2033,674,586,5001,734,0,0,51,1033,5588,978,0,304,70,37,9,9,8,209,362,951,397,658,316,342,6045,2214,114,95,25,321,0,0,0,0,0,0,336,54,549,6,178,31,0,281,25,1193,20,132,15,0,2715,156,9711,644,17,208,14,1885,109,2969,913,19,62,6,129,19,1429,527,0,0,0,71,23,513,162,0,0,0,22225,473,8408,5958,2770,0,466,14,187,146,0,0,0,5,0,1,0,3,0,48,158,46,18,3,11,51,3,31,26,4,6,71,17,2,106,97,19,16,26,6,9,0,11,0,0,6,19,1,3,1,2,0,0,1,0,3,3,10,2,10,1,2,2,3,6,1,224,211,11,7,8,22,37,1,0,0,0,18,25,4,0,0,145,0,0,89,0,0,18,11,50,17,0,6,1,25,12,1,33,0,3,1,0,67,1,6,1542,0,60,38,8,133,15,4,62,92,35,0,0,0,0,0,0,0,0,0,0,0,0,0,0,0,0,0,0,0,0,0,0,0,0,0,0,0,0,0,b
Dragon_Ball_ringtones.txt,4,203,87,0,3,16,0,394,532,0,535,61,1863,258,488,74,11,159,564,179,25,45,40,10,1,5,1759,0,19,51,123,124,29,24,685,52,0,0,6,75,501,118,0,6,0,1,0,1,0,15,15,32,12,34,9,3,493,247,4,4,4,22,0,0,0,0,0,0,6,0,47,0,35,10,0,3,0,86,0,31,10,0,55,19,757,42,0,0,0,37,15,282,49,0,0,0,10,4,476,13,0,0,0,4,6,153,15,0,0,0,2391,29,860,1072,334,0,102,1,31,45,0,0,0,0,0,0,0,1,0,3,11,0,0,0,0,16,4,2,2,2,0,4,3,0,6,9,0,1,0,0,0,0,0,0,0,0,3,6,0,0,0,0,0,0,0,0,0,0,3,2,0,0,0,0,0,0,3,7,2,0,0,0,12,0,0,0,0,8,10,3,1,0,0,0,0,0,0,0,0,1,8,1,0,1,0,4,0,0,0,0,0,0,0,17,0,0,96,0,10,7,3,20,2,0,14,9,5,0,0,0,0,0,0,0,0,0,0,0,0,0,0,0,0,0,0,0,0,0,0,0,0,0,0,0,0,0,b
Draw_Flowers_Names_shapes_art.txt,244,3960,509,0,86,84,0,2725,2185,0,13635,917,26675,2403,9308,3401,203,6488,15000,3907,394,425,506,64,33,34,12776,0,229,485,1123,3064,537,440,8185,1339,0,0,51,1922,10156,1191,0,374,284,101,33,32,15,273,1000,955,280,1148,74,148,7771,3418,185,103,89,395,0,0,0,0,0,0,193,2,355,1,296,11,3,214,0,2086,0,289,5,3,26407,734,50542,1330,25,10,7,13537,425,5567,1211,8,10,2,491,26,3723,141,0,0,0,55,20,1920,67,0,0,0,35379,593,12730,18929,6413,0,392,12,492,179,0,0,0,32,0,0,0,10,0,99,340,20,48,7,9,251,1,20,6,4,5,304,11,4,96,203,10,4,4,12,3,1,11,0,0,5,44,7,2,5,1,3,0,1,1,13,13,30,12,31,7,0,1,0,0,0,723,197,29,10,4,4604,1588,5328,9,1,0,49,40,33,8,12,24,9,16,8,0,11,81,35,161,82,1,5,7,10,5,2,19,0,1,7,2,375,20,0,1072,0,150,77,5,140,24,2987,286,28,220,0,0,0,0,0,0,0,0,0,0,0,0,0,0,0,0,0,0,0,0,0,0,0,0,0,0,0,0,0,b
ZERO_Launcher_Fast&Boost&Theme.txt,229,6141,1273,0,113,216,0,3654,2780,0,17654,1417,32113,3452,13217,3432,265,4153,21278,4125,2105,2036,1022,124,123,92,15678,0,485,581,1251,4678,792,752,9729,2197,9,0,116,1307,12233,2306,0,346,85,387,161,25,11,421,1067,2070,668,1597,208,469,13391,5674,474,349,266,1075,0,0,0,0,0,0,1673,118,1104,27,185,12,7,1253,33,2418,25,114,10,21,9910,627,30745,1643,48,0,5,6466,580,9083,2419,8,0,5,982,61,4314,211,0,16,11,444,41,1468,259,0,0,4,53950,1148,15499,18239,6956,0,704,45,578,338,0,0,0,249,0,0,0,237,2,274,2391,75,80,54,11,583,6,158,45,2,133,45,9,29,278,605,131,80,53,16,23,0,5,0,0,51,109,8,2,0,8,6,1,4,0,6,60,321,164,161,5,1,7,9,14,0,1284,821,248,76,38,125,127,19,14,2,4,106,139,26,27,0,6,7,5,4,4,5,508,297,1145,403,1,13,12,98,35,0,15,0,33,27,27,249,27,4,3186,0,201,406,36,257,66,9,66,54,118,0,0,0,0,0,0,0,0,0,0,0,0,0,0,0,0,0,0,0,0,0,0,0,0,0,0,0,0,0,b
Blackish_3D_Launcher_&_Locker.txt,84,642,1494,0,7,27,0,406,2131,0,4953,170,5954,786,3604,1543,38,1267,5636,1598,311,613,125,14,15,13,3436,0,94,61,134,927,86,203,2396,323,3,0,36,305,3354,344,0,97,33,219,90,4,2,64,257,523,245,511,64,134,2948,1268,173,125,79,290,0,0,0,0,0,0,325,9,199,0,117,1,0,155,7,602,0,70,10,0,2587,101,7009,644,0,19,0,1425,117,1816,716,0,11,0,357,0,966,149,0,0,0,129,1,391,77,0,0,0,12386,294,4000,3659,1201,0,495,13,111,145,0,0,0,79,0,1,0,50,0,47,794,13,9,38,1,278,0,23,11,0,13,35,4,0,308,266,54,12,29,20,29,0,5,0,0,9,29,11,2,3,0,0,0,0,1,0,58,104,92,150,0,0,0,1,2,0,186,160,36,5,6,45,50,4,2,0,0,7,8,2,1,0,0,0,0,0,0,0,140,92,267,106,3,2,3,16,2,0,10,0,10,4,3,45,2,0,998,0,58,147,14,74,26,15,79,46,49,0,0,0,0,0,0,0,0,0,0,0,0,0,0,0,0,0,0,0,0,0,0,0,0,0,0,0,0,0,b
Browser_4G.txt,375,4077,1359,0,144,115,0,4361,3548,0,17217,1350,37311,4375,17319,5056,368,11098,23151,5991,651,552,641,78,71,48,17722,0,283,610,1380,5665,833,920,12048,1748,4,0,44,4214,13920,2128,0,521,407,151,64,34,41,398,976,1033,445,1437,96,203,10835,4415,236,144,151,615,0,0,0,0,0,0,240,12,844,1,321,4,0,249,8,3284,0,324,9,0,26827,1108,57280,1630,26,19,6,13959,624,8891,1446,10,11,3,734,17,6939,143,0,0,0,465,18,2535,73,0,0,0,56223,722,19862,25320,11903,0,771,8,729,293,0,0,0,24,0,2,0,15,0,115,374,21,61,12,19,223,3,37,7,7,15,308,7,2,165,233,13,2,1,15,25,0,9,0,0,12,39,7,4,6,0,0,0,1,8,9,60,71,63,81,10,3,6,1,4,0,693,151,20,3,1,4611,1569,5327,3,0,0,49,43,22,5,12,39,10,27,10,4,19,81,45,182,61,4,23,7,22,19,4,34,0,7,5,3,407,26,0,1525,0,246,96,7,138,41,2995,280,42,222,0,0,0,0,0,0,0,0,0,0,0,0,0,0,0,0,0,0,0,0,0,0,0,0,0,0,0,0,0,b
Business_Calendar_Pro.txt,81,2172,1127,0,88,163,0,828,4693,0,8083,1148,13118,301,2930,1008,77,836,7411,2332,2908,878,221,69,26,14,5680,0,250,22,48,1861,141,190,2596,419,5,0,84,131,2758,1678,0,97,42,151,93,8,13,237,454,973,404,474,53,249,3357,1631,121,170,74,457,0,0,0,0,0,0,168,32,252,4,3,1,0,211,44,1152,9,0,0,0,4509,289,9527,862,0,0,0,1854,157,2102,741,0,0,0,355,1,950,94,0,0,0,36,2,160,55,0,0,0,22360,308,4375,6067,2405,0,746,7,193,216,0,0,0,49,0,0,0,30,0,116,1391,20,11,40,0,132,0,84,60,0,15,0,1,1,48,116,14,4,1,3,2,0,3,0,0,13,61,0,2,0,0,0,0,0,0,0,284,178,64,109,0,3,0,1,0,0,247,161,31,2,0,39,31,5,2,0,0,55,67,10,11,0,0,0,0,0,0,0,586,286,585,461,0,2,1,15,4,0,0,0,6,6,14,17,7,0,1067,0,105,74,24,36,14,8,33,6,3,0,0,0,0,0,0,0,0,0,0,0,0,0,0,0,0,0,0,0,0,0,0,0,0,0,0,0,0,0,b
Business_Plans.txt,18,104,93,0,3,3,0,333,371,0,777,56,3553,88,804,176,19,649,830,251,437,26,42,3,1,6,1702,0,46,3,6,743,3,14,874,64,0,0,3,30,390,114,0,30,4,6,3,0,0,7,13,51,9,51,2,28,448,182,6,8,2,21,0,0,0,0,0,0,1,0,28,0,0,0,0,20,0,64,0,0,0,0,228,17,3308,79,8,0,0,281,18,1567,93,19,0,0,0,0,121,1,0,0,0,0,0,43,5,0,0,0,4536,115,1296,1519,191,0,152,0,18,10,0,0,0,0,0,0,0,0,0,9,17,7,7,0,6,0,0,0,3,0,0,0,0,0,1,14,0,0,0,0,0,0,0,0,0,0,0,0,0,0,0,0,0,0,0,0,0,2,0,0,0,0,0,0,0,0,2,16,0,0,5,0,0,0,0,0,0,3,1,1,3,0,0,0,0,0,0,0,2,0,3,0,0,0,0,1,8,0,0,0,0,1,1,0,0,0,100,0,0,9,3,1,0,0,0,0,0,0,0,0,0,0,0,0,0,0,0,0,0,0,0,0,0,0,0,0,0,0,0,0,0,0,0,0,0,0,b
Business_Today.txt,270,3001,1884,0,95,83,0,2843,4792,0,15114,1090,34739,4386,13391,3805,248,7808,18820,4948,587,515,619,67,51,60,19594,0,462,524,1108,5034,610,845,11444,1339,0,0,53,3018,11567,2094,0,367,187,162,68,40,29,310,757,1132,577,1032,120,250,10556,4362,214,173,170,729,0,0,0,0,0,0,264,24,531,3,348,13,6,296,15,2183,4,330,23,1,26457,619,58214,1480,0,19,6,13829,466,8031,1624,0,11,3,504,36,6019,380,0,0,0,142,31,2531,244,0,0,0,53532,824,17170,19589,8928,0,1217,16,612,498,0,0,0,30,0,2,0,24,0,157,622,55,48,10,16,269,2,29,27,10,12,288,14,6,190,253,14,5,11,10,21,1,7,0,0,10,58,7,8,2,2,0,1,1,1,6,60,110,76,95,8,1,7,6,11,0,569,170,26,7,0,4591,1568,5316,2,0,0,46,45,26,22,1,33,14,13,14,0,9,144,83,255,123,3,15,6,41,20,4,35,0,26,14,3,416,5,0,1763,0,148,128,9,121,33,2992,278,51,206,0,0,0,0,0,0,0,0,0,0,0,0,0,0,0,0,0,0,0,0,0,0,0,0,0,0,0,0,0,b
Calendar_2015.txt,371,3859,1228,0,136,102,0,4093,3063,0,15629,1273,33301,3601,14465,4700,346,9958,21739,8738,418,438,550,73,42,42,19510,0,225,554,1266,5101,744,848,10262,2023,2,0,236,3750,12645,1895,0,459,401,127,54,26,33,375,908,914,316,1313,91,149,9784,3938,214,121,127,464,0,0,0,0,0,0,193,12,529,2,323,1,0,181,8,7038,1,303,9,0,26674,1092,55057,1522,21,19,6,13812,575,7590,1283,5,11,3,362,8,4618,105,0,0,0,44,6,2214,28,0,0,0,50577,634,16475,23021,10730,0,642,7,670,249,0,0,0,17,0,2,0,12,0,92,377,18,58,10,15,170,3,31,8,7,15,296,5,2,163,177,18,14,2,15,20,0,8,0,0,7,34,7,2,6,0,0,0,1,8,9,50,72,62,72,8,0,6,1,1,0,692,110,29,2,1,4598,1565,5327,3,0,0,44,36,18,4,12,25,10,27,10,0,19,72,31,138,40,3,17,8,16,11,4,34,0,4,5,3,379,23,0,1384,0,247,80,6,123,34,2995,273,17,250,0,0,0,0,0,0,0,0,0,0,0,0,0,0,0,0,0,0,0,0,0,0,0,0,0,0,0,0,0,b
Calender_plugin.txt,1,159,57,0,6,0,0,128,156,0,134,22,249,43,138,16,1,22,234,97,9,13,3,0,0,0,219,0,0,0,0,18,2,0,74,5,0,0,0,22,85,27,0,0,2,0,0,0,0,4,3,18,8,4,3,3,62,25,3,3,2,2,0,0,0,0,0,0,0,0,0,0,0,0,0,0,0,14,0,0,0,0,58,8,167,11,0,0,0,28,12,94,14,0,0,0,36,0,38,1,0,0,0,9,0,16,3,0,0,0,509,10,117,176,93,0,87,1,7,17,0,0,0,0,0,0,0,0,0,0,23,0,0,0,0,0,0,0,0,0,0,0,0,0,11,8,5,2,0,0,0,0,0,0,0,0,0,0,0,0,0,0,0,0,0,0,0,0,0,0,0,0,0,0,0,0,8,8,2,0,0,0,0,0,0,0,0,0,0,0,0,0,0,0,0,0,0,0,0,0,0,0,0,0,0,0,0,0,5,0,0,0,0,0,0,0,31,0,3,3,0,0,0,0,0,0,0,0,0,0,0,0,0,0,0,0,0,0,0,0,0,0,0,0,0,0,0,0,0,0,0,0,0,0,0,0,b
Caller_Screen_Dialer.txt,440,5598,1022,0,250,200,0,5474,3690,0,19834,1930,45520,4776,17937,5414,473,12392,27495,6569,984,453,1000,115,75,80,21347,0,520,769,1724,6237,953,1127,14042,2181,0,0,80,4773,16719,2414,0,575,498,130,77,45,42,676,1379,1521,334,1628,126,227,12943,5587,250,217,154,630,0,0,0,0,0,0,280,74,813,21,396,33,0,273,43,3862,23,334,12,0,28349,1674,64163,2041,35,7,6,14869,932,10947,1988,11,7,3,523,14,6323,133,0,1,0,137,12,2811,54,0,1,0,66595,1072,22409,29953,12963,0,790,11,928,247,0,0,0,39,0,4,0,14,0,282,400,46,134,9,34,167,4,36,29,14,13,304,16,3,160,214,25,10,6,5,12,0,10,0,0,23,94,14,17,9,1,0,0,3,2,23,30,47,41,68,8,1,12,3,9,0,973,181,52,13,9,4615,1597,5334,5,0,0,148,108,91,38,14,58,35,41,51,3,21,67,63,117,68,3,24,9,38,19,4,48,0,12,20,12,416,21,0,1975,0,370,112,14,166,45,3001,283,48,220,0,0,0,0,0,0,0,0,0,0,0,0,0,0,0,0,0,0,0,0,0,0,0,0,0,0,0,0,0,b
Call_Notes.txt,115,1198,1127,0,23,23,0,1345,2989,0,7705,429,18781,1151,6061,2126,164,4852,8572,2256,1617,289,261,20,9,36,5140,0,685,178,376,2625,428,723,4954,617,0,0,44,1377,6658,734,0,191,37,67,26,5,2,181,744,1302,539,851,132,294,6045,3185,193,153,58,373,0,0,0,0,0,0,242,13,567,151,189,151,1,446,11,730,152,213,175,2,3571,240,14122,876,2,22,0,1796,180,3730,920,4,15,0,231,16,3941,165,0,0,0,1692,8,850,33,0,0,0,27093,511,7937,4672,3367,0,870,10,338,220,0,0,0,38,0,9,0,7,0,128,180,4,66,6,5,110,0,7,6,4,6,140,58,6,291,342,10,10,4,22,71,3,16,1,0,12,30,3,3,1,5,5,2,4,3,5,23,50,26,48,0,0,0,1,0,0,317,181,1,0,1,55,81,25,5,3,0,46,33,5,0,0,34,19,11,17,5,10,54,30,82,12,1,0,0,3,1,0,3,0,10,9,0,234,81,0,1862,0,59,61,3,297,16,23,123,170,30,0,0,0,0,0,0,0,0,0,0,0,0,0,0,0,0,0,0,0,0,0,0,0,0,0,0,0,0,0,b
Call_Voice_Changer_-_IntCall.txt,396,4530,1493,0,168,119,0,5576,4796,0,18857,2212,47339,5158,19079,4908,584,11767,26477,7931,541,599,1174,88,82,61,25666,0,601,720,1579,5805,900,1178,15904,2101,0,0,38,4415,15371,2453,0,500,416,114,39,54,36,658,1076,1558,438,1450,121,218,13093,5339,272,137,139,672,0,0,0,0,0,0,351,15,868,1,384,46,0,407,11,4272,0,604,30,0,27213,2862,62293,1861,21,0,6,14381,858,10283,1965,5,0,3,550,14,9143,352,0,4,0,313,16,3541,120,0,0,0,67322,878,24417,31077,12020,0,1564,10,813,782,0,0,0,21,0,3,0,6,0,150,382,78,78,11,28,307,2,41,61,11,11,325,19,3,189,223,22,6,1,9,22,0,11,0,0,10,37,8,16,5,0,0,0,1,8,11,31,51,70,45,9,0,6,13,5,0,823,123,34,15,0,4592,1585,5330,2,2,0,56,49,25,20,17,25,10,32,10,0,22,61,26,152,71,2,15,17,41,28,4,47,0,19,9,3,417,25,0,2005,0,318,274,10,158,43,2992,265,34,257,0,0,0,0,0,0,0,0,0,0,0,0,0,0,0,0,0,0,0,0,0,0,0,0,0,0,0,0,0,b
Cell_Phone_Tracker.txt,25,745,25,0,4,10,0,976,126,0,2325,149,5746,701,2029,610,25,1063,2626,343,79,88,73,9,4,3,3148,0,221,90,188,677,90,233,2187,300,0,0,8,705,1671,312,0,37,8,25,6,1,0,35,133,173,98,223,11,30,2045,1040,62,37,19,102,0,0,0,0,0,0,38,2,196,2,4,4,1,89,2,364,2,1,3,1,625,57,3896,449,0,0,0,310,21,1216,501,0,0,0,127,2,1299,92,1,1,1,19,0,447,24,0,0,0,7928,229,3314,2137,1643,0,84,3,118,6,0,0,0,3,0,0,0,1,0,18,76,4,6,0,0,34,0,3,2,0,4,3,0,3,26,35,0,0,0,0,1,0,2,0,0,2,6,2,1,0,0,0,0,0,0,0,4,12,3,7,0,0,0,0,0,0,54,41,1,0,0,11,13,0,0,0,0,10,9,7,8,0,0,0,0,0,0,0,50,15,37,8,0,0,0,2,2,0,0,0,0,0,0,11,0,0,429,0,8,10,0,19,4,6,5,7,1,0,0,0,0,0,0,0,0,0,0,0,0,0,0,0,0,0,0,0,0,0,0,0,0,0,0,0,0,0,b
Champions_League_T20_Live.txt,27,337,469,0,8,21,0,360,1242,0,2743,228,7900,656,2449,717,48,1381,3897,5413,333,156,117,19,41,18,11041,0,106,155,346,1325,125,138,2693,477,0,0,15,650,1964,325,0,32,18,28,8,33,17,50,157,251,166,237,43,63,2182,1124,94,58,27,136,0,0,0,0,0,0,32,13,221,3,49,43,0,35,6,6735,4,47,51,0,891,111,5120,441,0,13,0,465,43,1558,447,0,6,0,77,6,1040,152,0,0,0,12,9,385,39,0,0,0,10940,142,3792,2866,1445,0,271,6,84,97,0,0,0,6,0,1,0,2,2,18,105,12,4,1,1,58,3,4,3,4,3,16,14,0,82,69,0,3,0,3,13,0,5,0,0,3,9,7,2,1,0,0,0,0,0,2,18,19,19,20,0,3,3,7,10,0,57,26,3,0,0,15,26,0,0,0,0,31,19,4,2,0,0,0,2,0,0,0,37,13,37,6,0,6,5,16,2,1,2,0,3,1,0,41,1,0,563,0,26,30,7,72,13,12,32,31,19,0,0,0,0,0,0,0,0,0,0,0,0,0,0,0,0,0,0,0,0,0,0,0,0,0,0,0,0,0,b
ChatON.txt,74,572,1295,0,32,98,0,605,1965,0,4618,207,9135,758,4695,1640,69,2195,5288,1158,138,443,179,11,15,25,4396,0,165,128,276,1329,97,266,3122,389,0,0,16,464,3227,308,0,101,29,110,44,14,6,60,244,436,317,375,47,98,3183,1439,133,71,78,237,0,0,0,0,0,0,198,8,222,0,83,7,3,150,8,375,0,46,14,4,2097,118,8504,638,0,19,0,1168,82,2492,666,0,11,0,200,0,1701,119,0,0,0,23,0,648,66,0,0,0,14031,233,5070,4802,2083,0,388,8,156,174,0,0,0,16,0,1,0,12,0,101,329,36,12,6,7,181,0,26,16,0,20,28,10,2,153,163,30,9,2,20,15,2,14,0,0,42,36,7,4,3,6,6,0,4,0,6,38,60,81,67,0,0,3,7,6,0,111,80,20,3,2,43,36,11,6,2,0,15,12,2,3,0,0,1,0,1,0,0,67,28,183,36,1,5,1,24,8,0,7,0,7,1,24,110,6,0,797,0,33,46,6,82,14,17,50,11,39,0,0,0,0,0,0,0,0,0,0,0,0,0,0,0,0,0,0,0,0,0,0,0,0,0,0,0,0,0,b
Christina_Hendricks_Sexy_App.txt,54,1036,697,0,12,23,0,1436,2573,0,3488,229,11704,828,2526,670,68,1763,3491,6084,405,92,177,26,23,10,8457,0,82,100,218,1086,93,154,3258,2813,1,0,29,444,2564,573,0,49,53,6,3,14,1,67,162,292,49,259,14,82,2277,1052,22,29,15,183,0,0,0,0,0,0,7,4,171,0,110,6,0,8,3,8700,0,51,2,0,666,189,6020,314,0,0,0,557,105,2068,356,0,1,0,4,2,1246,18,0,7,0,1,2,409,12,0,6,0,13128,178,4835,4988,1655,0,786,3,239,211,0,0,0,6,0,0,0,0,0,18,144,15,36,5,3,28,5,4,20,2,2,17,21,0,194,63,4,5,2,0,4,0,0,0,0,2,18,2,9,0,0,0,0,0,0,3,0,1,5,16,0,1,0,14,5,0,32,52,6,0,0,7,14,0,0,0,0,11,11,3,4,0,0,0,19,0,0,16,3,14,25,17,0,2,0,17,4,0,4,0,1,1,0,44,0,0,407,0,183,52,7,51,2,0,38,26,17,0,0,0,0,0,0,0,0,0,0,0,0,0,0,0,0,0,0,0,0,0,0,0,0,0,0,0,0,0,b
Cinema_Express_-_now_in_cinema.txt,24,222,599,0,7,11,0,316,1307,0,1970,112,5916,381,1921,548,23,851,2560,559,550,129,63,5,81,7,3412,0,59,135,302,752,47,70,1793,172,0,0,9,292,1233,258,0,45,9,14,4,9,2,34,151,159,98,161,23,51,1505,636,51,29,17,220,0,0,0,0,0,0,27,0,74,0,36,1,0,24,0,196,0,42,9,0,730,46,3881,400,0,0,0,397,48,1180,434,0,0,0,133,4,878,83,0,0,0,51,4,284,22,0,0,0,8798,133,2492,1998,975,0,449,2,138,63,0,0,0,4,0,1,0,1,0,9,67,95,3,1,2,42,3,2,88,3,2,12,3,0,44,48,6,6,5,3,4,0,3,0,0,0,5,0,1,1,0,0,0,0,0,0,4,11,2,10,0,0,0,10,3,0,32,18,8,1,0,12,23,0,0,0,0,9,17,3,2,0,0,0,0,0,0,0,13,6,29,4,0,1,0,28,57,0,1,0,2,1,0,26,0,0,360,0,12,27,4,36,4,8,16,21,0,0,0,0,0,0,0,0,0,0,0,0,0,0,0,0,0,0,0,0,0,0,0,0,0,0,0,0,0,0,b
Clock_and_event_widget.txt,4,246,313,0,32,67,0,628,1207,0,2990,474,6059,242,1397,442,87,764,3680,741,66,134,309,59,10,16,3607,0,72,16,33,564,96,170,1798,441,1,0,6,96,1226,216,0,16,1,11,3,22,2,248,73,222,115,59,41,74,1762,817,39,66,24,142,0,0,0,0,0,0,56,0,173,0,0,0,0,73,0,701,0,0,1,0,747,561,2551,185,0,2,0,421,249,1081,187,0,1,0,1051,94,1773,33,0,0,0,25,18,258,44,0,0,0,7585,86,2442,3881,1710,0,217,11,171,188,0,0,0,10,0,1,0,1,3,99,17,7,22,1,1,6,0,3,3,1,0,0,0,0,14,16,3,5,9,1,1,0,1,0,0,14,21,5,3,6,2,0,0,4,0,0,0,0,0,0,0,0,0,2,1,0,69,43,11,0,2,2,3,4,1,0,0,59,25,17,8,3,2,2,0,16,0,0,2,0,2,0,0,1,0,3,2,0,3,0,15,4,2,0,0,0,340,0,48,23,31,1,7,0,19,0,1,0,0,0,0,0,0,0,0,0,0,0,0,0,0,0,0,0,0,0,0,0,0,0,0,0,0,0,0,0,b
Clock_Organizer_Weather_Trial.txt,2,48,9,0,2,0,0,65,37,0,158,39,462,44,166,13,4,71,254,407,38,64,9,10,8,0,361,0,7,6,12,15,2,14,169,20,0,0,3,29,98,48,0,1,3,4,4,0,0,11,9,17,5,4,1,4,89,35,3,7,3,13,0,0,0,0,0,0,0,0,10,0,44,0,0,0,0,32,0,295,0,0,17,11,257,8,0,0,0,12,11,105,11,0,0,0,89,0,65,2,0,0,0,20,0,25,4,0,0,0,531,10,286,312,89,0,14,0,5,6,0,0,0,0,0,0,0,0,0,2,44,0,0,0,0,8,0,4,0,0,4,8,0,0,4,6,0,1,0,0,4,0,0,0,0,2,0,0,0,0,0,0,0,0,0,0,12,5,3,11,0,0,0,2,2,0,10,9,0,0,0,1,6,0,1,0,0,7,3,0,0,0,0,0,0,0,0,0,40,22,8,6,1,0,0,2,2,0,0,0,0,0,0,0,0,0,48,0,2,23,1,11,0,0,15,2,29,0,0,0,0,0,0,0,0,0,0,0,0,0,0,0,0,0,0,0,0,0,0,0,0,0,0,0,0,0,b
CM_Backup_-_SafeCloudSpeedy.txt,397,6538,411,0,409,85,0,3935,2599,0,21722,2515,45806,4857,14486,5013,500,7007,23095,5770,3745,795,1445,147,68,68,23503,0,915,538,1132,5480,503,865,14390,1648,1,0,92,2156,15802,3598,0,563,224,224,112,20,25,748,1317,2204,524,1382,171,330,14498,6797,303,266,269,1241,0,0,0,0,0,0,321,338,703,3,65,122,1,275,115,2582,2,48,16,1,5893,1168,31895,2223,248,20,20,4473,1216,10986,2583,478,12,54,445,22,7467,194,49,20,0,133,52,2475,128,56,0,0,69559,974,22049,23950,15760,0,603,12,464,144,0,0,0,35,0,1,0,36,0,540,719,38,246,52,30,345,3,57,31,7,40,69,20,25,142,266,18,2,0,35,12,0,7,0,0,114,172,89,21,13,1,0,0,1,1,6,13,126,33,101,6,0,1,6,4,0,643,380,24,8,10,222,80,25,7,1,0,310,142,63,55,3,23,1,9,1,1,2,183,126,310,190,0,15,8,42,42,2,22,0,21,23,6,87,21,0,2100,0,119,187,21,163,85,19,74,24,38,0,0,0,0,0,0,0,0,0,0,0,0,0,0,0,0,0,0,0,0,0,0,0,0,0,0,0,0,0,b
Comet_3D_Launcher.txt,120,7264,1016,0,39,16,0,3059,3258,0,15601,863,30550,2595,9771,3071,154,3971,18395,23000,1426,3125,486,47,82,71,16272,0,451,444,934,4530,809,774,9547,1034,6,0,48,1559,10697,2766,0,259,50,1039,629,33,19,258,758,2291,1694,861,155,445,10383,5344,468,692,317,1092,0,0,0,0,0,0,2235,91,1461,49,165,92,20,2490,43,1412,53,3132,3818,5108,16098,378,32256,2330,6,5,0,6908,351,7311,2743,38,10,0,2426,39,7618,1116,0,0,0,733,49,1835,734,0,0,0,47838,810,15509,16343,6806,0,1046,4,338,209,0,0,0,121,0,1,0,356,0,203,3602,80,82,20,3,1275,10,303,70,1,180,47,10,22,309,347,93,57,57,19,6,2,3,0,2,1,51,3,5,1,0,0,0,0,7,10,391,821,462,415,12,1,9,12,6,0,917,470,235,55,18,51,155,24,6,0,0,32,56,17,33,0,26,20,10,20,0,1,2275,1738,3129,1768,54,32,29,77,26,0,28,0,30,14,19,223,30,0,4390,0,502,473,57,319,154,11,226,82,61,0,0,0,0,0,0,0,0,0,0,0,0,0,0,0,0,0,0,0,0,0,0,0,0,0,0,0,0,0,b
Comic_ringtone.txt,22,270,501,0,2,24,0,133,1015,0,1616,83,3506,318,1633,558,18,679,1739,444,68,123,55,10,2,5,2438,0,23,78,184,460,47,73,1312,103,0,0,8,213,1133,201,0,29,11,34,9,1,0,26,97,119,87,182,23,39,1384,614,71,28,18,88,0,0,0,0,0,0,29,5,79,0,35,11,0,23,4,168,0,31,19,0,746,31,3018,362,0,0,0,350,22,773,346,0,0,0,61,4,752,89,0,0,0,7,6,254,20,0,0,0,5748,114,1907,1797,672,0,216,2,42,73,0,0,0,3,0,1,0,2,0,9,107,0,1,0,1,62,4,4,3,2,2,4,6,0,66,67,6,3,0,2,16,0,5,0,0,4,5,6,1,1,0,0,0,0,0,0,22,23,21,19,0,0,0,0,0,0,30,28,3,0,0,15,21,0,0,0,0,10,10,3,1,0,0,0,0,0,0,0,37,13,37,4,0,1,0,5,0,0,0,0,1,1,0,30,1,0,381,0,19,22,3,45,6,12,18,11,5,0,0,0,0,0,0,0,0,0,0,0,0,0,0,0,0,0,0,0,0,0,0,0,0,0,0,0,0,0,b
Comodo_Security_&_Antivirus.txt,335,4968,308,0,124,77,0,4004,1659,0,15415,1055,35607,4216,12468,3758,260,6716,19126,5069,978,363,580,107,40,35,17589,0,685,845,1780,4786,731,916,12566,1837,0,0,64,3406,12863,1947,0,389,265,59,21,16,13,345,1130,1503,736,1047,100,254,10591,5137,220,164,169,641,0,0,0,0,0,0,201,20,826,31,475,79,3,420,7,2749,17,369,31,1,26570,725,61144,1606,1,29,5,14011,476,9143,1612,1,17,1,3276,10,5420,399,1,0,0,74,11,1916,140,1,0,0,51675,952,18568,21057,10569,0,453,8,512,100,0,0,0,15,0,2,0,7,0,143,196,14,40,15,13,87,3,32,14,9,5,334,47,10,73,108,4,5,3,32,4,3,7,0,3,13,29,7,4,4,0,0,0,1,1,5,11,23,6,18,7,0,2,0,3,0,419,153,26,12,4,4864,1572,5328,1,1,0,82,57,40,16,14,15,10,10,10,2,8,64,22,77,48,1,4,1,19,10,2,15,0,9,5,3,466,3,0,2273,0,167,92,16,137,25,2993,257,34,221,0,0,0,0,0,0,0,0,0,0,0,0,0,0,0,0,0,0,0,0,0,0,0,0,0,0,0,0,0,b
Compare_Price_and_Shop_online.txt,333,4935,3937,0,263,333,0,4303,9449,0,25630,2128,62587,4915,26199,6881,512,16416,29224,7418,2102,1451,1000,97,234,234,25303,0,2045,1190,2627,10109,1341,1624,18394,2388,3,0,230,5614,17763,2296,0,368,247,416,213,165,147,583,1311,2291,675,2193,225,404,18380,9077,524,497,294,1111,0,0,0,0,0,0,691,172,1144,14,518,117,3,791,92,3807,16,500,70,1,30119,1249,79318,2576,5,29,13,15701,697,16777,2487,4,21,12,1402,56,8295,216,0,0,0,94,46,3286,141,0,0,0,85688,1601,31244,26538,17148,0,2364,28,923,766,0,0,0,87,0,3,0,110,8,404,1256,103,189,24,22,317,3,269,99,14,130,397,28,21,700,675,37,13,9,55,36,2,28,0,2,26,97,10,17,4,9,8,2,2,9,16,359,393,261,259,12,79,139,160,83,3,1116,410,30,11,6,4682,1671,5534,16,0,1,159,104,24,11,3,94,27,23,41,42,18,446,295,511,157,4,94,65,137,59,5,47,0,22,7,9,472,32,0,4159,0,454,261,61,435,62,3003,362,79,298,0,0,0,0,0,0,0,0,0,0,0,0,0,0,0,0,0,0,0,0,0,0,0,0,0,0,0,0,0,b
ConfServices.txt,117,1758,1301,0,75,128,0,1416,6115,0,10530,572,33548,2791,8461,2605,185,7517,11796,4071,1504,200,225,50,26,34,19338,0,801,147,309,4659,389,1053,10097,1351,2,0,31,1954,7783,1987,0,127,87,42,15,15,25,120,749,770,498,912,126,254,6972,4005,223,184,93,336,0,0,0,0,0,0,113,55,432,21,116,143,18,80,14,3192,11,60,110,5,2220,267,17795,725,18,56,18,1271,141,6080,665,11,20,11,477,25,7998,305,2,7,0,72,14,2364,213,1,6,0,42620,369,13604,14399,7185,0,1710,19,515,462,0,0,0,25,0,2,0,1,0,128,112,32,56,2,7,59,1,11,26,3,3,32,80,12,268,174,11,13,2,3,11,0,6,0,0,8,14,9,11,3,0,0,0,1,9,7,23,23,18,17,3,6,9,1,6,0,350,113,24,16,1,38,46,6,4,1,0,33,21,21,17,0,20,9,19,8,0,11,51,16,36,5,1,13,4,8,8,4,11,0,9,2,0,59,3,0,2008,0,162,77,21,101,19,14,45,28,36,0,0,0,0,0,0,0,0,0,0,0,0,0,0,0,0,0,0,0,0,0,0,0,0,0,0,0,0,0,b
Copy_My_Data.txt,197,2233,1077,0,71,43,0,1867,2538,0,9662,569,19744,2325,7887,2896,142,5050,12038,4181,387,277,344,35,29,19,10691,0,175,356,756,2760,386,733,6287,858,0,0,18,2167,7436,1222,0,267,156,87,27,19,24,170,497,822,281,805,66,131,6110,2635,145,107,98,401,0,0,0,0,0,0,141,6,340,1,396,24,0,192,4,1595,0,337,29,0,24844,450,46634,871,0,19,6,12777,282,4491,825,0,11,3,195,12,4181,94,9,3,0,18,6,1602,19,6,1,0,30492,346,9542,12040,6976,0,559,6,335,211,0,0,0,14,0,2,0,8,0,44,217,12,24,10,13,129,1,10,4,7,5,299,15,2,139,161,12,2,1,9,26,0,7,0,0,6,28,8,7,1,0,0,0,1,1,5,28,46,41,46,3,0,3,0,1,0,404,79,7,2,0,4599,1562,5315,2,0,0,42,35,10,5,0,21,8,11,8,0,6,55,16,87,23,1,14,5,10,9,4,17,0,5,2,1,392,20,6,1393,0,127,36,9,154,45,2990,281,64,200,0,0,0,0,0,0,0,0,0,0,0,0,0,0,0,0,0,0,0,0,0,0,0,0,0,0,0,0,0,b
25_Fashion_Wholesale.txt,51,1028,615,0,12,23,0,1392,2366,0,3349,228,11489,820,2413,667,68,1727,3419,5981,396,78,171,26,23,10,8265,0,70,100,218,1050,93,150,3108,2811,1,0,29,443,2502,523,0,46,53,6,3,14,1,66,161,287,49,252,14,82,2134,998,22,29,15,179,0,0,0,0,0,0,7,4,169,0,108,6,0,8,3,8696,0,51,2,0,661,189,5805,267,0,0,0,539,105,1931,287,0,1,0,4,2,1244,18,0,7,0,1,2,409,12,0,6,0,12596,166,4647,4930,1642,0,748,3,226,211,0,0,0,6,0,0,0,0,0,18,144,15,36,5,3,28,5,4,20,2,2,17,21,0,194,60,4,5,2,0,4,0,0,0,0,2,18,2,9,0,0,0,0,0,0,3,0,1,5,16,0,1,0,14,5,0,32,49,6,0,0,7,14,0,0,0,0,11,11,3,4,0,0,0,19,0,0,16,3,14,25,17,0,2,0,17,4,0,3,0,1,1,0,43,0,0,399,0,183,52,7,50,2,0,37,25,17,0,0,0,0,0,0,0,0,0,0,0,0,0,0,0,0,0,0,0,0,0,0,0,0,0,0,0,0,0,b
3D_Animal_-_Ringtones.txt,3,203,87,0,3,16,0,388,532,0,535,61,1863,258,488,74,11,159,563,173,25,45,40,10,1,5,1654,0,19,51,123,124,29,24,685,52,0,0,6,75,501,118,0,6,0,1,0,1,0,15,15,32,12,34,9,3,493,247,4,4,4,22,0,0,0,0,0,0,6,0,47,0,35,10,0,3,0,80,0,31,10,0,55,19,757,42,0,0,0,37,15,282,49,0,0,0,10,4,476,13,0,0,0,4,6,153,15,0,0,0,2391,29,860,1072,334,0,102,1,31,45,0,0,0,0,0,0,0,1,0,3,11,0,0,0,0,16,4,2,2,2,0,4,3,0,6,9,0,1,0,0,0,0,0,0,0,0,3,6,0,0,0,0,0,0,0,0,0,0,3,2,0,0,0,0,0,0,3,7,2,0,0,0,12,0,0,0,0,8,10,3,1,0,0,0,0,0,0,0,0,1,8,1,0,1,0,4,0,0,0,0,0,0,0,17,0,0,96,0,10,7,3,20,2,0,14,9,5,0,0,0,0,0,0,0,0,0,0,0,0,0,0,0,0,0,0,0,0,0,0,0,0,0,0,0,0,0,b
3D_Sense_Clock_&_Weather.txt,409,5443,643,0,128,67,0,3515,2735,0,18723,1486,39720,4924,15490,4868,341,9823,23676,8504,912,673,641,95,169,114,21595,0,580,585,1276,5292,819,919,12469,1867,0,0,72,3564,15018,2680,0,474,330,172,71,46,61,360,1078,1470,465,1340,109,244,13079,5256,269,219,159,674,0,0,0,0,0,0,305,10,590,5,450,27,4,1079,7,3380,5,1926,4,0,27949,932,63297,1944,0,10,6,14676,620,10080,1865,0,10,3,1225,33,6999,230,0,0,0,104,32,2916,148,0,0,0,60240,1006,19750,25699,11358,0,963,15,487,268,0,0,0,42,0,1,0,21,3,154,568,47,70,11,18,322,1,54,33,8,18,328,4,3,130,297,24,21,5,9,5,1,13,0,0,4,28,7,9,4,1,3,0,1,8,10,28,61,11,39,8,2,14,5,19,0,1080,353,42,25,4,4604,1636,5326,5,0,0,53,52,33,30,12,26,15,21,14,0,12,184,110,299,150,3,58,41,110,37,5,34,0,40,12,4,451,5,0,1740,0,219,183,15,244,39,2991,313,64,233,0,0,0,0,0,0,0,0,0,0,0,0,0,0,0,0,0,0,0,0,0,0,0,0,0,0,0,0,0,b
50000_Baby_Names_FREE!.txt,95,1267,271,0,18,18,0,1019,1148,0,5916,509,16682,1436,5392,1421,95,3030,7433,1891,506,175,224,30,33,13,9573,0,447,216,456,1810,197,340,6216,757,0,0,57,825,4716,1202,0,147,20,17,11,28,4,80,291,783,161,363,59,98,4925,2591,81,62,33,229,0,0,0,0,0,0,88,7,245,3,240,61,1,80,13,948,1,439,39,0,1445,300,12186,736,438,0,229,864,208,4104,1040,17,0,120,59,21,2213,154,0,4,0,36,10,913,62,0,0,0,23837,311,9207,6091,4798,0,373,1,153,138,0,0,0,5,0,2,0,3,0,80,112,24,43,2,12,87,3,12,24,5,1,91,34,12,47,27,5,11,4,1,11,0,2,0,0,7,27,1,3,2,2,1,0,1,14,1,2,14,3,7,0,0,0,1,6,0,56,39,7,0,1,8,38,2,0,0,0,26,22,15,8,0,25,15,5,15,1,4,10,5,58,29,0,5,0,24,13,0,3,0,4,4,1,79,2,0,878,0,71,42,22,89,10,4,80,50,54,0,0,0,0,0,0,0,0,0,0,0,0,0,0,0,0,0,0,0,0,0,0,0,0,0,0,0,0,0,b
9nine.txt,105,1474,93,0,42,10,0,835,377,0,6077,309,14644,865,5300,1212,91,2266,5641,1912,1678,372,191,20,23,17,5480,0,418,151,318,2187,279,246,3767,351,0,0,35,671,4273,601,0,139,37,117,57,8,3,101,307,903,157,442,52,149,4037,2005,127,88,78,287,0,0,0,0,0,0,116,7,347,0,58,22,0,111,6,393,0,812,0,0,2389,152,12310,566,0,0,0,1474,133,3900,629,0,0,1,144,3,1085,111,0,0,0,68,2,445,35,0,0,0,23244,602,6307,5947,2337,0,207,2,80,52,0,0,0,18,0,1,0,17,0,81,346,51,26,11,2,178,0,17,32,3,15,34,7,2,48,127,11,4,1,4,1,0,3,0,0,7,39,2,3,1,0,0,0,2,1,11,10,79,17,44,3,1,0,1,3,0,206,166,9,10,9,45,46,14,3,0,0,19,21,3,1,1,8,8,2,9,3,0,106,63,172,71,0,6,1,29,8,0,1,0,10,12,1,49,2,0,958,0,67,55,4,63,12,9,57,26,21,0,0,0,0,0,0,0,0,0,0,0,0,0,0,0,0,0,0,0,0,0,0,0,0,0,0,0,0,0,b
ABPro_Mobile.txt,354,5261,2874,0,237,155,0,9218,12535,0,9488,803,31591,913,6234,1962,110,5146,18932,7317,302,205,516,70,129,188,28307,0,840,129,272,3561,990,926,6555,2707,0,0,421,1398,10009,3938,0,726,162,16,4,196,74,238,1076,2113,245,1155,440,418,7794,3012,236,232,44,296,0,0,0,0,0,0,442,178,1294,24,156,117,14,438,70,5492,38,155,30,5,3760,102,13586,592,5,217,246,2547,74,4091,705,11,67,84,38,42,3506,330,0,0,0,34,15,641,116,0,0,0,31421,485,12227,21321,2804,0,1021,62,660,721,0,0,0,22,0,2,0,3,7,95,50,137,89,0,37,26,0,21,68,20,9,107,92,65,219,484,9,6,24,31,12,5,30,6,10,21,23,0,3,0,4,1,0,74,11,6,0,5,4,3,0,13,24,17,18,6,254,491,12,6,8,65,68,9,10,0,3,36,15,1,0,0,151,8,0,24,0,2,6,8,15,6,0,54,34,102,25,4,42,0,1,0,1,76,6,6,2414,0,148,37,11,242,36,11,56,96,40,0,0,0,0,0,0,0,0,0,0,0,0,0,0,0,0,0,0,0,0,0,0,0,0,0,0,0,0,0,b
aCalendar+_Android_Calendar.txt,31,1376,222,0,64,28,0,534,971,0,3247,559,5730,364,1406,466,37,393,5258,2355,271,263,225,159,48,42,3718,0,70,105,220,817,122,212,2366,470,2,0,144,209,1892,899,0,47,12,38,17,11,4,167,247,491,332,137,50,113,1946,1094,54,65,33,142,0,0,0,0,0,0,202,4,392,8,48,0,0,509,1,652,7,5,2,0,1419,267,4452,436,0,2,0,732,123,959,286,0,1,0,1410,37,1149,166,0,0,0,142,41,281,85,0,0,0,9300,109,3014,3864,1180,0,194,1,204,66,0,0,0,42,0,0,0,7,1,81,348,70,39,5,27,104,0,29,45,6,1,4,0,0,69,81,26,22,9,1,1,3,6,2,0,22,31,8,11,6,0,0,0,0,0,0,15,56,5,14,0,6,6,4,10,0,198,131,64,20,6,17,12,4,2,0,1,92,63,22,23,8,0,0,0,0,0,0,52,33,148,50,0,23,15,45,24,0,9,0,11,1,0,11,0,0,758,0,96,149,97,24,4,0,15,11,2,0,0,0,0,0,0,0,0,0,0,0,0,0,0,0,0,0,0,0,0,0,0,0,0,0,0,0,0,0,b
aContacts.txt,17,155,172,0,13,12,0,531,943,0,824,106,2793,144,645,143,15,164,1499,254,525,92,48,2,0,1,1890,0,54,18,37,281,4,20,890,146,0,0,3,109,504,98,0,48,3,6,3,0,1,21,27,68,38,5,6,18,424,220,7,5,5,50,0,0,0,0,0,0,9,0,62,0,0,0,0,10,0,346,0,0,0,0,130,79,1345,35,0,0,0,81,43,436,57,0,0,0,35,15,451,26,0,0,0,31,1,106,33,0,0,0,4055,71,1142,1056,615,0,194,3,42,46,0,0,0,1,0,0,0,2,0,30,7,0,1,0,0,1,0,3,0,0,1,0,0,0,0,5,1,0,0,0,0,0,0,0,0,1,4,3,3,0,0,0,0,0,0,0,0,3,3,1,0,0,0,0,0,0,3,15,0,0,0,0,0,0,0,0,0,4,0,5,0,0,0,0,0,0,0,0,3,5,2,4,0,0,0,0,0,0,0,0,0,0,0,0,0,0,57,0,2,3,0,0,1,0,0,0,0,0,0,0,0,0,0,0,0,0,0,0,0,0,0,0,0,0,0,0,0,0,0,0,0,0,0,0,0,0,b
Airline_Flight_Status_Tracking.txt,513,5175,3325,0,170,203,0,4865,9474,0,27047,2137,63701,5181,22380,7140,601,16127,32713,13238,13174,1035,836,121,155,148,28229,0,1187,681,1478,9236,1248,1712,17581,4988,0,0,253,5100,21073,2831,0,650,438,292,167,85,66,474,1691,2748,852,2393,249,596,18133,8536,391,366,258,1144,0,0,0,0,0,0,1778,51,1265,6,563,210,2,1649,24,11427,7,552,214,2,31117,1306,78694,2622,1,55,6,16420,872,14178,2660,1,34,3,3047,131,9492,364,0,0,0,13750,106,3561,171,0,0,0,89080,1527,28167,32112,17165,0,2201,27,1065,637,0,0,0,73,0,5,0,136,1,202,948,107,114,24,53,389,3,105,58,17,70,400,74,6,941,617,103,37,13,37,96,4,23,1,0,16,90,11,9,6,4,4,0,3,9,12,490,583,391,183,8,11,43,51,47,0,1123,430,42,15,3,4645,1665,5349,12,3,0,77,69,22,8,12,22,13,23,13,3,14,354,258,516,105,7,37,24,71,41,4,70,0,21,11,5,621,83,0,5335,0,403,204,27,446,62,3017,440,281,277,0,0,0,0,0,0,0,0,0,0,0,0,0,0,0,0,0,0,0,0,0,0,0,0,0,0,0,0,0,b
airtel_pocket_TV.txt,38,283,759,0,5,13,0,302,1800,0,2980,105,7237,606,3020,833,40,1312,3205,855,435,170,68,8,5,28,4064,0,61,76,159,951,39,134,2192,171,0,0,7,337,1825,319,0,46,14,84,18,3,4,30,137,304,211,264,22,63,2211,971,74,41,36,204,0,0,0,0,0,0,50,5,235,0,2,3,0,44,4,404,0,1,11,0,1109,46,6548,475,0,0,0,587,48,2083,558,0,0,0,189,68,1419,96,0,0,0,40,29,513,59,0,0,0,11162,221,3417,3290,1255,0,383,4,108,125,0,0,0,15,0,1,0,3,0,22,167,3,4,1,2,112,0,4,59,0,5,1,4,0,107,138,8,2,0,8,15,0,6,0,0,4,5,0,1,1,0,0,0,0,0,0,26,42,32,31,0,0,0,0,1,0,40,39,3,0,0,32,21,0,3,0,0,10,2,1,0,0,0,0,0,0,0,0,49,14,61,8,0,3,2,4,1,0,2,0,7,1,1,16,1,0,485,0,23,48,2,39,13,13,8,4,2,0,0,0,0,0,0,0,0,0,0,0,0,0,0,0,0,0,0,0,0,0,0,0,0,0,0,0,0,0,b
Al-Quran_Terjemahan.txt,52,1002,613,0,12,23,0,1377,2339,0,3318,226,11472,820,2410,663,68,1727,3406,5978,396,75,171,26,23,10,8234,0,70,100,218,1049,93,150,3107,2811,1,0,29,443,2498,516,0,47,52,5,1,13,1,66,161,287,48,252,14,82,2125,993,21,27,15,177,0,0,0,0,0,0,7,4,169,0,108,6,0,8,3,8696,0,51,2,0,642,189,5791,262,0,0,0,531,105,1929,261,0,1,0,4,2,1244,18,0,7,0,1,2,409,12,0,6,0,12535,165,4647,4921,1634,0,746,3,224,211,0,0,0,6,0,0,0,0,0,18,134,15,36,5,3,28,5,2,20,2,2,17,21,0,193,59,4,5,2,0,4,0,0,0,0,2,18,2,9,0,0,0,0,0,0,3,0,0,1,14,0,1,0,14,5,0,32,45,6,0,0,7,14,0,0,0,0,11,11,3,4,0,0,0,19,0,0,16,1,6,23,16,0,2,0,17,4,0,3,0,1,1,0,43,0,0,399,0,183,49,7,50,2,0,37,25,17,0,0,0,0,0,0,0,0,0,0,0,0,0,0,0,0,0,0,0,0,0,0,0,0,0,0,0,0,0,b
Alarmone_-alarm_clock_calendar.txt,477,5590,3010,0,376,190,0,4714,8304,0,27373,3883,65061,7223,23355,7435,823,14174,37076,12013,3205,1637,1600,302,281,161,28311,0,914,756,1573,8111,839,1455,20281,2839,18,0,275,4727,21913,3916,0,705,221,370,170,111,86,890,1551,2965,1284,2016,324,560,18092,9719,696,581,411,1294,0,0,0,0,0,0,861,123,1940,76,545,173,3,2993,80,4242,90,594,39,1,33700,1648,84674,2885,510,62,111,18055,1122,15658,2964,184,43,45,2206,75,9347,358,0,15,0,625,89,3644,182,0,4,0,98149,1717,31678,32945,14108,0,2003,46,915,577,0,0,0,141,0,19,0,47,0,667,1326,146,272,27,21,553,3,245,87,16,76,435,36,15,495,586,52,59,50,22,17,4,33,1,2,41,172,34,56,25,14,9,10,5,36,22,105,293,179,176,11,10,48,31,33,0,1069,408,98,39,25,4642,1712,5332,16,3,7,325,186,165,92,16,105,53,36,54,11,10,355,394,673,280,14,113,95,199,121,8,102,0,84,20,10,539,9,0,4547,0,598,460,250,407,71,3050,398,133,253,0,0,0,0,0,0,0,0,0,0,0,0,0,0,0,0,0,0,0,0,0,0,0,0,0,0,0,0,0,b
Alarm_Clockwake_up_guaranteed.txt,15,181,0,0,5,0,0,203,6,0,814,98,2435,249,824,172,9,302,1156,188,188,53,74,16,16,7,1534,0,50,118,263,423,40,40,811,75,1,0,10,169,608,148,0,16,1,3,0,6,2,48,38,77,31,40,9,10,762,361,13,18,11,52,0,0,0,0,0,0,17,0,103,0,36,0,0,9,0,183,2,42,0,0,242,52,1692,137,0,0,0,153,55,584,194,0,0,0,27,6,311,6,0,0,0,8,6,137,7,0,0,0,3511,80,1215,1108,418,0,24,1,17,10,0,0,0,0,0,0,0,0,0,14,19,13,4,1,1,14,3,2,0,2,2,12,0,0,3,6,0,0,0,1,0,0,3,0,0,0,10,0,2,1,0,0,0,0,0,0,0,0,0,2,0,0,0,0,1,0,6,7,6,0,0,7,20,0,4,0,0,13,21,1,2,1,0,0,0,0,0,0,1,1,7,4,0,1,0,8,4,0,0,0,0,0,0,18,0,0,123,0,2,7,4,27,9,2,16,20,0,0,0,0,0,0,0,0,0,0,0,0,0,0,0,0,0,0,0,0,0,0,0,0,0,0,0,0,0,0,b
Albany_Weather_(W.A.txt,17,23,59,0,0,3,0,90,340,0,777,56,3553,88,805,176,19,649,833,238,437,26,42,3,1,6,1702,0,46,3,6,743,3,14,874,64,0,0,3,30,379,110,0,30,4,6,3,0,0,7,13,51,10,50,2,28,449,181,7,7,2,21,0,0,0,0,0,0,1,0,28,0,0,0,0,20,0,64,0,0,0,0,228,17,3308,79,8,0,0,281,18,1567,93,19,0,0,0,0,121,1,0,0,0,0,0,43,5,0,0,0,4570,115,1299,1520,191,0,116,0,16,9,0,0,0,0,0,0,0,0,0,9,17,7,7,0,6,0,0,0,3,0,0,0,0,0,1,3,0,0,0,0,0,0,0,0,0,1,0,0,0,0,0,0,0,0,0,0,0,2,1,0,0,0,0,0,0,0,2,3,0,0,5,0,0,0,0,0,0,2,1,1,3,0,0,0,0,0,0,0,2,0,2,0,0,0,0,1,8,0,0,0,0,0,1,0,0,0,122,0,0,9,3,1,0,0,0,0,0,0,0,0,0,0,0,0,0,0,0,0,0,0,0,0,0,0,0,0,0,0,0,0,0,0,0,0,0,0,b
Anti-Virus_Pro_Trial.txt,78,1540,56,0,24,26,0,840,334,0,3370,290,7671,972,2603,812,94,1021,5674,2544,1286,162,196,42,38,35,4812,0,209,28,60,1032,48,354,3156,929,2,0,171,386,3006,452,0,117,17,32,24,18,11,88,222,382,333,412,87,167,2586,1160,117,82,38,183,0,0,0,0,0,0,296,27,391,1,153,6,0,371,12,1700,0,200,2,0,1151,102,5613,392,10,0,0,608,103,1762,414,2,0,0,26,0,1584,86,0,0,0,14,0,595,44,0,0,0,11502,262,4545,4603,1537,0,139,0,78,32,0,0,0,11,0,0,0,1,0,44,160,30,30,0,5,60,0,12,20,10,8,48,0,0,103,86,19,10,7,4,2,3,11,5,2,5,13,1,4,2,0,0,0,0,0,8,6,45,17,21,0,0,0,1,3,0,174,75,44,9,4,17,42,27,14,0,1,29,15,13,7,0,0,0,0,0,0,0,80,49,93,36,0,2,1,23,12,6,7,0,4,6,2,38,0,2,1091,0,65,53,25,114,19,12,59,69,40,0,0,0,0,0,0,0,0,0,0,0,0,0,0,0,0,0,0,0,0,0,0,0,0,0,0,0,0,0,b
AntiVirus_FREE_-_Security_Scan.txt,447,6898,653,0,140,157,0,5109,2522,0,22066,1661,47170,5614,18034,5759,405,10789,30420,8577,464,749,829,126,86,107,25193,0,779,621,1357,6711,938,1367,15633,3055,2,0,300,4066,18232,2769,0,618,358,114,59,73,45,483,1449,2032,655,1703,217,351,15711,6222,325,234,186,770,0,0,0,0,0,0,707,46,1000,4,520,84,1,892,17,5124,3,492,37,0,27890,1035,66725,2033,21,16,6,14496,657,11031,1983,6,12,3,2872,39,8285,160,0,0,0,57,19,3174,99,0,0,0,73011,1269,24641,27544,13730,0,634,25,672,238,0,0,0,34,0,2,0,4,0,239,525,57,92,4,32,233,3,52,37,16,19,334,28,3,175,293,44,17,13,12,5,4,22,6,2,46,61,18,7,6,7,9,0,6,8,23,15,71,27,47,8,2,5,6,10,0,926,314,60,12,5,4615,1644,5373,24,0,1,111,88,42,29,14,25,10,21,9,1,13,156,77,296,109,2,26,8,46,35,10,43,0,15,11,6,494,18,2,2745,0,298,151,37,303,42,2996,340,100,301,0,0,0,0,0,0,0,0,0,0,0,0,0,0,0,0,0,0,0,0,0,0,0,0,0,0,0,0,0,b
Any.txt,447,8589,715,0,227,66,0,6303,2371,0,28272,2165,63606,6256,24581,7822,570,14724,32007,7939,2563,1074,1391,156,133,97,0,0,1506,911,1936,8335,1325,1968,20083,3127,6,0,271,6248,21860,2463,0,484,284,257,97,42,60,897,1796,2966,789,2498,275,516,19655,9480,552,464,199,1181,0,0,0,0,0,0,653,20,1460,8,674,192,2,981,16,4727,8,561,52,1,31028,1354,78504,3151,2,57,8,16019,792,14239,2854,2,33,6,1544,34,10217,359,1,10,1,160,26,3760,146,0,4,0,89649,1725,33329,31372,17326,0,679,18,1075,294,0,0,0,109,0,5,0,34,1,512,1053,69,219,22,35,386,4,83,56,7,33,462,49,21,344,589,43,20,18,40,21,1,23,1,2,10,95,7,21,4,3,5,1,7,34,30,44,185,48,70,10,4,22,29,14,1,1853,751,60,14,13,4765,1763,5356,12,0,0,201,182,48,34,3,122,41,35,50,4,27,307,144,425,191,8,47,13,72,43,5,37,0,13,10,6,649,48,0,4443,0,443,241,56,459,58,3013,484,155,350,0,0,0,0,0,0,0,0,0,0,0,0,0,0,0,0,0,0,0,0,0,0,0,0,0,0,0,0,0,b
AppLock_Pro.txt,265,2896,1378,0,77,69,0,2338,2519,0,12553,843,27668,3226,11718,3814,237,6952,15887,4378,781,586,406,53,49,49,12604,0,598,487,1026,3948,609,774,9194,1062,2,0,81,3033,9829,1330,0,326,201,165,89,33,32,214,677,1045,319,1113,101,169,7832,3456,191,145,141,478,0,0,0,0,0,0,208,9,551,10,330,44,0,307,7,1727,11,315,9,0,26498,515,52368,1246,4,19,6,13715,340,6544,1331,5,11,3,585,18,4541,141,0,1,0,37,11,1970,67,0,1,0,42666,586,14776,16091,8072,0,664,9,375,210,0,0,0,40,0,3,0,19,0,133,569,52,42,16,22,292,1,41,29,9,21,276,16,3,191,216,24,23,16,11,15,0,8,0,0,4,36,12,5,3,1,0,0,2,2,13,71,105,78,107,8,4,5,11,6,0,528,156,52,25,4,4615,1564,5325,5,0,0,53,34,25,4,1,35,10,29,25,5,10,126,77,197,74,3,14,6,30,20,4,23,0,17,8,7,381,4,0,1527,0,172,106,12,119,35,2993,264,33,203,0,0,0,0,0,0,0,0,0,0,0,0,0,0,0,0,0,0,0,0,0,0,0,0,0,0,0,0,0,b
APUS_Launcher-SmallFastBoost.txt,874,6694,828,0,194,133,0,4617,2265,0,21527,1558,37433,4042,17520,4405,295,6180,24429,5494,4389,2053,1661,189,113,65,0,0,760,514,1088,6000,653,655,11587,2699,9,0,963,1515,15506,1960,0,540,125,519,266,29,22,846,945,2124,640,1738,214,466,16741,7261,734,496,395,1395,0,0,0,0,0,0,834,31,694,22,34,11,2,922,36,2954,18,14,3,1,9696,1265,44111,2514,14,0,0,5691,916,11967,3073,14,0,0,725,65,5048,185,0,0,0,202,79,1681,122,0,0,0,62034,1888,20838,24411,8637,0,786,57,628,234,0,0,0,162,0,0,0,68,0,339,2470,114,81,85,19,745,37,127,78,19,68,36,3,7,234,560,82,56,24,11,1,0,3,0,0,53,160,9,12,3,7,6,0,4,3,14,79,372,117,172,1,6,2,11,13,0,1105,722,173,44,27,87,85,9,4,0,0,178,124,84,53,19,24,18,2,18,6,1,534,421,991,549,13,28,7,102,63,1,43,0,30,10,4,134,17,1,2908,0,223,766,49,118,56,15,61,37,39,0,0,0,0,0,0,0,0,0,0,0,0,0,0,0,0,0,0,0,0,0,0,0,0,0,0,0,0,0,b
Asistente_Agenda.txt,4,61,0,0,1,0,0,43,0,0,389,32,996,92,317,43,4,63,453,272,25,19,19,2,1,0,1049,0,10,45,108,104,32,21,285,33,0,0,3,53,241,76,0,4,0,2,0,0,0,10,14,44,24,16,4,3,324,149,0,2,3,29,0,0,0,0,0,0,2,0,25,0,28,0,0,13,0,297,0,26,0,0,49,9,624,40,0,0,0,27,13,292,47,0,0,0,5,2,134,5,0,0,0,1,2,69,6,0,0,0,1417,18,434,550,139,0,6,1,5,1,0,0,0,0,0,0,0,0,0,2,13,0,0,1,0,10,3,0,0,2,0,0,0,0,0,3,0,0,0,1,0,0,0,0,0,0,4,0,0,0,0,0,0,0,0,0,0,0,0,0,0,0,0,0,0,0,2,3,1,0,0,1,7,0,0,0,0,3,7,1,0,0,0,0,0,0,0,0,0,1,7,3,0,0,0,2,0,0,0,0,0,0,0,13,0,0,80,0,2,2,2,13,0,0,9,9,0,0,0,0,0,0,0,0,0,0,0,0,0,0,0,0,0,0,0,0,0,0,0,0,0,0,0,0,0,0,b
Assistant.txt,527,7577,763,0,186,175,0,5431,2685,0,25883,1601,55846,5977,23569,6999,350,12873,29980,6522,1944,1063,983,145,147,94,0,0,1196,963,2143,7633,1134,1652,17663,2765,1,0,252,4880,20299,2493,0,560,328,290,135,41,48,563,1403,2354,772,2167,283,430,18951,8504,514,367,224,1011,0,0,0,0,0,0,758,48,1335,12,365,66,5,1027,26,4245,13,318,42,1,30808,1024,76986,2833,21,31,6,15870,699,12963,2722,5,22,3,1716,41,9656,238,1,4,1,350,37,4055,136,0,5,0,81982,1670,29722,30953,15147,0,596,20,963,228,0,0,0,118,0,3,0,34,0,341,844,87,158,29,24,391,5,78,52,8,34,339,17,8,275,496,44,19,5,26,14,1,16,0,0,44,113,13,12,14,7,9,1,9,9,32,40,173,53,81,9,0,7,0,8,0,1743,662,66,22,9,4668,1672,5347,8,1,0,111,123,51,28,18,110,40,25,35,2,19,267,116,415,168,6,29,10,54,45,4,43,0,25,11,4,494,27,0,3361,0,396,228,35,266,49,3014,350,64,298,0,0,0,0,0,0,0,0,0,0,0,0,0,0,0,0,0,0,0,0,0,0,0,0,0,0,0,0,0,b
Attack_On_Titans_Ringtone.txt,4,203,87,0,3,16,0,388,532,0,535,61,1863,258,488,74,11,159,554,158,25,45,40,10,1,5,1628,0,19,51,123,124,29,24,685,52,0,0,6,75,501,118,0,6,0,1,0,1,0,15,15,32,12,34,9,3,493,247,4,4,4,22,0,0,0,0,0,0,6,0,47,0,35,10,0,3,0,54,0,31,10,0,55,19,757,42,0,0,0,37,15,282,49,0,0,0,10,4,476,13,0,0,0,4,6,153,15,0,0,0,2391,29,860,1072,334,0,102,1,31,45,0,0,0,0,0,0,0,1,0,3,11,0,0,0,0,16,4,2,2,2,0,4,3,0,6,9,0,1,0,0,0,0,0,0,0,0,3,6,0,0,0,0,0,0,0,0,0,0,3,2,0,0,0,0,0,0,3,7,2,0,0,0,12,0,0,0,0,8,10,3,1,0,0,0,0,0,0,0,0,1,8,1,0,1,0,4,0,0,0,0,0,0,0,17,0,0,96,0,10,7,3,20,2,0,14,9,5,0,0,0,0,0,0,0,0,0,0,0,0,0,0,0,0,0,0,0,0,0,0,0,0,0,0,0,0,0,b
Avast_Anti-Theft.txt,291,5325,430,0,81,51,0,3461,1476,0,17732,753,37811,4072,13384,5462,250,10539,21556,5651,392,1520,551,56,31,40,16406,0,1137,693,1480,5688,1071,988,11359,1762,0,0,167,3508,13839,2706,0,345,218,162,69,9,12,255,1120,4237,495,1270,171,242,12608,5768,262,211,138,689,0,0,0,0,0,0,231,10,616,8,206,81,1,510,6,2840,6,84,63,1,8014,573,24951,1956,95,35,8,4430,413,9133,2008,413,23,6,2960,9,7915,217,0,7,3,81,18,3365,183,0,5,2,57130,1068,18619,19852,7540,0,523,14,277,190,0,0,0,42,0,5,0,15,1,137,465,19,79,21,5,201,0,40,22,2,18,86,55,7,158,262,10,5,2,64,9,0,16,3,1,2,37,4,7,3,1,3,0,2,15,9,39,125,24,47,8,0,4,2,0,0,1259,312,18,9,4,501,489,57,12,2,0,66,39,12,4,4,45,29,13,19,4,8,186,79,215,112,2,5,5,17,8,2,23,0,16,3,3,775,470,0,2003,0,221,101,31,2066,1119,31,118,61,36,0,0,0,0,0,0,0,0,0,0,0,0,0,0,0,0,0,0,0,0,0,0,0,0,0,0,0,0,0,b
Axis_Mobile.txt,393,7149,3256,0,120,77,0,4721,8512,0,24385,1070,45987,4807,16417,6381,292,10995,34228,11202,487,1072,580,60,101,78,0,0,483,610,1293,5953,1044,2476,16020,3320,20,0,457,3978,16862,3561,0,449,196,308,137,59,50,302,1396,2431,736,2898,267,779,18413,8006,527,362,205,1046,0,0,0,0,0,0,1303,40,3786,145,484,89,2,1180,18,6181,65,446,93,1,31868,881,74881,2525,14,37,6,16287,550,11822,2505,8,25,3,1788,80,12087,611,4,16,0,328,64,4009,503,4,7,0,68119,874,25178,25856,10639,0,1487,41,1200,505,0,0,0,111,0,2,0,30,4,164,1211,103,129,17,19,445,3,89,47,8,40,367,108,40,658,769,155,45,18,30,23,4,35,6,2,10,50,6,6,4,6,4,1,1,7,8,70,181,98,119,5,6,9,6,10,0,1429,631,224,64,16,4654,1709,5337,21,0,1,58,48,21,8,2,54,9,34,16,45,26,286,216,433,178,3,42,17,62,39,4,49,0,28,7,10,491,13,2,4576,0,780,803,69,401,101,3010,416,146,251,0,0,0,0,0,0,0,0,0,0,0,0,0,0,0,0,0,0,0,0,0,0,0,0,0,0,0,0,0,b
Baby_Planner.txt,31,255,776,0,3,6,0,106,2351,0,2099,26,3129,116,1568,650,8,613,1757,413,440,146,19,0,2,0,1478,0,38,28,63,505,31,63,975,89,0,0,4,172,963,189,0,36,17,68,16,0,0,11,100,183,114,191,19,51,1363,576,67,30,27,86,0,0,0,0,0,0,45,5,46,0,0,1,0,40,4,147,0,0,9,0,966,17,3912,382,0,0,0,417,12,1033,352,0,0,0,68,0,429,76,0,0,0,3,0,126,5,0,0,0,5977,138,1550,1085,518,0,586,5,53,69,0,0,0,14,0,1,0,3,0,7,159,0,1,0,1,105,0,4,1,0,4,0,3,0,105,128,8,2,0,8,15,0,6,0,0,3,1,0,1,1,0,0,0,0,0,0,26,42,32,28,0,0,0,0,0,0,34,35,3,0,0,32,20,0,2,0,0,3,1,0,0,0,0,0,0,0,0,0,47,14,59,8,0,0,0,2,0,0,0,0,1,1,0,15,1,0,359,0,10,18,1,37,12,13,6,2,2,0,0,0,0,0,0,0,0,0,0,0,0,0,0,0,0,0,0,0,0,0,0,0,0,0,0,0,0,0,b
Background_Sound_Music_Lite.txt,4,203,87,0,3,16,0,394,532,0,535,61,1863,258,488,74,11,159,564,179,25,45,40,10,1,5,1759,0,19,51,123,124,29,24,685,52,0,0,6,75,501,118,0,6,0,1,0,1,0,15,15,32,12,34,9,3,493,247,4,4,4,22,0,0,0,0,0,0,6,0,47,0,35,10,0,3,0,86,0,31,10,0,55,19,757,42,0,0,0,37,15,282,49,0,0,0,10,4,476,13,0,0,0,4,6,153,15,0,0,0,2391,29,860,1072,334,0,102,1,31,45,0,0,0,0,0,0,0,1,0,3,11,0,0,0,0,16,4,2,2,2,0,4,3,0,6,9,0,1,0,0,0,0,0,0,0,0,3,6,0,0,0,0,0,0,0,0,0,0,3,2,0,0,0,0,0,0,3,7,2,0,0,0,12,0,0,0,0,8,10,3,1,0,0,0,0,0,0,0,0,1,8,1,0,1,0,4,0,0,0,0,0,0,0,17,0,0,96,0,10,7,3,20,2,0,14,9,5,0,0,0,0,0,0,0,0,0,0,0,0,0,0,0,0,0,0,0,0,0,0,0,0,0,0,0,0,0,b
Bass_Booster_EQ.txt,230,6124,474,0,125,63,0,3108,1957,0,16244,1097,38042,3773,14771,3815,166,7851,19885,5402,422,587,632,112,60,72,20732,0,1554,864,1923,5862,874,1029,14224,1729,0,0,83,3084,12978,1809,0,291,127,171,62,35,18,356,1061,1834,494,1514,158,319,12826,6436,348,273,164,705,0,0,0,0,0,0,357,18,765,12,384,52,2,521,12,3049,13,381,12,0,28637,684,65435,2269,0,10,0,14334,474,10464,2212,1,10,0,1178,26,9264,253,0,3,0,129,17,3818,122,0,1,0,50720,1012,21893,20677,10537,0,418,14,772,121,0,0,0,96,0,2,0,19,0,260,597,77,96,10,21,293,6,47,36,10,17,348,25,44,180,396,21,9,6,27,10,1,13,1,0,6,81,7,5,4,2,3,1,4,5,21,10,64,17,53,1,0,1,2,4,0,1111,499,71,22,7,4713,1636,5388,13,0,0,98,114,52,22,16,52,21,23,37,6,8,121,73,208,110,1,8,7,46,26,0,22,0,26,17,8,430,26,0,2562,0,257,124,16,276,38,3003,336,93,244,0,0,0,0,0,0,0,0,0,0,0,0,0,0,0,0,0,0,0,0,0,0,0,0,0,0,0,0,0,b
BBM.txt,509,12175,909,0,268,115,0,4475,3295,0,26752,1802,57000,4849,19142,5383,245,8684,34045,9662,6244,1079,1385,216,190,106,29674,0,1555,611,1385,9719,735,1195,18754,5401,2,0,627,3023,22038,5019,0,658,282,283,132,62,52,889,2011,3593,644,2445,270,575,20939,10641,621,428,311,1376,0,0,0,0,0,0,1025,37,1057,37,482,68,1,1505,26,7065,34,360,44,2,31639,1918,96424,4447,25,14,6,15763,1156,18295,3764,6,12,3,1882,42,11677,239,1,0,0,375,43,4407,132,1,0,0,80160,2097,29268,35064,17294,0,559,28,597,250,0,0,0,113,0,1,0,59,2,279,1041,118,256,30,32,435,7,93,80,32,35,356,80,4,326,614,69,51,13,62,17,3,34,6,4,10,110,16,17,6,2,3,1,3,3,13,38,154,51,100,7,8,13,11,13,0,2233,712,133,48,13,4826,1667,5373,36,2,1,173,170,79,93,15,36,13,19,14,0,11,361,199,419,223,2,35,28,92,43,4,36,0,23,17,9,473,34,4,4538,0,1091,287,91,453,99,3019,435,135,273,0,0,0,0,0,0,0,0,0,0,0,0,0,0,0,0,0,0,0,0,0,0,0,0,0,0,0,0,0,b
BBM_Meetings.txt,231,2773,2254,0,166,276,0,3536,5148,0,18385,1493,41305,2521,15574,5651,521,10899,20663,5567,371,967,1263,106,45,111,13286,0,1473,427,986,5501,991,1906,10641,1972,1,0,92,2814,16269,1467,0,295,115,219,133,39,40,804,1239,3381,884,1789,253,588,13809,9414,506,492,264,941,0,0,0,0,0,0,349,67,1124,18,294,320,19,549,32,3668,14,318,251,7,7060,1469,25558,1994,32,77,32,4010,704,8501,2028,131,35,11,2448,12,5938,264,0,9,0,70,7,1910,136,0,4,0,56910,902,20196,16496,6197,0,1675,18,827,524,0,0,0,91,0,6,0,12,0,278,703,143,187,18,10,260,6,80,43,6,99,201,95,23,452,490,48,56,11,36,31,1,8,1,0,18,76,20,32,4,1,0,0,5,39,2,54,104,88,111,0,31,19,42,36,0,758,368,77,21,3,221,223,29,12,5,0,108,52,29,25,1,75,12,11,31,45,4,133,96,133,46,1,7,13,83,14,0,21,0,18,14,8,476,173,0,3688,0,160,234,35,886,305,36,232,240,25,0,0,0,0,0,0,0,0,0,0,0,0,0,0,0,0,0,0,0,0,0,0,0,0,0,0,0,0,0,b
