nop,move,move/from16,move-wide,move-wide/from16,move-object,move-object/from16,move-result,move-result-wide,move-result-object,move-exception,return-void,return,return-wide,return-object,const/4,const/16,const,const/high16,const-wide/16,const-wide/32,const-wide,const-wide/high16,const-string,const-class,monitor-enter,monitor-exit,check-cast,instance-of,array-length,new-instance,new-array,fill-array-data,throw,goto,goto/16,packed-switch,sparse-switch,cmpl-float,cmpg-float,cmpl-double,cmpg-double,cmp-long,if-eq,if-ne,if-lt,if-ge,if-gt,if-le,if-eqz,if-nez,if-ltz,if-gez,if-gtz,if-lez,aget,aget-wide,aget-object,aget-boolean,aget-byte,aput,aput-object,aput-boolean,aput-byte,aput-char,aput-short,iget,iget-wide,iget-object,iget-boolean,iget-byte,iget-char,iget-short,iput,iput-wide,iput-object,iput-boolean,iput-byte,iput-char,iput-short,sget,sget-wide,sget-object,sget-boolean,sput,sput-wide,sput-object,sput-boolean,invoke-virtual,invoke-super,invoke-direct,invoke-static,invoke-interface,invoke-virtual/ran,invoke-super/range,invoke-direct/rang,invoke-static/rang,neg-int,neg-float,int-to-long,int-to-float,int-to-double,long-to-int,long-to-float,long-to-double,float-to-int,float-to-double,double-to-int,double-to-float,int-to-byte,int-to-char,int-to-short,add-int,sub-int,mul-int,div-int,rem-int,and-int,or-int,sub-long,add-float,sub-float,mul-float,div-float,mul-double,add-int/2addr,sub-int/2addr,mul-int/2addr,div-int/2addr,and-int/2addr,or-int/2addr,xor-int/2addr,add-long/2addr,sub-long/2addr,mul-long/2addr,div-long/2addr,and-long/2addr,xor-long/2addr,add-float/2addr,sub-float/2addr,mul-float/2addr,div-float/2addr,add-double/2addr,sub-double/2addr,mul-double/2addr,div-double/2addr,add-int/lit16,mul-int/lit16,and-int/lit16,or-int/lit16,add-int/lit8,mul-int/lit8,div-int/lit8,rem-int/lit8,and-int/lit8,or-int/lit8,xor-int/lit8,shl-int/lit8,shr-int/lit8,ushr-int/lit8,class
7,45,19,3,0,139,84,308,9,1135,28,277,23,1,70,364,26,56,7,9,1,0,0,934,17,0,0,68,1,7,317,21,0,4,129,29,16,0,0,0,0,0,0,5,24,19,1,1,0,130,76,0,0,2,14,0,0,14,0,0,0,61,0,0,0,0,7,0,377,8,0,0,0,14,4,154,15,0,0,0,0,0,214,0,0,0,13,0,1298,25,417,414,350,49,1,4,11,0,0,1,0,0,0,0,0,0,0,0,0,1,1,0,0,3,0,1,0,0,0,0,0,0,0,0,0,0,1,0,0,0,0,0,0,0,0,0,0,0,0,0,0,0,0,0,0,0,0,1,0,0,31,2,3,1,0,0,0,0,0,0,m
42,8420,209,121,241,4876,1347,1729,411,6997,938,944,309,38,480,3105,2378,43,12,194,29,94,35,3420,126,102,218,352,4,656,2498,147,14,328,2288,3113,608,3,0,0,40,25,107,61,147,76,91,1227,54,1600,1317,12,50,35,96,68,7,775,0,14,23,713,0,12,592,0,201,101,3082,58,0,0,0,136,61,788,120,0,0,0,56,4,1704,166,14,5,338,101,8442,44,3213,2114,759,504,0,145,169,1,0,55,4,29,23,0,20,0,3,3,0,12,592,0,12,54,2,1,0,4,0,60,0,0,0,2,1,46,55,0,0,7,16,593,25,14,3,4,18,4,0,0,0,0,42,8,61,37,11,9,9,0,802,29,11,591,1,0,4,12,3,4,m
10,52,37,5,2,138,109,316,19,1108,28,277,23,1,70,384,24,56,7,11,1,0,0,949,17,0,0,68,1,8,307,23,0,4,147,26,16,0,0,0,0,0,6,5,24,22,1,1,0,137,77,0,0,2,15,0,0,14,0,0,0,74,0,0,0,0,7,0,377,8,0,0,0,14,4,155,15,0,0,0,0,0,205,0,0,0,13,0,1256,25,406,409,371,51,1,5,10,0,0,1,0,0,0,0,0,0,0,0,0,1,1,0,0,3,0,1,0,0,0,0,0,0,0,0,0,0,1,0,0,0,0,0,0,0,0,0,0,0,0,0,0,0,0,0,0,0,0,1,0,0,34,2,3,1,0,0,0,0,0,0,m
2,0,0,0,0,0,0,1,0,9,1,22,0,0,1,8,2,6,1,1,0,0,0,2,0,0,0,3,0,0,7,0,0,0,5,0,2,0,0,0,0,0,0,0,1,0,0,0,0,1,0,0,0,0,0,0,0,0,0,0,0,0,0,0,0,0,4,0,12,0,0,0,0,7,0,9,0,0,0,0,0,0,0,0,0,0,0,0,23,1,22,1,1,0,0,0,0,0,0,0,0,0,0,0,0,0,0,0,0,0,0,0,0,0,0,0,0,0,0,0,0,0,0,0,0,0,0,0,0,0,0,0,0,0,0,0,0,0,0,0,0,0,0,0,0,0,0,0,0,0,1,0,0,0,0,0,0,0,0,0,m
1,0,0,0,0,2,0,1,2,34,1,16,0,0,2,9,4,11,1,1,0,0,0,2,0,0,0,1,0,0,15,0,0,0,5,2,2,1,0,0,0,0,0,0,1,1,0,0,0,0,0,0,0,0,0,0,0,0,0,0,0,0,0,0,0,0,4,0,22,0,0,0,0,8,0,11,0,0,0,0,0,0,0,0,0,0,0,0,42,1,25,10,0,1,0,0,0,0,0,0,0,0,0,0,0,0,0,0,0,0,0,0,0,0,0,0,0,0,0,0,0,0,0,0,0,0,0,0,0,0,0,0,0,0,0,0,0,0,0,0,0,0,0,0,0,0,0,0,0,0,1,0,0,0,0,0,0,0,0,0,m
0,4,0,0,0,2,0,22,1,114,3,32,2,0,11,11,5,29,2,1,0,0,0,22,0,0,0,4,0,0,47,0,0,0,15,1,0,0,0,0,0,0,0,1,11,0,2,1,0,2,1,0,0,0,0,0,0,0,0,0,0,0,0,0,0,0,9,0,59,0,0,0,0,8,0,25,1,0,0,0,0,0,6,0,0,0,2,0,149,3,63,15,9,1,0,0,0,0,0,0,0,0,0,0,0,0,0,0,0,0,0,0,0,0,0,0,0,0,0,0,0,0,0,0,0,0,0,0,0,0,0,0,0,0,0,0,0,0,0,0,0,0,0,0,0,0,0,0,0,0,3,0,0,0,0,0,0,0,0,0,m
56,654,0,13,1,513,12,1476,182,4187,611,1468,437,15,356,2845,622,981,59,83,21,3,0,1431,201,250,511,851,45,80,1150,204,25,336,1467,247,146,8,0,6,6,0,53,115,276,17,118,5,26,1116,553,34,19,12,58,42,1,211,12,48,6,369,11,220,0,0,357,50,2403,225,0,0,0,268,43,721,234,0,0,0,47,11,568,24,44,10,167,29,6467,157,1912,2167,775,56,1,63,7,1,0,30,0,0,14,1,0,3,0,0,0,12,0,0,5,30,0,1,0,0,1,9,0,0,0,0,0,20,30,8,2,2,12,1,5,10,0,9,1,0,2,0,2,0,0,0,0,0,1,0,1,2,161,14,2,7,47,17,0,16,2,29,m
0,4,0,0,0,2,0,22,1,111,3,31,2,0,10,11,0,33,2,1,0,0,0,23,0,0,0,4,0,0,47,0,0,0,15,1,0,0,0,0,0,0,0,1,11,0,2,1,0,2,1,0,0,0,0,0,0,0,0,0,0,0,0,0,0,0,9,0,58,0,0,0,0,8,0,25,1,0,0,0,0,0,6,0,0,0,2,0,148,3,63,12,9,1,0,0,0,0,0,0,0,0,0,0,0,0,0,0,0,0,0,0,0,0,0,0,0,0,0,0,0,0,0,0,0,0,0,0,0,0,0,0,0,0,0,0,0,0,0,0,0,0,0,0,0,0,0,0,0,0,3,0,0,0,0,0,0,0,0,0,m
39,8406,212,119,235,4715,1285,1626,397,5964,864,886,297,37,463,2938,2381,40,11,185,25,94,35,2809,114,90,194,351,4,651,2274,141,14,306,2215,3062,607,3,0,0,40,25,103,53,143,68,91,1227,52,1497,1285,12,49,33,91,68,7,769,0,14,23,700,0,12,592,0,201,101,2858,56,0,0,0,134,61,804,117,0,0,0,54,4,1687,163,14,5,307,93,7539,44,2910,1305,711,499,0,146,151,1,0,55,4,29,23,0,20,0,3,3,0,12,592,0,12,53,2,1,0,4,0,59,0,0,0,2,1,46,54,0,0,7,16,593,24,14,3,4,18,4,0,0,0,0,42,8,61,37,11,9,9,0,792,29,11,591,1,0,4,12,3,4,m
0,4,0,0,0,2,0,22,1,111,3,31,2,0,10,11,0,33,2,1,0,0,0,23,0,0,0,4,0,0,47,0,0,0,15,1,0,0,0,0,0,0,0,1,11,0,2,1,0,2,1,0,0,0,0,0,0,0,0,0,0,0,0,0,0,0,9,0,58,0,0,0,0,8,0,25,1,0,0,0,0,0,6,0,0,0,2,0,148,3,63,12,9,1,0,0,0,0,0,0,0,0,0,0,0,0,0,0,0,0,0,0,0,0,0,0,0,0,0,0,0,0,0,0,0,0,0,0,0,0,0,0,0,0,0,0,0,0,0,0,0,0,0,0,0,0,0,0,0,0,3,0,0,0,0,0,0,0,0,0,m
56,654,0,13,1,513,12,1476,182,4187,611,1468,437,15,356,2845,622,981,59,83,21,3,0,1431,201,250,511,851,45,80,1150,204,25,336,1467,247,146,8,0,6,6,0,53,115,276,17,118,5,26,1116,553,34,19,12,58,42,1,211,12,48,6,369,11,220,0,0,357,50,2403,225,0,0,0,268,43,721,234,0,0,0,47,11,568,24,44,10,167,29,6467,157,1912,2167,775,56,1,63,7,1,0,30,0,0,14,1,0,3,0,0,0,12,0,0,5,30,0,1,0,0,1,9,0,0,0,0,0,20,30,8,2,2,12,1,5,10,0,9,1,0,2,0,2,0,0,0,0,0,1,0,1,2,161,14,2,7,47,17,0,16,2,29,m
129,2903,579,197,370,2713,1651,5420,1125,11623,877,3868,867,151,1263,6913,3100,1216,161,675,82,117,0,7326,173,127,284,1988,158,683,3192,916,50,307,4088,1287,223,94,23,6,0,0,280,445,868,135,680,95,174,3648,1726,125,98,148,484,152,266,413,11,332,96,753,24,292,12,22,2393,566,9952,340,449,0,541,1469,473,3583,633,232,0,288,100,18,1905,65,122,28,450,89,21319,300,5152,6282,1670,458,2,300,114,8,1,150,25,5,147,0,0,49,3,6,0,137,13,148,32,128,1,0,0,1,4,26,0,1,2,0,0,339,277,2,3,16,22,12,72,27,38,5,36,11,27,15,28,4,0,0,1,2,13,2,44,12,2050,61,67,23,68,28,2,18,21,10,m
3,0,0,0,0,2,0,1,1,24,1,14,0,0,1,8,6,15,1,1,0,0,0,7,0,0,0,1,0,0,12,0,0,0,9,0,2,1,0,0,0,0,0,0,1,1,0,0,0,0,0,0,0,0,0,0,0,0,0,0,0,0,0,0,0,0,4,0,20,0,0,0,0,10,0,10,0,0,0,0,0,0,2,0,0,0,1,0,37,1,22,6,0,1,0,0,0,0,0,0,0,0,0,0,0,0,0,0,0,0,0,0,0,0,0,0,0,0,0,0,0,0,0,0,0,0,0,0,0,0,0,0,0,0,0,0,0,0,0,0,0,0,0,0,0,0,0,0,0,0,1,0,0,0,0,0,0,0,0,0,m
0,4,0,0,0,2,0,22,1,114,3,32,2,0,11,11,5,29,2,1,0,0,0,22,0,0,0,4,0,0,47,0,0,0,15,1,0,0,0,0,0,0,0,1,11,0,2,1,0,2,1,0,0,0,0,0,0,0,0,0,0,0,0,0,0,0,9,0,59,0,0,0,0,8,0,25,1,0,0,0,0,0,6,0,0,0,2,0,149,3,63,15,9,1,0,0,0,0,0,0,0,0,0,0,0,0,0,0,0,0,0,0,0,0,0,0,0,0,0,0,0,0,0,0,0,0,0,0,0,0,0,0,0,0,0,0,0,0,0,0,0,0,0,0,0,0,0,0,0,0,3,0,0,0,0,0,0,0,0,0,m
24,246,95,34,13,653,423,943,127,2846,91,600,177,35,190,1645,150,156,6,48,25,1,0,2705,49,0,0,221,2,62,902,121,7,9,545,150,39,1,0,0,0,0,23,55,61,76,21,7,8,487,190,3,4,17,72,2,7,214,0,0,0,433,0,0,0,0,149,4,1209,59,0,0,0,125,12,453,94,0,0,0,4,0,471,4,2,0,23,6,3974,29,1201,1190,746,188,0,33,33,0,0,36,0,0,3,0,0,0,0,0,0,1,1,0,2,5,0,1,0,0,0,1,0,0,0,0,0,2,18,0,0,0,0,0,2,22,5,0,0,0,0,0,0,0,0,0,0,0,0,0,0,0,117,2,19,12,0,0,0,0,0,0,m
0,4,0,0,0,2,0,22,1,111,3,31,2,0,10,11,0,33,2,1,0,0,0,23,0,0,0,4,0,0,47,0,0,0,15,1,0,0,0,0,0,0,0,1,11,0,2,1,0,2,1,0,0,0,0,0,0,0,0,0,0,0,0,0,0,0,9,0,58,0,0,0,0,8,0,25,1,0,0,0,0,0,6,0,0,0,2,0,148,3,63,12,9,1,0,0,0,0,0,0,0,0,0,0,0,0,0,0,0,0,0,0,0,0,0,0,0,0,0,0,0,0,0,0,0,0,0,0,0,0,0,0,0,0,0,0,0,0,0,0,0,0,0,0,0,0,0,0,0,0,3,0,0,0,0,0,0,0,0,0,m
16,353,245,30,3,604,735,1010,109,2508,278,1082,284,64,445,1434,294,317,55,111,14,5,11,1304,68,53,110,243,10,142,1262,131,9,317,910,129,18,7,2,2,0,0,70,48,195,124,29,9,21,605,471,28,33,14,74,19,0,125,4,40,15,109,4,29,3,2,205,135,1665,102,2,0,0,204,67,756,125,8,0,0,4,2,272,0,4,2,144,8,3477,67,1708,1194,464,199,3,74,29,1,0,42,15,6,32,0,0,16,0,4,0,42,5,4,27,40,4,2,2,2,0,9,0,0,0,4,0,50,31,2,0,0,5,0,42,9,0,1,27,0,0,2,8,0,0,0,4,0,0,0,63,0,237,4,5,5,7,0,0,41,19,0,m
2,0,0,0,0,2,0,1,1,24,1,14,0,0,1,8,6,15,1,1,0,0,0,6,0,0,0,1,0,0,12,0,0,0,9,0,2,1,0,0,0,0,0,0,1,1,0,0,0,0,0,0,0,0,0,0,0,0,0,0,0,0,0,0,0,0,4,0,20,0,0,0,0,10,0,10,0,0,0,0,0,0,1,0,0,0,1,0,36,1,22,6,0,1,0,0,0,0,0,0,0,0,0,0,0,0,0,0,0,0,0,0,0,0,0,0,0,0,0,0,0,0,0,0,0,0,0,0,0,0,0,0,0,0,0,0,0,0,0,0,0,0,0,0,0,0,0,0,0,0,1,0,0,0,0,0,0,0,0,0,m
1,0,0,0,0,2,0,1,2,34,1,16,0,0,2,9,4,11,1,1,0,0,0,2,0,0,0,1,0,0,15,0,0,0,5,2,2,1,0,0,0,0,0,0,1,1,0,0,0,0,0,0,0,0,0,0,0,0,0,0,0,0,0,0,0,0,4,0,22,0,0,0,0,8,0,11,0,0,0,0,0,0,0,0,0,0,0,0,42,1,25,10,0,1,0,0,0,0,0,0,0,0,0,0,0,0,0,0,0,0,0,0,0,0,0,0,0,0,0,0,0,0,0,0,0,0,0,0,0,0,0,0,0,0,0,0,0,0,0,0,0,0,0,0,0,0,0,0,0,0,1,0,0,0,0,0,0,0,0,0,m
7,45,19,3,0,139,84,308,9,1159,28,279,23,1,70,366,26,56,7,9,1,0,0,956,17,0,0,68,1,7,328,21,0,4,128,30,16,0,0,0,0,0,0,5,24,19,1,1,0,130,76,0,0,2,14,0,0,15,0,0,0,61,0,0,0,0,7,0,378,8,0,0,0,14,4,155,15,0,0,0,0,0,224,0,0,0,13,0,1331,25,429,423,350,49,1,4,11,0,0,1,0,0,0,0,0,0,0,0,0,1,1,0,0,3,0,1,0,0,0,0,0,0,0,0,0,0,1,0,0,0,0,0,0,0,0,0,0,0,0,0,0,0,0,0,0,0,0,1,0,0,31,2,3,1,0,0,0,0,0,0,m
3,39,27,4,0,158,271,147,12,764,77,243,25,4,90,236,83,83,8,13,4,3,0,380,10,12,24,64,6,15,299,27,0,58,119,31,5,0,0,0,0,0,7,8,6,12,11,3,6,91,77,3,1,7,9,1,0,20,0,7,3,8,0,5,10,0,28,0,388,15,0,0,0,34,0,142,26,0,0,0,0,5,42,1,0,4,13,3,886,7,367,344,64,73,0,48,27,0,0,1,0,0,0,0,0,0,0,0,0,4,3,0,6,4,0,1,0,0,0,1,0,0,0,0,0,3,2,1,0,0,5,0,3,0,0,0,0,0,0,0,0,0,0,0,0,0,0,1,3,0,37,5,5,1,5,0,0,5,0,5,m
12,249,32,7,1,459,258,809,72,2468,225,503,123,21,175,1225,5056,75,13,120,4,0,0,2061,35,15,30,130,4,55,684,106,6,45,637,142,18,3,0,0,0,0,10,53,106,81,24,7,12,425,206,3,2,22,69,2,0,104,0,60,3,161,0,404,2297,0,36,4,918,23,0,0,0,30,8,306,44,0,0,0,10,1,420,6,9,2,63,14,3343,34,896,1073,484,125,0,10,16,1,0,10,1,0,0,0,0,0,0,0,0,10,4,0,8,20,0,1,0,0,4,1,0,0,0,0,0,6,7,2,0,0,4,0,1,0,2,0,0,0,0,0,0,0,0,0,0,0,1,6,10,0,193,11,10,3,14,0,2,11,2,15,m
58,634,0,13,1,509,12,1465,182,4133,610,1464,437,15,356,2793,612,961,59,82,20,3,0,1426,199,249,509,832,45,80,1139,213,32,335,1454,243,145,9,0,6,6,0,51,113,277,17,118,5,26,1099,546,34,19,11,58,43,1,206,12,48,6,369,11,220,0,0,359,49,2387,219,0,0,0,268,43,719,227,0,0,0,47,11,569,24,44,10,168,29,6393,158,1903,2143,775,56,1,55,7,1,0,30,0,0,14,1,0,3,0,0,0,12,0,0,5,31,0,1,0,0,1,9,0,0,0,0,0,20,29,8,2,2,12,1,5,9,0,9,1,0,2,0,2,0,0,0,0,0,1,0,1,2,161,14,2,7,47,17,0,16,2,29,m
38,8392,181,115,235,4612,1787,1711,377,5662,703,845,306,35,466,2720,2363,34,8,176,18,94,30,2720,100,84,182,338,4,652,2221,134,14,277,2131,3059,608,3,0,0,39,23,100,57,133,63,90,1231,55,1545,1276,11,46,32,92,68,7,769,0,14,23,705,0,12,592,0,192,100,2785,58,0,0,0,124,60,785,122,0,0,0,55,3,1661,162,14,5,312,92,7004,42,2882,1148,641,651,0,207,125,1,0,50,4,28,23,0,20,0,3,2,0,12,592,0,12,53,1,1,0,4,0,58,0,0,0,2,1,44,56,0,0,7,16,593,18,14,3,4,18,4,0,0,0,0,42,8,61,37,11,8,9,0,780,27,11,591,1,0,4,12,3,4,m
1,0,0,0,0,2,0,1,2,34,1,16,0,0,2,9,4,11,1,1,0,0,0,2,0,0,0,1,0,0,15,0,0,0,5,2,2,1,0,0,0,0,0,0,1,1,0,0,0,0,0,0,0,0,0,0,0,0,0,0,0,0,0,0,0,0,4,0,22,0,0,0,0,8,0,11,0,0,0,0,0,0,0,0,0,0,0,0,42,1,25,10,0,1,0,0,0,0,0,0,0,0,0,0,0,0,0,0,0,0,0,0,0,0,0,0,0,0,0,0,0,0,0,0,0,0,0,0,0,0,0,0,0,0,0,0,0,0,0,0,0,0,0,0,0,0,0,0,0,0,1,0,0,0,0,0,0,0,0,0,m
8,8,0,0,0,3,0,35,1,146,3,40,4,0,22,34,10,26,2,1,0,0,0,112,0,0,0,8,0,3,215,23,21,0,22,0,0,0,0,0,0,0,0,1,8,0,4,1,0,9,1,1,0,0,2,0,0,4,0,0,0,14,0,0,0,0,11,0,218,1,0,0,0,14,0,61,2,0,0,0,1,0,9,0,3,0,2,0,271,2,238,18,13,1,0,0,0,0,0,0,0,0,0,0,0,0,0,0,0,0,0,0,0,1,0,0,0,0,0,0,0,0,0,0,0,0,1,0,0,0,0,0,0,0,0,0,0,0,0,0,0,0,0,0,0,0,0,0,0,0,5,0,0,0,0,0,0,0,0,0,m
1,0,0,0,0,2,0,1,2,34,1,16,0,0,2,9,4,11,1,1,0,0,0,2,0,0,0,1,0,0,15,0,0,0,5,2,2,1,0,0,0,0,0,0,1,1,0,0,0,0,0,0,0,0,0,0,0,0,0,0,0,0,0,0,0,0,4,0,22,0,0,0,0,8,0,11,0,0,0,0,0,0,0,0,0,0,0,0,42,1,25,10,0,1,0,0,0,0,0,0,0,0,0,0,0,0,0,0,0,0,0,0,0,0,0,0,0,0,0,0,0,0,0,0,0,0,0,0,0,0,0,0,0,0,0,0,0,0,0,0,0,0,0,0,0,0,0,0,0,0,1,0,0,0,0,0,0,0,0,0,m
1,0,0,0,0,4,0,6,1,44,1,21,0,0,3,9,5,4,0,1,0,0,0,27,0,0,0,1,0,0,13,0,0,0,4,0,2,0,0,0,0,0,0,1,5,1,0,0,0,0,0,0,0,0,0,0,0,0,0,0,0,0,0,0,0,0,4,0,27,0,0,0,0,5,0,11,0,0,0,0,0,0,0,0,0,0,0,0,58,1,30,9,0,1,0,0,0,0,0,0,0,0,0,0,0,0,0,0,0,0,0,0,0,0,0,0,0,0,0,0,0,0,0,0,0,0,0,0,0,0,0,0,0,0,0,0,0,0,0,0,0,0,0,0,0,0,0,0,0,0,1,0,0,0,0,0,0,0,0,0,m
130,2976,589,197,370,2801,1726,5559,1128,11918,941,3968,900,151,1320,7088,3202,1238,187,690,82,118,1,7614,174,131,292,1991,159,704,3320,933,53,317,4204,1318,224,94,26,10,0,0,280,453,892,152,688,98,185,3754,1762,127,102,151,491,200,266,413,11,349,123,756,24,313,14,22,2439,566,10212,352,449,6,541,1493,473,3649,650,232,6,288,116,18,1933,67,145,28,464,92,21815,317,5354,6542,1686,461,2,309,116,8,3,153,43,7,155,0,0,49,3,8,0,151,28,148,32,135,1,0,0,5,4,26,0,1,4,7,0,361,281,2,3,23,35,16,72,28,39,5,41,11,28,18,31,5,0,0,3,2,13,3,48,12,2102,65,68,28,71,28,5,23,22,17,m
1,0,0,0,0,2,0,1,2,34,1,16,0,0,2,9,4,11,1,1,0,0,0,2,0,0,0,1,0,0,15,0,0,0,5,2,2,1,0,0,0,0,0,0,1,1,0,0,0,0,0,0,0,0,0,0,0,0,0,0,0,0,0,0,0,0,4,0,22,0,0,0,0,8,0,11,0,0,0,0,0,0,0,0,0,0,0,0,42,1,25,10,0,1,0,0,0,0,0,0,0,0,0,0,0,0,0,0,0,0,0,0,0,0,0,0,0,0,0,0,0,0,0,0,0,0,0,0,0,0,0,0,0,0,0,0,0,0,0,0,0,0,0,0,0,0,0,0,0,0,1,0,0,0,0,0,0,0,0,0,m
77,664,0,13,1,535,12,1540,193,4333,616,1482,444,17,362,2907,929,981,59,83,21,3,0,1457,204,251,513,876,45,85,1173,260,72,340,1480,261,146,8,0,6,6,0,53,117,282,18,118,5,26,1152,571,34,19,12,60,42,1,225,12,48,6,425,11,347,2,0,358,52,2414,225,0,0,0,270,45,724,234,0,0,0,52,11,574,24,46,10,173,30,6583,157,1938,2289,787,57,1,63,7,1,0,30,0,0,14,1,0,3,0,0,0,12,0,0,5,30,0,1,0,0,1,9,0,0,0,0,0,20,31,8,2,2,12,1,5,10,0,9,1,0,2,0,2,0,0,0,0,0,1,0,1,2,162,14,2,7,50,17,0,16,2,29,m
9,505,151,27,43,956,1139,1207,284,3191,211,783,130,9,283,1577,470,288,133,255,13,7,10,2521,32,17,34,240,31,81,986,106,3,39,689,184,12,1,8,10,15,7,88,46,105,59,46,16,17,1034,405,16,15,14,83,37,0,103,0,36,58,154,1,16,0,0,212,33,1342,69,0,0,0,117,25,525,95,0,0,0,23,5,448,7,13,3,129,14,4416,53,1376,1586,595,221,2,59,129,0,2,21,31,2,9,7,0,53,25,18,12,14,8,0,12,26,4,1,1,2,5,16,1,3,38,10,0,17,20,0,0,6,16,0,16,44,52,21,0,0,13,14,26,9,0,0,14,0,1,10,33,5,289,28,14,5,29,13,0,17,16,3,m
0,4,0,0,0,2,0,22,1,111,3,31,2,0,10,11,0,33,2,1,0,0,0,23,0,0,0,4,0,0,47,0,0,0,15,1,0,0,0,0,0,0,0,1,11,0,2,1,0,2,1,0,0,0,0,0,0,0,0,0,0,0,0,0,0,0,9,0,58,0,0,0,0,8,0,25,1,0,0,0,0,0,6,0,0,0,2,0,148,3,63,12,9,1,0,0,0,0,0,0,0,0,0,0,0,0,0,0,0,0,0,0,0,0,0,0,0,0,0,0,0,0,0,0,0,0,0,0,0,0,0,0,0,0,0,0,0,0,0,0,0,0,0,0,0,0,0,0,0,0,3,0,0,0,0,0,0,0,0,0,m
95,563,0,10,0,466,3,1331,172,4092,551,1289,373,15,320,2553,1061,846,52,72,17,3,0,1323,202,231,469,787,41,82,1070,308,124,309,1291,264,139,7,0,5,6,0,37,111,245,22,100,5,21,955,490,29,13,9,48,42,0,207,12,67,19,440,11,365,4,0,296,44,1929,218,0,0,0,229,39,599,204,0,0,0,48,11,485,23,45,10,146,27,5881,143,1753,2165,702,55,1,50,7,1,0,27,0,0,13,0,0,3,0,0,0,12,0,0,5,30,0,2,0,0,1,4,0,0,0,0,0,21,27,6,2,1,16,1,4,6,0,8,1,0,2,0,2,0,0,0,0,0,1,1,0,2,175,17,3,7,57,14,0,22,2,46,m
130,2976,589,197,370,2801,1726,5559,1128,11918,941,3968,900,151,1320,7088,3202,1238,187,690,82,118,1,7614,174,131,292,1991,159,704,3320,933,53,317,4204,1318,224,94,26,10,0,0,280,453,892,152,688,98,185,3754,1762,127,102,151,491,200,266,413,11,349,123,756,24,313,14,22,2439,566,10212,352,449,6,541,1493,473,3649,650,232,6,288,116,18,1933,67,145,28,464,92,21815,317,5354,6542,1686,461,2,309,116,8,3,153,43,7,155,0,0,49,3,8,0,151,28,148,32,135,1,0,0,5,4,26,0,1,4,7,0,361,281,2,3,23,35,16,72,28,39,5,41,11,28,18,31,5,0,0,3,2,13,3,48,12,2102,65,68,28,71,28,5,23,22,17,m
0,6,16,1,0,53,69,57,0,168,11,63,3,0,29,57,14,4,3,4,0,0,0,98,0,0,0,13,0,2,43,6,0,0,38,20,1,0,0,0,0,0,0,0,22,6,2,0,1,32,12,0,0,0,1,0,0,2,0,1,0,4,0,2,0,0,22,0,218,5,0,0,0,16,0,65,9,0,0,0,0,0,5,0,0,0,2,0,219,1,70,92,21,6,0,2,3,0,0,0,1,0,0,0,0,1,0,0,0,2,0,0,0,0,0,0,0,0,0,0,0,0,0,0,0,0,3,0,0,0,0,0,0,0,0,0,0,0,0,0,1,1,0,0,0,0,2,0,2,0,10,4,3,1,0,0,0,0,0,0,m
1,0,0,0,0,2,0,1,2,34,1,16,0,0,2,9,4,11,1,1,0,0,0,2,0,0,0,1,0,0,15,0,0,0,5,2,2,1,0,0,0,0,0,0,1,1,0,0,0,0,0,0,0,0,0,0,0,0,0,0,0,0,0,0,0,0,4,0,22,0,0,0,0,8,0,11,0,0,0,0,0,0,0,0,0,0,0,0,42,1,25,10,0,1,0,0,0,0,0,0,0,0,0,0,0,0,0,0,0,0,0,0,0,0,0,0,0,0,0,0,0,0,0,0,0,0,0,0,0,0,0,0,0,0,0,0,0,0,0,0,0,0,0,0,0,0,0,0,0,0,1,0,0,0,0,0,0,0,0,0,m
45,1775,356,48,11,2895,1399,5951,262,12980,1823,5675,2116,97,3871,6843,1351,230,31,152,6,11,17,3553,263,649,1377,1840,471,655,4924,492,28,1851,5447,311,59,17,1,1,10,1,113,443,726,371,415,33,131,4274,2616,88,121,83,265,55,23,579,17,185,71,454,16,84,17,0,1866,150,9257,506,5,26,2,1153,113,3439,490,4,16,1,56,4,1650,207,35,1,541,59,18483,404,9431,2833,3068,328,2,190,79,33,0,224,2,6,61,0,1,2,1,1,0,88,39,2,64,167,2,3,4,0,7,21,0,0,0,0,0,198,232,11,0,13,47,3,49,27,6,1,0,1,0,0,1,1,0,0,1,1,9,1,106,0,1242,61,37,10,79,12,7,63,34,15,m
18,1223,901,149,184,741,1576,930,120,2143,209,715,214,22,258,1903,5118,168,38,146,33,49,0,1205,4,17,36,147,7,121,672,175,6,70,893,349,29,6,6,4,0,0,32,118,273,194,105,53,88,630,407,32,65,12,53,166,109,186,1,170,1436,115,8,992,13,678,1040,105,1907,77,5,0,8,723,102,671,133,4,0,7,14,3,611,8,16,1,96,13,3215,24,938,1120,131,231,0,141,59,7,0,113,108,0,48,4,0,19,0,0,0,40,10,32,119,278,8,1,9,21,18,14,0,1,0,0,0,83,141,7,0,27,19,11,110,4,5,4,30,5,12,8,3,3,0,0,0,0,8,2,69,0,705,70,14,8,42,1,2,37,33,23,m
130,2976,589,197,370,2801,1726,5559,1128,11918,941,3968,900,151,1320,7088,3202,1238,187,690,82,118,1,7614,174,131,292,1991,159,704,3320,933,53,317,4204,1318,224,94,26,10,0,0,280,453,892,152,688,98,185,3754,1762,127,102,151,491,200,266,413,11,349,123,756,24,313,14,22,2439,566,10212,352,449,6,541,1493,473,3649,650,232,6,288,116,18,1933,67,145,28,464,92,21815,317,5354,6542,1686,461,2,309,116,8,3,153,43,7,155,0,0,49,3,8,0,151,28,148,32,135,1,0,0,5,4,26,0,1,4,7,0,361,281,2,3,23,35,16,72,28,39,5,41,11,28,18,31,5,0,0,3,2,13,3,48,12,2102,65,68,28,71,28,5,23,22,17,m
130,2976,589,197,370,2801,1726,5559,1128,11918,941,3968,900,151,1320,7088,3202,1238,187,690,82,118,1,7614,174,131,292,1991,159,704,3320,933,53,317,4204,1318,224,94,26,10,0,0,280,453,892,152,688,98,185,3754,1762,127,102,151,491,200,266,413,11,349,123,756,24,313,14,22,2439,566,10212,352,449,6,541,1493,473,3649,650,232,6,288,116,18,1933,67,145,28,464,92,21815,317,5354,6542,1686,461,2,309,116,8,3,153,43,7,155,0,0,49,3,8,0,151,28,148,32,135,1,0,0,5,4,26,0,1,4,7,0,361,281,2,3,23,35,16,72,28,39,5,41,11,28,18,31,5,0,0,3,2,13,3,48,12,2102,65,68,28,71,28,5,23,22,17,m
59,614,0,13,0,497,2,1428,180,4064,591,1395,418,15,341,2716,606,922,57,82,20,3,0,1375,197,241,491,818,43,80,1106,212,32,321,1422,239,141,8,0,6,6,0,51,111,265,18,118,5,27,1063,535,35,19,11,59,43,1,206,12,48,6,356,11,220,0,0,331,46,2312,218,0,0,0,253,41,695,222,0,0,0,47,11,552,24,44,10,155,29,6236,154,1849,2089,747,55,1,50,7,1,0,30,0,0,14,1,0,3,0,0,0,12,0,0,5,31,0,1,0,0,1,9,0,0,0,0,0,20,29,8,2,1,12,1,5,9,0,9,1,0,2,0,2,0,0,0,0,0,1,0,1,2,162,14,2,7,45,16,0,16,2,29,m
23,242,79,33,13,634,405,926,115,2553,91,600,177,35,190,1604,149,156,6,47,25,1,0,2250,49,0,0,219,2,60,783,120,7,9,542,137,39,1,0,0,0,0,20,55,61,75,21,7,8,482,189,3,4,17,73,2,5,208,0,0,0,427,0,0,0,0,149,4,1203,56,0,0,0,125,12,452,94,0,0,0,1,0,471,4,2,0,23,6,3688,29,1082,924,732,185,0,33,33,0,0,36,0,0,3,0,0,0,0,0,0,1,1,0,2,5,0,1,0,0,0,1,0,0,0,0,0,2,18,0,0,0,0,0,1,21,6,0,0,0,0,0,0,0,0,0,0,0,0,0,0,0,116,2,19,12,0,0,0,0,0,0,m
54,548,0,10,0,448,2,1297,168,4003,591,1295,375,15,310,2523,618,844,52,72,18,3,0,1434,216,265,538,790,41,76,1065,210,32,349,1277,251,138,7,0,5,6,0,37,110,245,20,99,5,19,943,494,29,12,9,47,42,0,200,12,48,19,347,11,220,1,0,294,44,1911,230,0,0,0,227,39,593,215,0,0,0,92,11,486,31,56,10,145,42,5826,143,1746,2106,703,55,1,50,7,1,0,25,0,0,13,0,0,3,0,0,0,12,0,0,5,28,0,1,0,0,1,4,0,0,0,0,0,20,25,6,2,2,12,1,4,6,0,8,1,0,2,0,2,0,0,0,0,0,1,1,0,2,145,16,2,7,48,14,0,16,2,29,m
8,42,34,1,3,87,301,744,93,2652,196,464,80,16,173,911,5065,54,9,123,3,0,0,2097,25,13,26,127,4,49,679,85,7,44,464,163,12,2,0,0,0,0,12,50,83,71,22,5,13,388,181,2,2,19,69,2,0,97,17,60,0,95,14,404,2297,0,51,0,749,20,0,0,0,19,4,266,43,0,0,0,11,3,340,6,9,7,43,17,3091,32,844,1176,457,202,1,34,41,0,0,11,0,0,0,0,0,0,0,0,0,10,3,0,10,3,0,0,0,0,4,0,0,0,0,0,0,6,0,2,0,0,4,0,1,1,0,0,0,0,0,0,0,0,0,0,0,0,1,5,10,0,210,8,14,7,14,0,2,11,2,15,m
130,2976,589,197,370,2801,1726,5559,1128,11918,941,3968,900,151,1320,7088,3202,1238,187,690,82,118,1,7614,174,131,292,1991,159,704,3320,933,53,317,4204,1318,224,94,26,10,0,0,280,453,892,152,688,98,185,3754,1762,127,102,151,491,200,266,413,11,349,123,756,24,313,14,22,2439,566,10212,352,449,6,541,1493,473,3649,650,232,6,288,116,18,1933,67,145,28,464,92,21815,317,5354,6542,1686,461,2,309,116,8,3,153,43,7,155,0,0,49,3,8,0,151,28,148,32,135,1,0,0,5,4,26,0,1,4,7,0,361,281,2,3,23,35,16,72,28,39,5,41,11,28,18,31,5,0,0,3,2,13,3,48,12,2102,65,68,28,71,28,5,23,22,17,m
3,39,21,5,0,154,182,142,12,755,70,243,25,4,98,247,72,75,8,14,4,3,0,395,10,12,24,64,6,15,293,29,0,57,115,26,5,0,0,0,0,0,7,8,6,12,10,3,6,89,72,3,1,7,8,1,0,17,0,7,3,12,0,5,10,0,27,0,384,15,0,0,0,34,0,142,26,0,0,0,0,5,40,1,0,4,13,3,870,7,366,360,64,52,0,43,23,0,0,1,0,0,0,0,0,0,0,0,0,4,3,0,6,3,0,1,0,0,0,1,0,0,0,0,0,3,2,1,0,0,5,0,3,0,0,0,0,0,0,0,0,0,0,0,0,0,0,1,3,0,37,5,5,1,5,0,0,5,0,5,m
18,1223,901,149,184,741,1576,930,120,2143,209,715,214,22,258,1903,5118,168,38,146,33,49,0,1205,4,17,36,147,7,121,672,175,6,70,893,349,29,6,6,4,0,0,32,118,273,194,105,53,88,630,407,32,65,12,53,166,109,186,1,170,1436,115,8,992,13,678,1040,105,1907,77,5,0,8,723,102,671,133,4,0,7,14,3,611,8,16,1,96,13,3215,24,938,1120,131,231,0,141,59,7,0,113,108,0,48,4,0,19,0,0,0,40,10,32,119,278,8,1,9,21,18,14,0,1,0,0,0,83,141,7,0,27,19,11,110,4,5,4,30,5,12,8,3,3,0,0,0,0,8,2,69,0,705,70,14,8,42,1,2,37,33,23,m
130,2976,589,197,370,2801,1726,5559,1128,11918,941,3968,900,151,1320,7088,3202,1238,187,690,82,118,1,7614,174,131,292,1991,159,704,3320,933,53,317,4204,1318,224,94,26,10,0,0,280,453,892,152,688,98,185,3754,1762,127,102,151,491,200,266,413,11,349,123,756,24,313,14,22,2439,566,10212,352,449,6,541,1493,473,3649,650,232,6,288,116,18,1933,67,145,28,464,92,21815,317,5354,6542,1686,461,2,309,116,8,3,153,43,7,155,0,0,49,3,8,0,151,28,148,32,135,1,0,0,5,4,26,0,1,4,7,0,361,281,2,3,23,35,16,72,28,39,5,41,11,28,18,31,5,0,0,3,2,13,3,48,12,2102,65,68,28,71,28,5,23,22,17,m
130,2976,589,197,370,2801,1726,5559,1128,11918,941,3968,900,151,1320,7088,3202,1238,187,690,82,118,1,7614,174,131,292,1991,159,704,3320,933,53,317,4204,1318,224,94,26,10,0,0,280,453,892,152,688,98,185,3754,1762,127,102,151,491,200,266,413,11,349,123,756,24,313,14,22,2439,566,10212,352,449,6,541,1493,473,3649,650,232,6,288,116,18,1933,67,145,28,464,92,21815,317,5354,6542,1686,461,2,309,116,8,3,153,43,7,155,0,0,49,3,8,0,151,28,148,32,135,1,0,0,5,4,26,0,1,4,7,0,361,281,2,3,23,35,16,72,28,39,5,41,11,28,18,31,5,0,0,3,2,13,3,48,12,2102,65,68,28,71,28,5,23,22,17,m
0,4,0,0,0,2,0,22,1,111,3,31,2,0,10,11,0,33,2,1,0,0,0,23,0,0,0,4,0,0,47,0,0,0,15,1,0,0,0,0,0,0,0,1,11,0,2,1,0,2,1,0,0,0,0,0,0,0,0,0,0,0,0,0,0,0,9,0,58,0,0,0,0,8,0,25,1,0,0,0,0,0,6,0,0,0,2,0,148,3,63,12,9,1,0,0,0,0,0,0,0,0,0,0,0,0,0,0,0,0,0,0,0,0,0,0,0,0,0,0,0,0,0,0,0,0,0,0,0,0,0,0,0,0,0,0,0,0,0,0,0,0,0,0,0,0,0,0,0,0,3,0,0,0,0,0,0,0,0,0,m
0,0,0,0,0,2,0,6,2,39,1,16,0,0,2,8,0,15,2,1,0,0,0,0,0,0,0,1,0,0,15,0,0,0,3,2,0,0,0,0,0,0,0,0,4,1,0,0,0,0,0,0,0,0,0,0,0,0,0,0,0,0,0,0,0,0,8,0,27,0,0,0,0,8,0,11,0,0,0,0,0,0,0,0,0,0,0,0,52,1,25,10,0,1,0,0,0,0,0,0,0,0,0,0,0,0,0,0,0,0,0,0,0,0,0,0,0,0,0,0,0,0,0,0,0,0,0,0,0,0,0,0,0,0,0,0,0,0,0,0,0,0,0,0,0,0,0,0,0,0,1,0,0,0,0,0,0,0,0,0,m
146,1670,2043,36,38,1446,3518,12689,671,29755,1743,9989,3867,212,7682,16296,9779,1764,535,459,20,24,32,17437,470,271,576,3866,636,1034,9550,2856,501,1805,8512,878,207,44,149,75,30,13,228,708,1217,687,1321,197,327,7676,3817,324,227,125,542,706,44,737,47,236,565,9337,26,108,36,2,3433,387,19985,1029,4,33,0,1785,273,6376,1059,1,19,0,252,10,5214,158,73,15,1804,69,36739,1542,14875,13168,7053,959,17,427,384,30,16,134,583,8,84,9,2,147,30,20,9,88,116,7,625,483,103,57,17,23,14,62,66,197,100,165,6,540,200,61,14,55,95,48,38,28,20,27,9,27,175,91,150,44,6,2,23,3,22,15,75,5,3328,357,174,75,237,60,25,145,126,28,b
81,607,1767,31,100,656,3295,5396,410,11251,1022,4786,1421,94,2067,5980,1630,481,335,139,22,66,56,6390,233,203,428,1758,184,267,4154,483,33,670,3434,764,90,43,102,30,59,22,71,279,639,351,426,56,199,3580,1739,140,90,76,386,203,150,270,5,8,149,720,5,5,13,1,1760,107,9702,730,2,19,67,1049,123,3055,829,9,11,17,290,45,2598,230,117,18,791,146,18252,425,5936,4005,2165,1230,5,373,303,17,13,38,444,79,5,5,5,144,34,28,40,7,24,13,166,174,9,4,0,8,16,31,70,89,58,50,38,70,66,9,5,34,23,3,17,8,2,0,0,0,109,57,120,47,26,22,66,19,18,10,25,4,1024,38,94,5,51,14,15,42,13,6,b
4,203,87,3,16,394,532,535,61,1863,258,488,74,11,159,564,173,25,45,40,10,1,5,1753,19,51,123,124,29,24,685,52,6,75,501,118,6,0,1,0,1,0,15,15,32,12,34,9,3,493,247,4,4,4,22,6,0,47,0,35,3,80,0,31,10,0,55,19,757,42,0,0,0,37,15,282,49,0,0,0,10,4,476,13,4,6,153,15,2391,29,860,1072,334,102,1,31,45,0,1,3,11,0,0,0,0,16,2,2,0,4,3,0,6,9,0,1,0,0,0,3,0,0,3,2,0,3,7,2,0,0,12,0,8,10,3,1,0,0,0,1,8,1,1,0,4,0,0,0,17,0,96,10,7,3,20,2,0,14,9,5,b
80,1070,381,174,22,840,1203,6347,1808,15377,742,4795,1804,452,3545,6136,1310,1487,195,396,97,89,22,5672,148,190,390,1611,218,423,5030,452,32,1671,4027,312,121,25,48,33,6,1,403,363,628,170,607,76,200,3665,2759,252,247,78,299,194,15,329,1,42,179,632,4,30,13,0,1677,269,8990,592,13,17,0,747,146,2989,518,3,4,0,164,19,1831,91,748,8,633,12,21764,393,7565,5049,3768,399,19,254,97,61,13,287,180,20,86,3,5,44,5,13,3,29,14,2,129,127,8,22,7,7,4,82,9,36,16,48,3,319,115,29,24,19,37,10,140,51,91,32,7,15,18,36,36,27,1,0,8,15,16,6,41,1,1167,62,83,18,37,13,63,47,29,13,b
405,4776,1285,132,78,5132,3953,20990,1711,52265,5487,18813,5812,482,13448,27404,6727,351,558,852,109,56,65,25201,1193,882,1879,6883,1220,1583,15800,2178,47,4943,18497,2466,573,342,104,39,30,32,532,1414,2130,780,1706,195,393,15132,7182,261,233,160,717,428,26,1048,166,524,682,3804,165,531,176,3,28688,1168,66458,1922,8,33,6,15161,755,11003,1957,7,17,3,460,42,10237,284,68,26,3638,181,74050,961,24036,29066,13456,1156,11,827,323,41,28,259,487,43,146,8,23,200,32,19,17,456,62,11,257,290,10,6,5,26,75,51,37,55,60,66,1,808,185,37,7,4621,1622,5353,100,88,33,29,75,30,111,53,228,151,16,5,20,22,47,39,634,83,2762,256,103,12,299,48,3002,398,230,234,b
389,3994,2145,109,81,3811,4971,19438,1335,44398,4049,17906,5285,364,11761,24330,6423,2091,723,685,78,42,71,20249,642,649,1410,7330,947,1072,12652,1763,128,3918,14712,2274,489,341,170,69,35,31,375,1157,1576,548,1384,143,253,13494,5511,348,200,159,684,236,14,678,4,376,275,2962,6,364,48,1,27965,1039,67202,2056,0,28,6,14801,696,11021,1900,1,21,3,771,23,5911,134,77,15,2518,56,67177,1279,21037,25167,10574,1552,24,675,364,62,21,161,450,15,106,10,17,257,44,13,21,308,21,5,338,442,24,12,7,19,21,50,46,98,66,86,0,729,199,25,10,4610,1601,5327,76,48,30,6,41,20,82,38,184,67,17,6,23,14,35,9,405,4,2278,241,150,16,248,38,2997,288,41,231,b
2,34,46,0,5,15,199,293,54,960,23,223,75,9,95,357,116,335,30,13,15,0,0,576,27,4,8,105,6,8,197,26,0,6,200,39,4,1,1,1,0,0,23,12,15,15,11,1,1,231,94,6,10,1,9,1,0,21,0,0,0,50,0,0,0,0,54,27,361,7,0,0,0,18,7,115,1,0,0,0,3,0,78,21,0,0,21,7,1412,30,343,417,155,45,0,17,32,0,0,0,1,0,3,0,0,3,1,0,5,0,0,0,5,0,0,0,0,0,0,4,0,0,4,1,0,0,0,0,0,0,0,0,2,1,2,0,0,3,0,0,0,0,0,0,0,0,0,0,0,0,23,7,0,0,0,0,0,0,0,0,b
75,347,490,9,13,378,1335,4060,401,10423,843,3991,921,39,1504,4963,1809,1353,242,150,34,17,11,5595,116,171,377,1512,67,131,3218,359,81,426,2696,761,106,27,44,16,9,2,70,210,515,177,205,34,64,2515,1041,84,50,37,160,34,5,89,0,333,139,368,0,578,29,0,23758,65,43963,834,2,0,0,12118,70,2779,737,4,0,0,96,13,937,82,11,15,346,15,14964,317,5811,5135,2100,481,5,99,120,18,5,48,218,34,3,1,1,79,4,14,5,288,5,0,77,88,6,4,4,3,16,17,28,30,18,28,0,64,52,4,0,4561,1542,5310,32,20,6,0,1,0,45,21,63,17,0,0,30,2,7,2,347,3,540,17,46,0,53,4,2987,234,16,251,b
37,1426,185,14,28,694,772,6277,256,6048,690,1924,1347,20,862,5999,19241,12418,886,103,10,33,12,2912,265,1,2,878,365,185,2714,361,35,46,3261,928,56,6,174,160,8,10,36,362,715,282,98,64,140,3645,1860,109,249,110,302,201,6,378,0,61,13231,271,0,3087,24,0,3302,61,12592,360,0,0,14,1895,35,2267,620,0,0,7,67,10,677,18,32,15,134,17,15038,206,3780,3331,1490,292,6,104,28,17,32,26,890,80,26,3,0,472,79,17,69,49,24,13,21,90,16,1,1,23,7,25,13,157,68,76,5,309,185,30,3,105,85,1,31,12,0,4,1,8,348,262,315,229,4,2,74,2,0,5,118,13,831,101,72,2,69,41,1,38,14,0,b
37,1426,185,14,28,694,772,6277,256,6048,690,1924,1347,20,862,5999,19241,12418,886,103,10,33,12,2912,265,1,2,878,365,185,2714,361,35,46,3261,928,56,6,174,160,8,10,36,362,715,282,98,64,140,3645,1860,109,249,110,302,201,6,378,0,61,13231,271,0,3087,24,0,3302,61,12592,360,0,0,14,1895,35,2267,620,0,0,7,67,10,677,18,32,15,134,17,15038,206,3780,3331,1490,292,6,104,28,17,32,26,890,80,26,3,0,472,79,17,69,49,24,13,21,90,16,1,1,23,7,25,13,157,68,76,5,309,185,30,3,105,85,1,31,12,0,4,1,8,348,262,315,229,4,2,74,2,0,5,118,13,831,101,72,2,69,41,1,38,14,0,b
4,203,87,3,16,394,532,535,61,1863,258,488,74,11,159,564,179,25,45,40,10,1,5,1759,19,51,123,124,29,24,685,52,6,75,501,118,6,0,1,0,1,0,15,15,32,12,34,9,3,493,247,4,4,4,22,6,0,47,0,35,3,86,0,31,10,0,55,19,757,42,0,0,0,37,15,282,49,0,0,0,10,4,476,13,4,6,153,15,2391,29,860,1072,334,102,1,31,45,0,1,3,11,0,0,0,0,16,2,2,0,4,3,0,6,9,0,1,0,0,0,3,0,0,3,2,0,3,7,2,0,0,12,0,8,10,3,1,0,0,0,1,8,1,1,0,4,0,0,0,17,0,96,10,7,3,20,2,0,14,9,5,b
244,3960,509,86,84,2725,2185,13635,917,26675,2403,9308,3401,203,6488,15000,3907,394,425,506,64,33,34,12776,229,485,1123,3064,537,440,8185,1339,51,1922,10156,1191,374,284,101,33,32,15,273,1000,955,280,1148,74,148,7771,3418,185,103,89,395,193,2,355,1,296,214,2086,0,289,5,3,26407,734,50542,1330,25,10,7,13537,425,5567,1211,8,10,2,491,26,3723,141,55,20,1920,67,35379,593,12730,18929,6413,392,12,492,179,32,10,99,340,20,48,7,9,251,20,6,5,304,11,4,96,203,10,4,4,12,3,44,13,30,12,31,0,723,197,29,10,4604,1588,5328,49,40,33,8,24,16,81,35,161,82,5,7,10,5,19,1,375,20,1072,150,77,5,140,24,2987,286,28,220,b
229,6141,1273,113,216,3654,2780,17654,1417,32113,3452,13217,3432,265,4153,21278,4125,2105,2036,1022,124,123,92,15678,485,581,1251,4678,792,752,9729,2197,116,1307,12233,2306,346,85,387,161,25,11,421,1067,2070,668,1597,208,469,13391,5674,474,349,266,1075,1673,118,1104,27,185,1253,2418,25,114,10,21,9910,627,30745,1643,48,0,5,6466,580,9083,2419,8,0,5,982,61,4314,211,444,41,1468,259,53950,1148,15499,18239,6956,704,45,578,338,249,237,274,2391,75,80,54,11,583,158,45,133,45,9,29,278,605,131,80,53,16,23,109,60,321,164,161,9,1284,821,248,76,125,127,19,106,139,26,27,6,5,508,297,1145,403,13,12,98,35,15,33,249,27,3186,201,406,36,257,66,9,66,54,118,b
84,642,1494,7,27,406,2131,4953,170,5954,786,3604,1543,38,1267,5636,1598,311,613,125,14,15,13,3436,94,61,134,927,86,203,2396,323,36,305,3354,344,97,33,219,90,4,2,64,257,523,245,511,64,134,2948,1268,173,125,79,290,325,9,199,0,117,155,602,0,70,10,0,2587,101,7009,644,0,19,0,1425,117,1816,716,0,11,0,357,0,966,149,129,1,391,77,12386,294,4000,3659,1201,495,13,111,145,79,50,47,794,13,9,38,1,278,23,11,13,35,4,0,308,266,54,12,29,20,29,29,58,104,92,150,1,186,160,36,5,45,50,4,7,8,2,1,0,0,140,92,267,106,2,3,16,2,10,10,45,2,998,58,147,14,74,26,15,79,46,49,b
81,2172,1127,88,163,828,4693,8083,1148,13118,301,2930,1008,77,836,7411,2332,2908,878,221,69,26,14,5680,250,22,48,1861,141,190,2596,419,84,131,2758,1678,97,42,151,93,8,13,237,454,973,404,474,53,249,3357,1631,121,170,74,457,168,32,252,4,3,211,1152,9,0,0,0,4509,289,9527,862,0,0,0,1854,157,2102,741,0,0,0,355,1,950,94,36,2,160,55,22360,308,4375,6067,2405,746,7,193,216,49,30,116,1391,20,11,40,0,132,84,60,15,0,1,1,48,116,14,4,1,3,2,61,284,178,64,109,1,247,161,31,2,39,31,5,55,67,10,11,0,0,586,286,585,461,2,1,15,4,0,6,17,7,1067,105,74,24,36,14,8,33,6,3,b
270,3001,1884,95,83,2843,4792,15114,1090,34739,4386,13391,3805,248,7808,18820,4948,587,515,619,67,51,60,19594,462,524,1108,5034,610,845,11444,1339,53,3018,11567,2094,367,187,162,68,40,29,310,757,1132,577,1032,120,250,10556,4362,214,173,170,729,264,24,531,3,348,296,2183,4,330,23,1,26457,619,58214,1480,0,19,6,13829,466,8031,1624,0,11,3,504,36,6019,380,142,31,2531,244,53532,824,17170,19589,8928,1217,16,612,498,30,24,157,622,55,48,10,16,269,29,27,12,288,14,6,190,253,14,5,11,10,21,58,60,110,76,95,6,569,170,26,7,4591,1568,5316,46,45,26,22,33,13,144,83,255,123,15,6,41,20,35,26,416,5,1763,148,128,9,121,33,2992,278,51,206,b
371,3859,1228,136,102,4093,3063,15629,1273,33301,3601,14465,4700,346,9958,21739,8738,418,438,550,73,42,42,19510,225,554,1266,5101,744,848,10262,2023,236,3750,12645,1895,459,401,127,54,26,33,375,908,914,316,1313,91,149,9784,3938,214,121,127,464,193,12,529,2,323,181,7038,1,303,9,0,26674,1092,55057,1522,21,19,6,13812,575,7590,1283,5,11,3,362,8,4618,105,44,6,2214,28,50577,634,16475,23021,10730,642,7,670,249,17,12,92,377,18,58,10,15,170,31,8,15,296,5,2,163,177,18,14,2,15,20,34,50,72,62,72,1,692,110,29,2,4598,1565,5327,44,36,18,4,25,27,72,31,138,40,17,8,16,11,34,4,379,23,1384,247,80,6,123,34,2995,273,17,250,b
440,5598,1022,250,200,5474,3690,19834,1930,45520,4776,17937,5414,473,12392,27495,6569,984,453,1000,115,75,80,21347,520,769,1724,6237,953,1127,14042,2181,80,4773,16719,2414,575,498,130,77,45,42,676,1379,1521,334,1628,126,227,12943,5587,250,217,154,630,280,74,813,21,396,273,3862,23,334,12,0,28349,1674,64163,2041,35,7,6,14869,932,10947,1988,11,7,3,523,14,6323,133,137,12,2811,54,66595,1072,22409,29953,12963,790,11,928,247,39,14,282,400,46,134,9,34,167,36,29,13,304,16,3,160,214,25,10,6,5,12,94,30,47,41,68,3,973,181,52,13,4615,1597,5334,148,108,91,38,58,41,67,63,117,68,24,9,38,19,48,12,416,21,1975,370,112,14,166,45,3001,283,48,220,b
115,1198,1127,23,23,1345,2989,7705,429,18781,1151,6061,2126,164,4852,8572,2256,1617,289,261,20,9,36,5140,685,178,376,2625,428,723,4954,617,44,1377,6658,734,191,37,67,26,5,2,181,744,1302,539,851,132,294,6045,3185,193,153,58,373,242,13,567,151,189,446,730,152,213,175,2,3571,240,14122,876,2,22,0,1796,180,3730,920,4,15,0,231,16,3941,165,1692,8,850,33,27093,511,7937,4672,3367,870,10,338,220,38,7,128,180,4,66,6,5,110,7,6,6,140,58,6,291,342,10,10,4,22,71,30,23,50,26,48,1,317,181,1,0,55,81,25,46,33,5,0,34,11,54,30,82,12,0,0,3,1,3,10,234,81,1862,59,61,3,297,16,23,123,170,30,b
396,4530,1493,168,119,5576,4796,18857,2212,47339,5158,19079,4908,584,11767,26477,7931,541,599,1174,88,82,61,25666,601,720,1579,5805,900,1178,15904,2101,38,4415,15371,2453,500,416,114,39,54,36,658,1076,1558,438,1450,121,218,13093,5339,272,137,139,672,351,15,868,1,384,407,4272,0,604,30,0,27213,2862,62293,1861,21,0,6,14381,858,10283,1965,5,0,3,550,14,9143,352,313,16,3541,120,67322,878,24417,31077,12020,1564,10,813,782,21,6,150,382,78,78,11,28,307,41,61,11,325,19,3,189,223,22,6,1,9,22,37,31,51,70,45,13,823,123,34,15,4592,1585,5330,56,49,25,20,25,32,61,26,152,71,15,17,41,28,47,19,417,25,2005,318,274,10,158,43,2992,265,34,257,b
25,745,25,4,10,976,126,2325,149,5746,701,2029,610,25,1063,2626,343,79,88,73,9,4,3,3148,221,90,188,677,90,233,2187,300,8,705,1671,312,37,8,25,6,1,0,35,133,173,98,223,11,30,2045,1040,62,37,19,102,38,2,196,2,4,89,364,2,1,3,1,625,57,3896,449,0,0,0,310,21,1216,501,0,0,0,127,2,1299,92,19,0,447,24,7928,229,3314,2137,1643,84,3,118,6,3,1,18,76,4,6,0,0,34,3,2,4,3,0,3,26,35,0,0,0,0,1,6,4,12,3,7,0,54,41,1,0,11,13,0,10,9,7,8,0,0,50,15,37,8,0,0,2,2,0,0,11,0,429,8,10,0,19,4,6,5,7,1,b
27,337,469,8,21,360,1242,2743,228,7900,656,2449,717,48,1381,3897,5413,333,156,117,19,41,18,11041,106,155,346,1325,125,138,2693,477,15,650,1964,325,32,18,28,8,33,17,50,157,251,166,237,43,63,2182,1124,94,58,27,136,32,13,221,3,49,35,6735,4,47,51,0,891,111,5120,441,0,13,0,465,43,1558,447,0,6,0,77,6,1040,152,12,9,385,39,10940,142,3792,2866,1445,271,6,84,97,6,2,18,105,12,4,1,1,58,4,3,3,16,14,0,82,69,0,3,0,3,13,9,18,19,19,20,7,57,26,3,0,15,26,0,31,19,4,2,0,2,37,13,37,6,6,5,16,2,2,3,41,1,563,26,30,7,72,13,12,32,31,19,b
74,572,1295,32,98,605,1965,4618,207,9135,758,4695,1640,69,2195,5288,1158,138,443,179,11,15,25,4396,165,128,276,1329,97,266,3122,389,16,464,3227,308,101,29,110,44,14,6,60,244,436,317,375,47,98,3183,1439,133,71,78,237,198,8,222,0,83,150,375,0,46,14,4,2097,118,8504,638,0,19,0,1168,82,2492,666,0,11,0,200,0,1701,119,23,0,648,66,14031,233,5070,4802,2083,388,8,156,174,16,12,101,329,36,12,6,7,181,26,16,20,28,10,2,153,163,30,9,2,20,15,36,38,60,81,67,7,111,80,20,3,43,36,11,15,12,2,3,0,0,67,28,183,36,5,1,24,8,7,7,110,6,797,33,46,6,82,14,17,50,11,39,b
54,1036,697,12,23,1436,2573,3488,229,11704,828,2526,670,68,1763,3491,6084,405,92,177,26,23,10,8457,82,100,218,1086,93,154,3258,2813,29,444,2564,573,49,53,6,3,14,1,67,162,292,49,259,14,82,2277,1052,22,29,15,183,7,4,171,0,110,8,8700,0,51,2,0,666,189,6020,314,0,0,0,557,105,2068,356,0,1,0,4,2,1246,18,1,2,409,12,13128,178,4835,4988,1655,786,3,239,211,6,0,18,144,15,36,5,3,28,4,20,2,17,21,0,194,63,4,5,2,0,4,18,0,1,5,16,14,32,52,6,0,7,14,0,11,11,3,4,0,19,3,14,25,17,2,0,17,4,4,1,44,0,407,183,52,7,51,2,0,38,26,17,b
24,222,599,7,11,316,1307,1970,112,5916,381,1921,548,23,851,2560,559,550,129,63,5,81,7,3412,59,135,302,752,47,70,1793,172,9,292,1233,258,45,9,14,4,9,2,34,151,159,98,161,23,51,1505,636,51,29,17,220,27,0,74,0,36,24,196,0,42,9,0,730,46,3881,400,0,0,0,397,48,1180,434,0,0,0,133,4,878,83,51,4,284,22,8798,133,2492,1998,975,449,2,138,63,4,1,9,67,95,3,1,2,42,2,88,2,12,3,0,44,48,6,6,5,3,4,5,4,11,2,10,10,32,18,8,1,12,23,0,9,17,3,2,0,0,13,6,29,4,1,0,28,57,1,2,26,0,360,12,27,4,36,4,8,16,21,0,b
4,246,313,32,67,628,1207,2990,474,6059,242,1397,442,87,764,3680,741,66,134,309,59,10,16,3607,72,16,33,564,96,170,1798,441,6,96,1226,216,16,1,11,3,22,2,248,73,222,115,59,41,74,1762,817,39,66,24,142,56,0,173,0,0,73,701,0,0,1,0,747,561,2551,185,0,2,0,421,249,1081,187,0,1,0,1051,94,1773,33,25,18,258,44,7585,86,2442,3881,1710,217,11,171,188,10,1,99,17,7,22,1,1,6,3,3,0,0,0,0,14,16,3,5,9,1,1,21,0,0,0,0,2,69,43,11,0,2,3,4,59,25,17,8,2,0,2,0,2,0,1,0,3,2,3,15,0,0,340,48,23,31,1,7,0,19,0,1,b
2,48,9,2,0,65,37,158,39,462,44,166,13,4,71,254,407,38,64,9,10,8,0,361,7,6,12,15,2,14,169,20,3,29,98,48,1,3,4,4,0,0,11,9,17,5,4,1,4,89,35,3,7,3,13,0,0,10,0,44,0,32,0,295,0,0,17,11,257,8,0,0,0,12,11,105,11,0,0,0,89,0,65,2,20,0,25,4,531,10,286,312,89,14,0,5,6,0,0,2,44,0,0,0,0,8,4,0,4,8,0,0,4,6,0,1,0,0,4,0,12,5,3,11,2,10,9,0,0,1,6,0,7,3,0,0,0,0,40,22,8,6,0,0,2,2,0,0,0,0,48,2,23,1,11,0,0,15,2,29,b
397,6538,411,409,85,3935,2599,21722,2515,45806,4857,14486,5013,500,7007,23095,5770,3745,795,1445,147,68,68,23503,915,538,1132,5480,503,865,14390,1648,92,2156,15802,3598,563,224,224,112,20,25,748,1317,2204,524,1382,171,330,14498,6797,303,266,269,1241,321,338,703,3,65,275,2582,2,48,16,1,5893,1168,31895,2223,248,20,20,4473,1216,10986,2583,478,12,54,445,22,7467,194,133,52,2475,128,69559,974,22049,23950,15760,603,12,464,144,35,36,540,719,38,246,52,30,345,57,31,40,69,20,25,142,266,18,2,0,35,12,172,13,126,33,101,6,643,380,24,8,222,80,25,310,142,63,55,23,9,183,126,310,190,15,8,42,42,22,21,87,21,2100,119,187,21,163,85,19,74,24,38,b
120,7264,1016,39,16,3059,3258,15601,863,30550,2595,9771,3071,154,3971,18395,23000,1426,3125,486,47,82,71,16272,451,444,934,4530,809,774,9547,1034,48,1559,10697,2766,259,50,1039,629,33,19,258,758,2291,1694,861,155,445,10383,5344,468,692,317,1092,2235,91,1461,49,165,2490,1412,53,3132,3818,5108,16098,378,32256,2330,6,5,0,6908,351,7311,2743,38,10,0,2426,39,7618,1116,733,49,1835,734,47838,810,15509,16343,6806,1046,4,338,209,121,356,203,3602,80,82,20,3,1275,303,70,180,47,10,22,309,347,93,57,57,19,6,51,391,821,462,415,12,917,470,235,55,51,155,24,32,56,17,33,26,10,2275,1738,3129,1768,32,29,77,26,28,30,223,30,4390,502,473,57,319,154,11,226,82,61,b
22,270,501,2,24,133,1015,1616,83,3506,318,1633,558,18,679,1739,444,68,123,55,10,2,5,2438,23,78,184,460,47,73,1312,103,8,213,1133,201,29,11,34,9,1,0,26,97,119,87,182,23,39,1384,614,71,28,18,88,29,5,79,0,35,23,168,0,31,19,0,746,31,3018,362,0,0,0,350,22,773,346,0,0,0,61,4,752,89,7,6,254,20,5748,114,1907,1797,672,216,2,42,73,3,2,9,107,0,1,0,1,62,4,3,2,4,6,0,66,67,6,3,0,2,16,5,22,23,21,19,0,30,28,3,0,15,21,0,10,10,3,1,0,0,37,13,37,4,1,0,5,0,0,1,30,1,381,19,22,3,45,6,12,18,11,5,b
335,4968,308,124,77,4004,1659,15415,1055,35607,4216,12468,3758,260,6716,19126,5069,978,363,580,107,40,35,17589,685,845,1780,4786,731,916,12566,1837,64,3406,12863,1947,389,265,59,21,16,13,345,1130,1503,736,1047,100,254,10591,5137,220,164,169,641,201,20,826,31,475,420,2749,17,369,31,1,26570,725,61144,1606,1,29,5,14011,476,9143,1612,1,17,1,3276,10,5420,399,74,11,1916,140,51675,952,18568,21057,10569,453,8,512,100,15,7,143,196,14,40,15,13,87,32,14,5,334,47,10,73,108,4,5,3,32,4,29,11,23,6,18,0,419,153,26,12,4864,1572,5328,82,57,40,16,15,10,64,22,77,48,4,1,19,10,15,9,466,3,2273,167,92,16,137,25,2993,257,34,221,b
333,4935,3937,263,333,4303,9449,25630,2128,62587,4915,26199,6881,512,16416,29224,7418,2102,1451,1000,97,234,234,25303,2045,1190,2627,10109,1341,1624,18394,2388,230,5614,17763,2296,368,247,416,213,165,147,583,1311,2291,675,2193,225,404,18380,9077,524,497,294,1111,691,172,1144,14,518,791,3807,16,500,70,1,30119,1249,79318,2576,5,29,13,15701,697,16777,2487,4,21,12,1402,56,8295,216,94,46,3286,141,85688,1601,31244,26538,17148,2364,28,923,766,87,110,404,1256,103,189,24,22,317,269,99,130,397,28,21,700,675,37,13,9,55,36,97,359,393,261,259,160,1116,410,30,11,4682,1671,5534,159,104,24,11,94,23,446,295,511,157,94,65,137,59,47,22,472,32,4159,454,261,61,435,62,3003,362,79,298,b
117,1758,1301,75,128,1416,6115,10530,572,33548,2791,8461,2605,185,7517,11796,4071,1504,200,225,50,26,34,19338,801,147,309,4659,389,1053,10097,1351,31,1954,7783,1987,127,87,42,15,15,25,120,749,770,498,912,126,254,6972,4005,223,184,93,336,113,55,432,21,116,80,3192,11,60,110,5,2220,267,17795,725,18,56,18,1271,141,6080,665,11,20,11,477,25,7998,305,72,14,2364,213,42620,369,13604,14399,7185,1710,19,515,462,25,1,128,112,32,56,2,7,59,11,26,3,32,80,12,268,174,11,13,2,3,11,14,23,23,18,17,1,350,113,24,16,38,46,6,33,21,21,17,20,19,51,16,36,5,13,4,8,8,11,9,59,3,2008,162,77,21,101,19,14,45,28,36,b
409,5443,643,128,67,3515,2735,18723,1486,39720,4924,15490,4868,341,9823,23676,8504,912,673,641,95,169,114,21595,580,585,1276,5292,819,919,12469,1867,72,3564,15018,2680,474,330,172,71,46,61,360,1078,1470,465,1340,109,244,13079,5256,269,219,159,674,305,10,590,5,450,1079,3380,5,1926,4,0,27949,932,63297,1944,0,10,6,14676,620,10080,1865,0,10,3,1225,33,6999,230,104,32,2916,148,60240,1006,19750,25699,11358,963,15,487,268,42,21,154,568,47,70,11,18,322,54,33,18,328,4,3,130,297,24,21,5,9,5,28,28,61,11,39,5,1080,353,42,25,4604,1636,5326,53,52,33,30,26,21,184,110,299,150,58,41,110,37,34,40,451,5,1740,219,183,15,244,39,2991,313,64,233,b
95,1267,271,18,18,1019,1148,5916,509,16682,1436,5392,1421,95,3030,7433,1891,506,175,224,30,33,13,9573,447,216,456,1810,197,340,6216,757,57,825,4716,1202,147,20,17,11,28,4,80,291,783,161,363,59,98,4925,2591,81,62,33,229,88,7,245,3,240,80,948,1,439,39,0,1445,300,12186,736,438,0,229,864,208,4104,1040,17,0,120,59,21,2213,154,36,10,913,62,23837,311,9207,6091,4798,373,1,153,138,5,3,80,112,24,43,2,12,87,12,24,1,91,34,12,47,27,5,11,4,1,11,27,2,14,3,7,1,56,39,7,0,8,38,2,26,22,15,8,25,5,10,5,58,29,5,0,24,13,3,4,79,2,878,71,42,22,89,10,4,80,50,54,b
354,5261,2874,237,155,9218,12535,9488,803,31591,913,6234,1962,110,5146,18932,7317,302,205,516,70,129,188,28307,840,129,272,3561,990,926,6555,2707,421,1398,10009,3938,726,162,16,4,196,74,238,1076,2113,245,1155,440,418,7794,3012,236,232,44,296,442,178,1294,24,156,438,5492,38,155,30,5,3760,102,13586,592,5,217,246,2547,74,4091,705,11,67,84,38,42,3506,330,34,15,641,116,31421,485,12227,21321,2804,1021,62,660,721,22,3,95,50,137,89,0,37,26,21,68,9,107,92,65,219,484,9,6,24,31,12,23,0,5,4,3,17,254,491,12,6,65,68,9,36,15,1,0,151,0,6,8,15,6,54,34,102,25,42,1,76,6,2414,148,37,11,242,36,11,56,96,40,b
31,1376,222,64,28,534,971,3247,559,5730,364,1406,466,37,393,5258,2355,271,263,225,159,48,42,3718,70,105,220,817,122,212,2366,470,144,209,1892,899,47,12,38,17,11,4,167,247,491,332,137,50,113,1946,1094,54,65,33,142,202,4,392,8,48,509,652,7,5,2,0,1419,267,4452,436,0,2,0,732,123,959,286,0,1,0,1410,37,1149,166,142,41,281,85,9300,109,3014,3864,1180,194,1,204,66,42,7,81,348,70,39,5,27,104,29,45,1,4,0,0,69,81,26,22,9,1,1,31,15,56,5,14,4,198,131,64,20,17,12,4,92,63,22,23,0,0,52,33,148,50,23,15,45,24,9,11,11,0,758,96,149,97,24,4,0,15,11,2,b
17,155,172,13,12,531,943,824,106,2793,144,645,143,15,164,1499,254,525,92,48,2,0,1,1890,54,18,37,281,4,20,890,146,3,109,504,98,48,3,6,3,0,1,21,27,68,38,5,6,18,424,220,7,5,5,50,9,0,62,0,0,10,346,0,0,0,0,130,79,1345,35,0,0,0,81,43,436,57,0,0,0,35,15,451,26,31,1,106,33,4055,71,1142,1056,615,194,3,42,46,1,2,30,7,0,1,0,0,1,3,0,1,0,0,0,0,5,1,0,0,0,0,4,0,3,3,1,0,3,15,0,0,0,0,0,4,0,5,0,0,0,3,5,2,4,0,0,0,0,0,0,0,0,57,2,3,0,0,1,0,0,0,0,b
52,1002,613,12,23,1377,2339,3318,226,11472,820,2410,663,68,1727,3406,5978,396,75,171,26,23,10,8234,70,100,218,1049,93,150,3107,2811,29,443,2498,516,47,52,5,1,13,1,66,161,287,48,252,14,82,2125,993,21,27,15,177,7,4,169,0,108,8,8696,0,51,2,0,642,189,5791,262,0,0,0,531,105,1929,261,0,1,0,4,2,1244,18,1,2,409,12,12535,165,4647,4921,1634,746,3,224,211,6,0,18,134,15,36,5,3,28,2,20,2,17,21,0,193,59,4,5,2,0,4,18,0,0,1,14,14,32,45,6,0,7,14,0,11,11,3,4,0,19,1,6,23,16,2,0,17,4,3,1,43,0,399,183,49,7,50,2,0,37,25,17,b
15,181,0,5,0,203,6,814,98,2435,249,824,172,9,302,1156,188,188,53,74,16,16,7,1534,50,118,263,423,40,40,811,75,10,169,608,148,16,1,3,0,6,2,48,38,77,31,40,9,10,762,361,13,18,11,52,17,0,103,0,36,9,183,2,42,0,0,242,52,1692,137,0,0,0,153,55,584,194,0,0,0,27,6,311,6,8,6,137,7,3511,80,1215,1108,418,24,1,17,10,0,0,14,19,13,4,1,1,14,2,0,2,12,0,0,3,6,0,0,0,1,0,10,0,0,0,2,0,6,7,6,0,7,20,0,13,21,1,2,0,0,1,1,7,4,1,0,8,4,0,0,18,0,123,2,7,4,27,9,2,16,20,0,b
78,1540,56,24,26,840,334,3370,290,7671,972,2603,812,94,1021,5674,2544,1286,162,196,42,38,35,4812,209,28,60,1032,48,354,3156,929,171,386,3006,452,117,17,32,24,18,11,88,222,382,333,412,87,167,2586,1160,117,82,38,183,296,27,391,1,153,371,1700,0,200,2,0,1151,102,5613,392,10,0,0,608,103,1762,414,2,0,0,26,0,1584,86,14,0,595,44,11502,262,4545,4603,1537,139,0,78,32,11,1,44,160,30,30,0,5,60,12,20,8,48,0,0,103,86,19,10,7,4,2,13,6,45,17,21,1,174,75,44,9,17,42,27,29,15,13,7,0,0,80,49,93,36,2,1,23,12,7,4,38,0,1091,65,53,25,114,19,12,59,69,40,b
447,8589,715,227,66,6303,2371,28272,2165,63606,6256,24581,7822,570,14724,32007,7939,2563,1074,1391,156,133,97,0,1506,911,1936,8335,1325,1968,20083,3127,271,6248,21860,2463,484,284,257,97,42,60,897,1796,2966,789,2498,275,516,19655,9480,552,464,199,1181,653,20,1460,8,674,981,4727,8,561,52,1,31028,1354,78504,3151,2,57,8,16019,792,14239,2854,2,33,6,1544,34,10217,359,160,26,3760,146,89649,1725,33329,31372,17326,679,18,1075,294,109,34,512,1053,69,219,22,35,386,83,56,33,462,49,21,344,589,43,20,18,40,21,95,44,185,48,70,29,1853,751,60,14,4765,1763,5356,201,182,48,34,122,35,307,144,425,191,47,13,72,43,37,13,649,48,4443,443,241,56,459,58,3013,484,155,350,b
265,2896,1378,77,69,2338,2519,12553,843,27668,3226,11718,3814,237,6952,15887,4378,781,586,406,53,49,49,12604,598,487,1026,3948,609,774,9194,1062,81,3033,9829,1330,326,201,165,89,33,32,214,677,1045,319,1113,101,169,7832,3456,191,145,141,478,208,9,551,10,330,307,1727,11,315,9,0,26498,515,52368,1246,4,19,6,13715,340,6544,1331,5,11,3,585,18,4541,141,37,11,1970,67,42666,586,14776,16091,8072,664,9,375,210,40,19,133,569,52,42,16,22,292,41,29,21,276,16,3,191,216,24,23,16,11,15,36,71,105,78,107,11,528,156,52,25,4615,1564,5325,53,34,25,4,35,29,126,77,197,74,14,6,30,20,23,17,381,4,1527,172,106,12,119,35,2993,264,33,203,b
874,6694,828,194,133,4617,2265,21527,1558,37433,4042,17520,4405,295,6180,24429,5494,4389,2053,1661,189,113,65,0,760,514,1088,6000,653,655,11587,2699,963,1515,15506,1960,540,125,519,266,29,22,846,945,2124,640,1738,214,466,16741,7261,734,496,395,1395,834,31,694,22,34,922,2954,18,14,3,1,9696,1265,44111,2514,14,0,0,5691,916,11967,3073,14,0,0,725,65,5048,185,202,79,1681,122,62034,1888,20838,24411,8637,786,57,628,234,162,68,339,2470,114,81,85,19,745,127,78,68,36,3,7,234,560,82,56,24,11,1,160,79,372,117,172,11,1105,722,173,44,87,85,9,178,124,84,53,24,2,534,421,991,549,28,7,102,63,43,30,134,17,2908,223,766,49,118,56,15,61,37,39,b
527,7577,763,186,175,5431,2685,25883,1601,55846,5977,23569,6999,350,12873,29980,6522,1944,1063,983,145,147,94,0,1196,963,2143,7633,1134,1652,17663,2765,252,4880,20299,2493,560,328,290,135,41,48,563,1403,2354,772,2167,283,430,18951,8504,514,367,224,1011,758,48,1335,12,365,1027,4245,13,318,42,1,30808,1024,76986,2833,21,31,6,15870,699,12963,2722,5,22,3,1716,41,9656,238,350,37,4055,136,81982,1670,29722,30953,15147,596,20,963,228,118,34,341,844,87,158,29,24,391,78,52,34,339,17,8,275,496,44,19,5,26,14,113,40,173,53,81,0,1743,662,66,22,4668,1672,5347,111,123,51,28,110,25,267,116,415,168,29,10,54,45,43,25,494,27,3361,396,228,35,266,49,3014,350,64,298,b
4,203,87,3,16,388,532,535,61,1863,258,488,74,11,159,554,158,25,45,40,10,1,5,1628,19,51,123,124,29,24,685,52,6,75,501,118,6,0,1,0,1,0,15,15,32,12,34,9,3,493,247,4,4,4,22,6,0,47,0,35,3,54,0,31,10,0,55,19,757,42,0,0,0,37,15,282,49,0,0,0,10,4,476,13,4,6,153,15,2391,29,860,1072,334,102,1,31,45,0,1,3,11,0,0,0,0,16,2,2,0,4,3,0,6,9,0,1,0,0,0,3,0,0,3,2,0,3,7,2,0,0,12,0,8,10,3,1,0,0,0,1,8,1,1,0,4,0,0,0,17,0,96,10,7,3,20,2,0,14,9,5,b
291,5325,430,81,51,3461,1476,17732,753,37811,4072,13384,5462,250,10539,21556,5651,392,1520,551,56,31,40,16406,1137,693,1480,5688,1071,988,11359,1762,167,3508,13839,2706,345,218,162,69,9,12,255,1120,4237,495,1270,171,242,12608,5768,262,211,138,689,231,10,616,8,206,510,2840,6,84,63,1,8014,573,24951,1956,95,35,8,4430,413,9133,2008,413,23,6,2960,9,7915,217,81,18,3365,183,57130,1068,18619,19852,7540,523,14,277,190,42,15,137,465,19,79,21,5,201,40,22,18,86,55,7,158,262,10,5,2,64,9,37,39,125,24,47,2,1259,312,18,9,501,489,57,66,39,12,4,45,13,186,79,215,112,5,5,17,8,23,16,775,470,2003,221,101,31,2066,1119,31,118,61,36,b
393,7149,3256,120,77,4721,8512,24385,1070,45987,4807,16417,6381,292,10995,34228,11202,487,1072,580,60,101,78,0,483,610,1293,5953,1044,2476,16020,3320,457,3978,16862,3561,449,196,308,137,59,50,302,1396,2431,736,2898,267,779,18413,8006,527,362,205,1046,1303,40,3786,145,484,1180,6181,65,446,93,1,31868,881,74881,2525,14,37,6,16287,550,11822,2505,8,25,3,1788,80,12087,611,328,64,4009,503,68119,874,25178,25856,10639,1487,41,1200,505,111,30,164,1211,103,129,17,19,445,89,47,40,367,108,40,658,769,155,45,18,30,23,50,70,181,98,119,6,1429,631,224,64,4654,1709,5337,58,48,21,8,54,34,286,216,433,178,42,17,62,39,49,28,491,13,4576,780,803,69,401,101,3010,416,146,251,b
509,12175,909,268,115,4475,3295,26752,1802,57000,4849,19142,5383,245,8684,34045,9662,6244,1079,1385,216,190,106,29674,1555,611,1385,9719,735,1195,18754,5401,627,3023,22038,5019,658,282,283,132,62,52,889,2011,3593,644,2445,270,575,20939,10641,621,428,311,1376,1025,37,1057,37,482,1505,7065,34,360,44,2,31639,1918,96424,4447,25,14,6,15763,1156,18295,3764,6,12,3,1882,42,11677,239,375,43,4407,132,80160,2097,29268,35064,17294,559,28,597,250,113,59,279,1041,118,256,30,32,435,93,80,35,356,80,4,326,614,69,51,13,62,17,110,38,154,51,100,11,2233,712,133,48,4826,1667,5373,173,170,79,93,36,19,361,199,419,223,35,28,92,43,36,23,473,34,4538,1091,287,91,453,99,3019,435,135,273,b
