nop,move,move/from16,move-object,move-object/from16,move-result,move-result-wide,move-result-object,move-exception,return-void,return,return-wide,return-object,const/4,const/16,const,const/high16,const-wide/16,const-string,const-class,monitor-enter,monitor-exit,check-cast,instance-of,array-length,new-instance,new-array,throw,goto,goto/16,packed-switch,cmp-long,if-eq,if-ne,if-lt,if-ge,if-le,if-eqz,if-nez,if-ltz,if-lez,aget,aget-object,aget-byte,aput,aput-object,aput-byte,iget,iget-wide,iget-object,iget-boolean,iput,iput-wide,iput-object,iput-boolean,sget,sget-object,sput-object,invoke-virtual,invoke-super,invoke-direct,invoke-static,invoke-interface,invoke-virtual/ran,invoke-direct/rang,invoke-static/rang,int-to-float,float-to-int,int-to-byte,add-int,sub-int,add-int/2addr,and-int/2addr,or-int/2addr,xor-int/2addr,and-int/lit16,add-int/lit8,mul-int/lit8,xor-int/lit8,shl-int/lit8,class
42,8420,209,4876,1347,1729,411,6997,938,944,309,38,480,3105,2378,43,12,194,3420,126,102,218,352,4,656,2498,147,328,2288,3113,608,107,61,147,76,91,54,1600,1317,12,96,68,775,14,23,713,12,201,101,3082,58,136,61,788,120,56,1704,338,8442,44,3213,2114,759,504,145,169,4,0,12,12,54,46,7,16,593,9,802,29,4,12,m
42,1338,552,1443,1301,3188,141,5293,637,2656,692,20,899,4000,1984,165,480,181,4607,49,61,123,641,19,204,2193,290,189,1847,798,62,32,108,319,187,171,59,2065,988,47,140,132,215,212,710,477,488,1648,82,4793,256,1056,71,1432,364,124,974,410,8926,204,3523,3181,896,225,313,102,228,97,68,37,203,88,6,53,0,56,668,55,0,68,m
42,1197,409,1698,1283,2251,78,5045,1123,1538,508,24,1077,3218,1165,68,16,72,2916,106,335,686,642,211,605,2502,455,1129,2493,379,26,35,376,480,362,155,90,2215,1238,44,130,22,389,195,23,244,182,1076,57,4518,407,679,63,1552,370,112,746,226,7961,165,3609,1416,557,199,149,44,0,0,130,40,101,145,11,29,1,89,808,53,4,48,m
15,145,133,416,367,494,36,2762,164,687,77,5,275,750,243,306,20,31,1887,28,24,48,232,5,7,957,45,78,374,91,33,11,9,63,25,10,4,278,144,0,10,1,64,21,0,53,19,68,97,1236,13,53,24,530,33,4,252,127,3252,41,1283,1119,433,223,90,86,0,0,33,1,4,1,1,8,0,10,108,9,0,17,m
7,13,7,97,104,204,29,1023,52,270,51,9,119,261,35,54,8,27,597,13,3,6,58,2,11,359,30,24,168,12,7,8,10,11,7,1,3,181,66,1,7,1,8,0,2,38,0,14,10,327,34,20,10,175,64,0,68,17,1121,26,517,334,157,40,15,20,0,0,0,0,0,0,0,0,0,0,11,0,0,0,m
14,234,96,306,151,639,61,2156,253,434,73,5,163,834,374,57,23,43,1287,51,50,105,161,16,52,793,81,109,544,171,18,8,57,101,47,37,18,504,242,13,54,17,40,36,21,163,61,166,27,1123,73,135,45,459,95,17,586,134,2772,25,1054,973,380,97,18,31,4,5,33,6,13,6,3,5,0,31,172,6,0,16,m
113,2008,411,2489,1826,5849,436,12240,1204,4118,1623,134,2734,8597,3633,415,147,511,8460,116,207,416,1173,315,951,5169,1165,1783,5726,774,210,314,480,981,264,900,460,3905,3181,201,299,411,381,181,303,2128,312,2814,234,7849,415,1920,181,2823,481,48,2117,854,16764,288,7776,4995,2918,422,252,300,62,30,83,167,368,271,33,33,16,80,1951,105,2,55,m
45,340,780,188,1332,2939,70,5045,210,2612,901,26,1050,3510,861,484,168,93,2015,76,65,137,927,87,107,1465,223,299,1803,197,55,48,207,296,172,208,94,2322,948,101,132,47,84,46,53,223,26,1277,67,5705,523,649,73,1398,541,152,680,206,9046,362,2520,1944,1411,415,74,100,135,71,10,148,199,116,19,37,0,9,521,29,9,17,m
15,250,76,298,118,635,61,2119,250,427,73,5,161,838,360,56,23,44,1269,51,50,105,157,15,52,781,78,109,543,167,18,8,57,101,47,37,18,502,240,13,54,17,39,36,21,162,61,166,27,1123,73,135,45,459,95,17,577,130,2740,25,1042,958,375,87,16,30,4,5,33,6,13,6,3,5,0,31,171,5,0,16,m
1,15,35,190,325,182,30,483,17,233,19,2,52,184,95,17,4,17,319,49,0,0,49,0,20,204,42,0,41,27,2,10,0,8,18,0,1,66,27,3,17,0,8,7,0,24,2,27,19,593,5,37,21,185,14,0,6,0,657,18,256,318,99,59,13,16,1,0,3,1,0,0,0,0,0,0,21,1,0,0,m
32,756,379,1236,1049,2428,134,5187,595,1324,283,13,598,3068,1169,86,241,180,5446,49,24,48,484,17,149,1896,240,67,1502,771,47,34,65,263,110,160,39,1963,927,19,84,46,120,180,60,405,459,699,61,4105,134,402,58,1586,213,117,720,343,7962,100,2650,2736,894,167,152,66,87,75,68,21,44,53,3,35,0,48,356,42,0,48,m
0,40,0,26,0,86,9,351,49,163,15,0,28,198,33,32,6,15,286,33,1,2,41,2,13,173,22,11,120,16,2,2,2,13,9,6,7,73,31,0,5,4,12,4,0,28,0,25,3,334,21,32,3,137,24,1,68,16,537,22,257,184,73,0,4,0,2,1,0,0,0,1,3,1,0,0,19,5,0,1,m
50,1374,519,1607,1269,3246,162,5967,710,2770,687,18,994,4218,1982,135,433,190,5579,60,58,117,581,19,221,2399,332,187,1903,842,71,41,103,319,156,169,58,2279,1072,48,135,159,259,217,712,493,500,1565,83,5223,256,1059,77,1967,382,243,1157,483,9706,217,3673,3399,1162,221,316,100,203,92,80,28,164,85,6,53,0,69,610,53,0,74,m
1,15,39,191,330,141,32,305,19,132,16,2,48,140,97,2,0,18,239,33,0,0,32,0,20,167,34,0,39,27,1,11,0,7,18,0,1,48,25,3,18,0,8,7,0,16,2,19,19,425,5,24,21,153,14,0,6,0,499,15,195,120,79,73,16,22,1,0,3,1,0,0,0,0,0,0,21,1,0,0,m
12,24,22,173,116,557,40,2041,45,441,49,18,138,573,61,195,28,57,1029,41,0,0,391,0,16,552,40,0,182,83,21,19,4,73,30,8,10,132,92,0,10,0,35,0,0,85,0,46,31,1456,3,42,15,389,12,0,30,4,2481,60,752,853,480,69,11,8,0,0,0,0,0,0,0,0,0,0,41,0,0,0,m
38,8392,181,4612,1787,1711,377,5662,703,845,306,35,466,2720,2363,34,8,176,2720,100,84,182,338,4,652,2221,134,277,2131,3059,608,100,57,133,63,90,55,1545,1276,11,92,68,769,14,23,705,12,192,100,2785,58,124,60,785,122,55,1661,312,7004,42,2882,1148,641,651,207,125,4,0,12,12,53,44,7,16,593,9,780,27,4,12,m
29,630,358,1154,1107,2249,126,5198,541,1326,253,19,527,2845,995,257,228,153,5037,60,24,47,500,13,73,1762,237,56,1272,755,44,32,65,252,99,130,42,1832,834,15,91,40,99,119,49,406,358,788,59,4020,137,452,55,1563,202,111,630,316,7534,127,2444,2881,870,174,131,81,97,85,46,10,23,56,3,14,0,42,284,21,0,25,m
655,3280,2432,7721,9779,8094,450,24161,1267,5562,1266,79,2452,11648,8333,4760,81,305,12071,260,297,657,3756,255,1196,5458,1659,597,6659,1979,393,111,787,1905,216,992,207,6731,2408,151,515,75,2278,201,619,2602,179,1525,59,13899,413,1157,89,3559,627,480,2021,634,38139,338,8326,8100,2213,2784,599,531,74,33,222,101,266,106,49,91,8,128,1697,45,4,108,m
3,234,39,326,190,635,66,2395,240,377,85,9,129,741,178,12,14,77,2590,31,4,9,90,1,46,763,52,48,424,215,5,15,22,87,31,18,9,396,211,9,23,6,75,13,1,99,7,26,0,1147,51,25,0,271,86,0,156,37,3341,30,1060,957,538,110,35,8,0,0,6,0,4,15,6,7,0,8,74,3,2,8,m
16,368,0,123,0,968,59,2403,172,574,139,5,331,1210,1182,13,11,32,2407,78,5,10,125,3,108,833,106,94,685,248,48,5,50,140,105,45,44,669,278,9,92,6,21,127,515,118,71,331,7,881,77,274,8,398,83,12,340,68,4195,69,1202,1506,400,22,0,1,0,0,45,13,26,53,4,32,4,82,313,61,2,36,m
29,630,358,1154,1107,2249,126,5198,541,1326,253,19,527,2845,995,257,228,153,5037,60,24,47,500,13,73,1762,237,56,1272,755,44,32,65,252,99,130,42,1832,834,15,91,40,99,119,49,406,358,788,59,4020,137,452,55,1563,202,111,630,316,7534,127,2444,2881,870,174,131,81,97,85,46,10,23,56,3,14,0,42,284,21,0,25,m
285,4204,1317,4532,4085,13417,1031,31891,5011,9819,2749,239,5035,20790,40237,675,899,1023,20626,329,410,842,2732,531,1645,11951,2132,2999,12157,2992,452,442,796,1903,671,1372,691,10035,6226,290,741,667,1855,694,647,4306,17676,5674,460,22661,986,3883,418,7313,1299,430,6247,1953,46281,792,17010,17999,5358,788,576,428,490,218,263,212,471,476,51,164,94,262,3698,248,70,226,m
26,592,358,1011,1060,2029,101,4177,475,1158,229,17,423,2515,933,245,208,145,4005,49,24,47,442,13,61,1476,212,52,1141,709,39,23,63,240,98,111,39,1579,740,11,84,21,96,114,47,400,346,711,59,3231,127,375,50,994,171,106,553,262,6305,117,2019,2617,577,168,124,80,90,84,34,10,23,54,3,14,0,29,247,20,0,19,m
37,1130,680,2322,2833,2654,222,6898,1325,1686,492,27,1070,3572,1259,53,76,160,4791,116,364,750,716,196,434,2925,349,1044,2660,451,21,79,335,477,328,177,77,2636,1250,52,187,24,359,128,23,202,73,979,164,4667,431,703,154,2041,458,28,932,330,9798,156,4118,2117,1054,628,240,183,11,17,60,31,95,88,5,27,0,70,768,41,4,40,m
22,268,45,941,360,1735,76,5923,444,2036,268,23,827,2280,375,763,25,116,3388,78,25,54,708,9,79,1740,245,59,1394,301,34,21,65,222,58,92,29,1551,475,6,74,63,228,47,45,267,41,292,26,5285,91,306,18,1804,178,36,685,243,8010,210,2544,2973,998,117,56,19,0,0,25,11,15,28,1,2,7,7,199,20,0,11,m
124,1314,759,3636,3531,6855,494,23343,1395,6013,1514,163,3630,7667,5710,1706,208,218,11206,262,223,452,2625,386,431,8436,698,1252,4860,1028,171,123,414,698,234,492,140,4483,2462,157,347,47,563,155,53,1203,211,1531,163,12475,427,1273,151,4675,676,111,4015,777,29390,488,11173,8773,5548,1090,289,477,110,43,55,51,215,130,30,38,4,49,1159,44,1,65,m
10,241,140,469,831,548,60,1796,142,463,80,5,213,819,903,245,135,46,995,7,15,32,93,5,54,561,77,42,353,62,5,19,25,53,63,24,24,326,165,20,34,54,135,48,90,267,283,245,15,901,35,155,16,343,50,5,198,81,1886,37,778,831,253,285,64,99,78,24,13,15,29,22,4,11,0,13,168,19,0,19,m
32,951,334,1301,1107,1977,146,4529,1025,1206,383,26,890,2826,926,37,13,142,2662,102,327,670,540,195,366,2115,278,977,2079,274,16,34,316,401,314,106,68,1843,1033,42,122,20,309,118,23,198,61,805,61,3342,296,500,63,1237,275,11,485,124,6560,142,3075,1197,652,223,182,44,0,0,54,27,91,85,5,26,0,61,676,28,4,33,m
173,10204,4281,3916,8083,6777,248,7597,645,3798,1003,37,886,22817,19504,1339,238,178,3893,52,59,126,663,110,393,3489,1403,283,6714,4547,282,37,1171,3770,2081,1415,1077,5195,2294,150,508,3203,8917,1076,2516,1558,675,12840,71,10245,696,5917,62,1846,838,6742,14012,2607,14074,183,4495,11569,633,636,656,1465,304,162,363,1188,2437,1417,142,111,40,397,7550,1321,31,427,m
3,12,0,0,0,78,4,235,29,92,21,1,16,115,23,19,4,13,127,18,0,0,20,0,0,86,7,1,60,14,3,0,0,9,1,7,5,21,15,0,1,0,1,0,0,0,0,25,2,312,15,31,6,66,17,0,14,2,379,15,133,128,45,0,0,0,0,0,0,0,0,1,0,0,0,0,6,0,0,0,m
42,1390,12,1451,122,2560,175,8411,486,2102,660,79,2409,3034,937,116,35,83,2330,546,23,48,960,236,474,2146,269,570,3333,182,69,44,303,551,353,346,127,2116,1389,42,122,140,220,123,224,397,162,1251,77,4375,143,635,48,1438,164,20,1875,462,11058,83,3289,1674,1440,70,77,8,0,0,94,45,53,163,40,82,15,127,899,43,7,94,m
15,139,132,346,316,400,34,2381,119,620,70,5,227,641,234,304,15,23,1513,22,24,48,219,5,4,788,34,76,313,77,32,11,9,60,18,9,4,229,105,0,6,1,29,16,0,41,15,68,96,1144,13,53,24,492,33,4,232,121,2826,36,1095,885,387,208,77,69,0,0,29,1,4,1,1,4,0,1,100,9,0,14,m
0,0,0,0,0,0,0,0,0,198,0,0,0,0,0,0,0,0,0,0,0,0,0,0,0,0,0,0,0,0,0,0,0,0,0,0,0,0,0,0,0,0,0,0,0,0,0,0,0,0,0,0,0,0,0,0,0,0,0,0,0,0,0,0,0,0,0,0,0,0,0,0,0,0,0,0,0,0,0,0,m
11,152,21,184,103,531,58,1698,202,367,63,5,122,638,166,60,19,44,1074,29,43,91,106,15,31,641,52,76,416,133,11,8,36,68,47,17,14,384,180,5,43,11,28,0,20,63,20,141,27,1118,58,106,45,427,89,18,313,89,2321,17,865,845,246,34,11,10,4,5,20,3,4,4,3,0,0,14,77,0,0,0,m
13,348,108,1145,365,1335,112,4553,493,1713,231,15,561,1949,446,209,89,84,2804,146,21,42,535,85,93,1472,346,97,1424,123,14,19,59,140,63,96,38,925,536,17,54,72,168,53,51,457,46,240,25,2598,58,190,19,1012,103,23,753,329,5361,153,2061,3070,1089,175,63,72,82,20,26,8,31,36,1,6,7,13,207,41,0,15,m
25,267,84,1030,541,1789,87,6227,453,2130,275,26,854,2352,435,853,26,118,3468,83,25,54,755,9,89,1819,250,60,1433,321,36,24,73,244,63,94,32,1590,489,6,78,65,230,47,45,274,41,320,26,5609,90,330,18,1904,179,40,713,246,8401,219,2659,3075,1007,159,62,32,0,0,25,11,15,29,1,2,7,7,208,20,0,11,m
12,24,22,173,116,557,40,2041,45,441,49,18,138,573,61,195,28,57,1029,41,0,0,391,0,16,552,40,0,182,83,21,19,4,73,30,8,10,132,92,0,10,0,35,0,0,85,0,46,31,1456,3,42,15,389,12,0,30,4,2481,60,752,853,480,69,11,8,0,0,0,0,0,0,0,0,0,0,41,0,0,0,m
5,32,0,90,0,180,42,1192,116,524,27,1,102,645,56,101,16,29,801,43,0,0,89,3,19,475,15,21,248,41,10,0,0,33,30,13,7,114,53,0,7,42,12,0,17,19,0,124,2,1165,9,103,6,324,16,7,97,42,1702,34,738,944,111,23,0,0,0,6,0,2,7,2,0,0,0,0,41,6,0,0,m
71,1287,85,916,679,3427,305,10294,766,2806,850,89,2708,4651,2075,630,239,200,3868,497,94,191,1209,252,486,3020,418,731,3608,514,91,87,367,986,449,420,188,2560,1620,62,192,522,280,416,444,441,428,2377,161,6681,286,1321,117,2409,385,40,1882,486,14006,114,4707,2968,2073,87,91,70,58,15,184,104,61,557,107,210,20,330,1357,334,10,184,m
13,351,27,516,104,1732,182,5222,858,1275,198,23,441,2330,1390,59,101,123,3999,114,154,325,495,63,93,1413,272,335,1233,480,32,46,54,128,94,49,44,1650,749,19,72,36,88,87,34,415,875,408,47,3817,248,317,59,1109,270,35,666,238,7521,127,1944,2489,777,59,43,25,87,35,30,8,23,26,3,19,0,27,228,14,0,25,m
37,1459,160,2150,533,4228,253,12412,1225,3815,891,76,2962,4612,1252,99,29,232,7390,156,400,818,1175,148,482,4900,411,1887,3549,341,43,123,316,717,65,410,141,3455,2115,135,184,53,315,228,38,430,133,883,156,6322,383,686,123,2631,517,20,3047,727,16744,165,7357,2867,3932,164,203,64,2,2,89,40,75,122,13,37,6,118,723,67,4,62,m
67,1454,49,918,159,3266,275,9940,781,2766,715,90,2393,4168,2045,357,204,97,3549,532,130,280,1048,208,545,2904,411,686,3534,399,88,51,360,623,454,395,157,2526,1580,79,193,166,300,333,274,511,790,2136,155,6002,268,1090,105,2029,311,55,2612,643,13801,150,4405,2500,1930,81,107,69,284,80,131,90,70,260,40,127,19,176,1314,56,10,150,m
1,16,42,191,323,142,32,285,19,132,16,2,48,146,97,2,0,18,214,33,0,0,33,0,20,159,34,0,38,29,1,11,1,9,18,0,1,48,25,3,18,0,8,7,0,16,2,19,19,420,5,24,21,153,14,0,6,0,492,15,193,113,79,64,10,13,1,0,3,1,0,0,0,0,0,0,21,1,0,0,m
30,639,358,1168,1110,2288,128,5301,560,1340,257,19,533,2877,1000,258,229,153,5186,60,24,47,506,13,74,1787,239,57,1306,765,45,33,65,253,99,133,42,1864,848,15,93,40,101,119,49,408,358,792,59,4086,140,454,55,1603,215,111,628,316,7649,127,2473,2941,901,177,131,81,97,85,46,10,23,56,3,14,0,42,286,21,0,25,m
29,424,808,1019,1034,1311,79,3840,392,1317,404,27,831,1923,1297,504,14,196,1788,207,31,76,494,91,158,1351,170,230,1410,195,59,127,82,307,138,83,72,830,440,39,87,117,86,97,348,177,52,676,40,3516,140,435,20,974,194,0,396,144,4672,123,2330,1944,954,174,57,25,0,0,37,38,72,33,9,18,3,45,418,26,4,32,m
42,1338,552,1443,1301,3188,141,5293,637,2656,692,20,899,4000,1984,165,480,181,4607,49,61,123,641,19,204,2193,290,189,1847,798,62,32,108,319,187,171,59,2065,988,47,140,132,215,212,710,477,488,1648,82,4793,256,1056,71,1432,364,124,974,410,8926,204,3523,3181,896,225,313,102,228,97,68,37,203,88,6,53,0,56,668,55,0,68,m
35,711,88,697,319,1759,91,4803,586,1904,421,14,868,2542,1592,498,196,99,2063,99,54,113,664,49,117,1769,301,339,1630,179,60,40,102,220,103,87,42,1372,744,33,94,104,80,65,170,352,826,566,26,3093,158,464,36,1283,249,94,1232,493,7263,195,2703,1929,907,46,91,25,99,10,25,6,37,67,16,37,18,21,349,21,7,22,m
7,564,136,364,98,690,18,1426,298,336,69,2,221,678,395,16,3,19,911,15,47,94,138,42,61,681,54,221,777,132,9,6,177,177,99,66,23,608,349,29,47,2,35,37,4,31,40,274,1,813,54,185,2,374,58,3,209,63,2027,19,957,511,261,21,17,5,0,0,33,9,27,39,0,8,0,25,326,25,0,11,m
9,123,0,126,0,395,56,1298,215,482,81,6,92,574,89,166,16,35,938,34,74,165,168,29,18,419,29,94,448,62,13,17,11,33,20,17,9,469,188,5,29,3,12,28,10,28,26,82,27,914,64,45,25,328,87,14,202,80,2117,56,690,618,215,5,0,0,14,10,0,1,8,5,0,7,0,13,66,1,0,9,m
37,1455,160,2150,533,4228,253,12416,1225,3818,892,76,2964,4614,1252,99,29,232,7389,156,400,818,1175,148,482,4900,411,1887,3548,341,43,123,315,718,65,409,141,3454,2113,135,184,53,315,228,38,430,133,883,156,6322,383,686,123,2630,517,20,3039,724,16743,165,7363,2872,3929,164,203,64,2,2,89,40,75,123,13,37,6,118,722,67,4,62,m
12,24,22,173,116,557,40,2037,45,436,49,18,138,572,61,193,28,57,1030,40,0,0,389,0,16,548,40,0,182,83,21,19,4,73,30,8,10,132,92,0,10,0,35,0,0,85,0,46,31,1453,3,42,15,387,12,0,30,4,2475,60,745,851,480,69,11,8,0,0,0,0,0,0,0,0,0,0,41,0,0,0,m
16,368,0,123,0,968,59,2403,172,574,139,5,331,1210,1182,13,11,32,2407,78,5,10,125,3,108,833,106,94,685,248,48,5,50,140,105,45,44,669,278,9,92,6,21,127,515,118,71,331,7,881,77,274,8,398,83,12,340,68,4195,69,1202,1506,400,22,0,1,0,0,45,13,26,53,4,32,4,82,313,61,2,36,m
12,238,158,776,869,1264,74,2901,263,804,242,11,315,1608,494,71,22,57,2956,51,23,46,172,24,81,906,124,77,873,258,15,16,53,149,59,65,22,716,414,12,36,16,49,64,5,221,50,175,13,1703,113,173,16,530,207,98,547,127,4403,67,1309,1195,396,237,67,117,13,1,36,5,63,14,2,12,0,6,343,17,0,23,m
11,524,163,867,586,1815,352,5339,374,1419,365,179,954,2024,503,13,7,196,3504,56,110,220,312,49,362,1852,232,654,1239,280,11,120,82,133,195,110,30,1192,877,69,130,4,201,110,1,166,92,274,192,2046,148,227,137,981,166,27,1228,250,7162,109,2431,1590,1179,286,97,80,2,0,70,6,33,52,9,19,0,38,489,30,0,25,m
26,592,358,1011,1060,2029,101,4177,475,1158,229,17,423,2515,933,245,208,145,4005,49,24,47,442,13,61,1476,212,52,1141,709,39,23,63,240,98,111,39,1579,740,11,84,21,96,114,47,400,346,711,59,3231,127,375,50,994,171,106,553,262,6305,117,2019,2617,577,168,124,80,90,84,34,10,23,54,3,14,0,29,247,20,0,19,m
8,11,3,58,46,314,17,2666,71,562,55,2,98,554,74,446,5,9,1173,68,1,2,181,3,26,482,11,4,269,105,48,2,29,63,19,5,7,156,106,6,4,0,140,0,0,15,0,83,2,840,15,126,2,481,25,16,121,64,3154,58,702,793,249,6,6,3,5,3,0,0,0,6,0,0,0,0,52,0,0,0,m
1,15,35,190,325,182,30,388,17,175,19,2,52,184,95,17,4,17,261,49,0,0,49,0,20,204,42,0,41,27,2,10,0,8,18,0,1,66,27,3,17,0,8,7,0,24,2,27,19,593,5,37,21,185,14,0,6,0,657,18,256,165,99,59,13,16,1,0,3,1,0,0,0,0,0,0,21,1,0,0,m
42,1197,409,1698,1283,2251,78,5045,1123,1538,508,24,1077,3218,1165,68,16,72,2916,106,335,686,642,211,605,2502,455,1129,2493,379,26,35,376,480,362,155,90,2215,1238,44,130,22,389,195,23,244,182,1076,57,4518,407,679,63,1552,370,112,746,226,7961,165,3609,1416,557,199,149,44,0,0,130,40,101,145,11,29,1,89,808,53,4,48,m
29,422,32,332,264,1472,112,4279,468,1308,256,13,410,3223,30982,178,199,134,2648,34,50,117,406,52,155,1548,300,105,1239,364,35,17,65,285,55,122,42,1171,605,23,76,35,121,80,74,366,16110,620,26,2841,114,360,31,973,167,34,839,371,6382,96,2158,2373,512,33,94,3,92,38,17,3,34,60,2,26,3,35,380,50,0,28,m
44,1376,552,1586,1348,3408,166,6314,703,2825,716,22,1003,4337,2121,178,499,189,5639,60,61,123,699,19,216,2479,315,193,1978,844,67,41,110,331,188,190,62,2317,1082,51,147,151,218,217,712,483,547,1725,82,5582,265,1133,76,2001,393,129,1051,464,10155,215,3948,3445,1189,231,320,103,235,98,80,37,203,90,6,53,0,69,705,56,0,74,m
8,85,3,49,3,443,65,1475,244,574,88,10,136,697,479,5,13,46,1088,39,80,177,175,31,29,509,44,123,484,80,9,18,19,77,24,20,13,496,204,3,32,3,18,72,10,43,321,93,38,1047,65,51,36,387,89,230,232,97,2292,52,864,750,258,8,1,1,14,10,8,6,4,10,0,12,0,13,115,3,0,24,m
18,239,107,343,385,711,85,1446,160,714,160,12,213,990,167,127,51,49,726,16,34,69,125,8,67,519,65,92,579,42,27,15,41,112,74,25,17,386,245,17,18,49,84,0,38,71,0,393,37,1361,83,174,34,418,82,43,129,42,2242,55,895,735,281,185,54,48,88,37,0,37,103,58,1,6,0,0,106,4,0,1,m
15,151,132,378,316,494,36,2614,157,670,81,5,249,746,251,306,24,35,1707,25,24,48,232,5,11,902,41,79,400,84,33,14,10,67,24,12,4,319,144,2,8,1,50,16,0,47,15,70,105,1246,15,60,29,536,37,4,242,123,3157,39,1281,975,447,209,77,69,0,0,29,1,4,1,1,4,0,1,104,9,0,14,m
1,15,41,191,323,139,32,284,19,132,16,2,48,145,97,2,0,18,214,33,0,0,32,0,20,159,34,0,39,27,1,11,1,8,18,0,1,48,25,3,18,0,8,7,0,16,2,19,19,420,5,24,21,153,14,0,6,0,489,15,193,113,79,63,10,13,1,0,3,1,0,0,0,0,0,0,21,1,0,0,m
2,7,0,2,0,42,2,172,32,89,7,0,13,109,31,9,5,8,73,5,0,0,7,0,0,65,10,1,49,15,3,0,0,2,1,8,4,10,8,0,2,0,11,0,0,16,0,16,0,184,3,13,0,54,9,0,12,3,263,14,112,91,3,0,1,0,1,0,0,1,0,0,0,0,0,0,5,0,0,0,m
54,631,452,560,2497,2864,238,9406,725,2412,613,74,2265,3544,1256,214,95,140,4290,483,69,158,909,209,417,2562,282,573,3011,419,75,50,312,604,377,361,133,2349,1446,54,154,150,197,265,204,305,242,1397,84,5750,282,774,77,1909,374,67,2248,626,12158,93,3686,2377,1544,638,274,170,38,30,118,95,80,145,27,58,19,165,1114,34,10,124,m
44,1376,552,1586,1348,3408,166,6315,703,2826,716,22,1003,4337,2121,178,499,189,5639,60,61,123,699,19,216,2479,315,193,1978,844,67,41,110,331,188,190,62,2317,1082,51,147,151,218,217,712,483,547,1725,82,5582,265,1133,76,2001,393,129,1051,464,10156,216,3948,3446,1189,231,320,103,235,98,80,37,203,90,6,53,0,69,705,56,0,74,m
54,629,452,562,2497,2871,238,9406,725,2412,613,74,2265,3569,1265,219,106,140,4292,483,69,158,909,209,417,2562,282,573,3011,420,75,50,312,605,377,361,133,2349,1441,54,156,150,197,265,204,305,242,1399,84,5745,282,776,77,1909,374,68,2248,626,12168,93,3686,2374,1544,640,274,170,40,30,118,95,80,145,27,58,19,165,1114,34,10,124,m
5,3,9,39,98,254,40,1188,70,350,58,11,137,327,38,61,8,32,657,19,13,26,79,2,15,460,32,34,197,19,6,12,11,14,10,1,5,235,94,1,9,1,9,0,2,39,0,18,13,589,49,25,17,244,101,5,76,17,1342,28,659,433,166,54,19,16,1,1,0,1,0,0,0,0,0,0,14,0,0,0,m
10,242,141,473,837,548,60,1819,142,463,80,5,213,822,903,245,135,46,1027,7,15,32,93,5,55,570,77,42,353,64,5,19,26,52,63,24,24,326,165,20,34,54,135,48,90,267,283,245,15,901,35,155,16,343,50,5,198,81,1897,37,784,835,253,294,70,110,78,24,13,15,29,22,4,11,0,13,168,19,0,19,m
5,124,7,227,42,384,48,1801,197,482,58,2,250,609,107,45,12,30,1265,17,18,37,106,3,38,505,91,30,445,63,11,7,29,68,20,26,9,303,168,11,29,5,59,38,4,113,41,54,2,664,29,60,2,300,32,35,203,96,2200,25,783,708,263,23,12,12,2,1,12,1,9,5,0,5,0,17,121,7,0,15,m
16,145,133,407,364,512,36,2707,165,701,77,5,279,762,248,306,24,31,1759,30,24,48,234,5,7,955,45,79,390,92,33,11,9,63,22,12,4,297,153,0,10,1,62,21,0,53,19,68,97,1259,13,53,24,544,33,4,245,125,3276,42,1292,1057,444,213,83,76,0,0,33,1,4,1,1,8,0,10,107,9,0,17,m
69,826,853,707,3303,4021,332,12797,926,3683,1059,81,2972,4894,1695,211,169,203,6410,513,102,215,1356,216,498,3654,362,806,3845,468,92,65,383,671,449,524,177,3294,1892,121,218,171,246,261,223,365,231,1963,103,8256,531,1039,85,2538,575,99,3068,824,16648,159,5300,3618,2617,838,312,239,105,58,124,165,140,168,40,63,20,169,1437,57,22,126,m
39,8406,212,4715,1285,1626,397,5964,864,886,297,37,463,2938,2381,40,11,185,2809,114,90,194,351,4,651,2274,141,306,2215,3062,607,103,53,143,68,91,52,1497,1285,12,91,68,769,14,23,700,12,201,101,2858,56,134,61,804,117,54,1687,307,7539,44,2910,1305,711,499,146,151,4,0,12,12,53,46,7,16,593,9,792,29,4,12,m
11,152,21,184,103,531,58,1698,202,367,63,5,122,638,166,60,19,44,1074,29,43,91,106,15,31,641,52,76,416,133,11,8,36,68,47,17,14,384,180,5,43,11,28,0,20,63,20,141,27,1118,58,106,45,427,89,18,313,89,2321,17,865,845,246,34,11,10,4,5,20,3,4,4,3,0,0,14,77,0,0,0,m
18,375,47,282,117,992,36,2470,171,924,272,2,299,1444,604,441,26,35,1435,82,27,58,232,26,77,606,137,38,942,63,18,8,37,50,81,41,28,682,449,24,51,8,104,1,13,722,1,139,3,801,145,100,8,427,142,47,380,107,2410,97,1169,2124,424,46,29,47,1,1,1,1,9,7,1,5,0,10,136,8,1,4,m
14,62,65,107,167,533,7,1363,144,263,93,1,143,635,228,31,12,15,1128,13,5,10,95,8,33,510,49,57,474,104,15,7,56,124,58,52,36,314,183,12,21,22,140,15,22,76,8,284,5,721,45,168,2,269,43,64,485,97,2023,18,747,521,176,45,23,14,2,0,4,15,7,11,3,8,0,12,268,27,0,25,m
45,1267,431,1882,1387,2572,147,5951,1235,1752,539,28,1154,3700,1234,77,23,83,3498,118,336,688,730,211,621,2786,494,1141,2716,448,28,42,389,503,371,194,99,2396,1316,49,142,21,405,199,24,356,182,1113,60,4697,419,719,65,1649,401,124,958,294,9007,185,3982,1960,738,226,151,52,0,0,130,40,105,146,11,31,1,93,854,58,4,52,m
1,15,35,190,325,182,30,388,17,175,19,2,52,184,95,17,4,17,261,49,0,0,49,0,20,204,42,0,41,27,2,10,0,8,18,0,1,66,27,3,17,0,8,7,0,24,2,27,19,593,5,37,21,185,14,0,6,0,657,18,256,165,99,59,13,16,1,0,3,1,0,0,0,0,0,0,21,1,0,0,m
16,316,68,502,240,1140,85,2522,276,755,168,10,275,1579,509,53,149,95,2335,21,45,90,169,6,61,1019,77,95,778,173,28,30,61,106,86,34,19,979,390,12,56,11,74,12,33,129,102,412,58,2102,81,238,51,712,96,38,304,120,3631,58,1406,1880,302,32,60,19,55,65,4,6,11,33,1,5,0,9,111,17,0,10,m
12,291,381,400,602,492,55,1422,117,502,90,6,222,969,1187,256,134,85,712,10,15,32,93,5,137,523,135,42,459,70,8,32,37,95,114,41,48,264,163,22,44,124,69,140,290,254,333,411,18,1072,50,226,19,321,51,8,251,90,1679,35,831,785,310,102,50,29,78,24,48,43,70,33,7,24,1,51,325,38,3,48,m
14,234,96,306,151,639,61,2156,253,434,73,5,163,834,374,57,23,43,1287,51,50,105,161,16,52,793,81,109,544,171,18,8,57,101,47,37,18,504,242,13,54,17,40,36,21,163,61,166,27,1123,73,135,45,459,95,17,586,134,2772,25,1054,973,380,97,18,31,4,5,33,6,13,6,3,5,0,31,172,6,0,16,m
29,718,379,1093,1002,2208,109,4166,529,1155,259,11,494,2738,1107,74,221,172,4414,38,24,48,426,17,137,1610,215,63,1371,725,42,25,63,251,109,141,36,1710,833,15,77,27,117,175,58,399,447,622,61,3316,124,325,53,1017,182,112,643,289,6733,89,2225,2472,601,161,145,65,80,74,56,21,44,51,3,35,0,35,319,41,0,42,m
37,1426,185,694,772,6277,256,6048,690,1924,1347,20,862,5999,19241,12418,886,103,2912,265,1,2,878,365,185,2714,361,46,3261,928,56,36,362,715,282,98,140,3645,1860,109,302,201,378,61,13231,271,3087,3302,61,12592,360,1895,35,2267,620,67,677,134,15038,206,3780,3331,1490,292,104,28,890,472,49,21,90,309,105,85,1,118,831,101,1,38,b
37,1426,185,694,772,6277,256,6048,690,1924,1347,20,862,5999,19241,12418,886,103,2912,265,1,2,878,365,185,2714,361,46,3261,928,56,36,362,715,282,98,140,3645,1860,109,302,201,378,61,13231,271,3087,3302,61,12592,360,1895,35,2267,620,67,677,134,15038,206,3780,3331,1490,292,104,28,890,472,49,21,90,309,105,85,1,118,831,101,1,38,b
165,2019,915,1658,2440,7377,783,19104,2487,6402,1862,139,4268,9974,4022,710,301,277,9956,125,272,582,2461,306,499,5349,725,2128,5847,1742,223,147,319,406,97,550,85,4843,1784,97,315,226,678,271,207,1386,266,24280,483,44586,480,12538,373,3801,532,569,3412,1385,28211,299,7889,11929,5702,1215,310,228,393,27,268,20,23,365,4552,1523,5311,351,664,135,2975,208,b
295,3010,992,2368,1966,13007,884,27476,3438,11080,3603,196,6311,16228,4490,384,551,525,14814,382,563,1179,3485,510,757,8859,1238,2718,10000,1650,627,239,730,1074,316,1051,190,9073,3847,171,505,199,435,362,278,2181,366,26027,643,55890,1495,13521,446,6928,1507,1151,6129,2293,42884,483,13487,18071,7325,525,313,228,413,170,335,146,190,740,4589,1595,5314,416,1482,179,2989,267,b
7,166,283,263,1551,1502,117,4716,492,1198,232,24,452,1660,976,17,41,76,3366,47,173,380,594,44,75,1308,128,299,1086,290,18,39,58,149,52,81,16,1286,503,16,77,18,53,289,20,194,283,22451,36,35778,185,11222,44,787,195,139,636,171,6397,76,1985,1450,687,335,91,159,31,12,280,15,6,29,4546,1523,5310,331,174,4,2975,215,b
553,8873,3530,5500,14720,26816,2967,62133,5529,22774,7254,541,12914,35816,17968,2718,1111,1283,35150,632,736,1576,7429,892,2311,19384,6060,4657,20458,5081,1032,716,1831,3157,806,2882,767,19031,8047,513,1261,1487,2230,580,3716,13677,529,32986,2903,79191,2546,17992,1066,14320,2782,3995,7711,3132,89551,1680,31282,32564,13364,3775,1088,1199,1053,365,426,551,580,1303,4688,1679,5638,571,6562,525,2996,450,b
51,983,612,2588,1982,4618,283,13953,1133,4178,714,78,2836,5233,1971,549,56,261,9004,267,315,647,1923,128,401,4957,481,1313,3658,638,69,124,303,799,386,130,160,3316,2029,86,337,55,287,191,41,546,486,892,150,7801,275,695,123,3117,405,40,2816,657,19576,263,7296,3693,3904,754,299,143,12,2,79,77,94,84,12,26,6,99,746,87,4,55,b
447,8589,715,6303,2371,28272,2165,63606,6256,24581,7822,570,14724,32007,7939,2563,1074,1391,0,1506,911,1936,8335,1325,1968,20083,3127,6248,21860,2463,484,897,1796,2966,789,2498,516,19655,9480,552,1181,653,1460,674,981,4727,561,31028,1354,78504,3151,16019,792,14239,2854,1544,10217,3760,89649,1725,33329,31372,17326,679,1075,294,1053,386,462,344,589,1853,4765,1763,5356,649,4443,443,3013,484,b
265,2896,1378,2338,2519,12553,843,27668,3226,11718,3814,237,6952,15887,4378,781,586,406,12604,598,487,1026,3948,609,774,9194,1062,3033,9829,1330,326,214,677,1045,319,1113,169,7832,3456,191,478,208,551,330,307,1727,315,26498,515,52368,1246,13715,340,6544,1331,585,4541,1970,42666,586,14776,16091,8072,664,375,210,569,292,276,191,216,528,4615,1564,5325,381,1527,172,2993,264,b
529,6947,6336,6841,19518,37968,4093,87672,7108,31420,10508,980,18673,45144,15354,3076,1405,2175,36023,1935,1708,3758,11111,2059,3270,27688,4534,7969,27964,4000,627,1373,2656,4531,1265,3727,1126,28112,14165,1129,2263,1255,2425,1499,1031,7288,943,36549,1760,98735,4205,19247,1158,19070,4074,2113,14706,5427,123174,2650,43226,33060,22185,4411,1907,1203,992,392,727,981,1124,1911,4804,1870,5403,896,8571,613,3088,725,b
272,4275,203,3207,1133,14126,1142,33001,4187,13283,3963,283,7800,18375,6257,341,422,553,20480,497,656,1381,4496,595,1183,11374,1502,3322,11895,1814,330,305,832,1308,440,1274,228,10198,4651,203,517,396,756,440,332,3400,629,26855,685,58341,1593,13961,495,8000,1519,716,7172,2998,51515,709,17394,19647,9307,407,374,153,489,205,314,81,157,920,4612,1645,5333,428,2107,367,2990,376,b
368,4029,1571,4069,4475,16809,1422,35127,3983,14585,4814,355,9897,22058,6113,263,470,605,17401,293,676,1503,4995,769,986,11070,1718,4056,13443,2074,456,417,980,1078,366,1376,160,10963,4417,203,532,218,564,311,220,3371,307,26802,1186,57495,1579,13898,637,8129,1378,423,5163,2165,53437,673,17401,22946,10715,847,723,339,364,192,314,169,191,788,4631,1578,5327,418,1601,292,2997,278,b
1,12,133,79,1018,701,41,1924,155,395,68,9,124,700,182,5,14,34,1699,6,14,29,117,0,22,567,54,47,425,157,4,17,24,65,21,31,10,578,142,9,40,5,14,2,0,85,0,90,14,790,31,66,15,267,52,122,262,20,2771,30,815,324,349,195,62,90,4,0,0,4,1,2,0,0,0,1,48,1,0,0,b
7,81,53,86,464,498,41,1854,159,627,99,7,148,771,251,148,48,32,1402,41,49,119,159,31,26,620,61,69,405,106,6,12,21,43,25,25,10,504,234,0,29,0,26,33,2,87,26,226,23,1121,77,172,22,376,76,23,231,87,2513,45,892,926,348,100,65,87,38,47,0,1,2,3,3,8,0,15,82,7,0,10,b
527,7577,763,5431,2685,25883,1601,55846,5977,23569,6999,350,12873,29980,6522,1944,1063,983,0,1196,963,2143,7633,1134,1652,17663,2765,4880,20299,2493,560,563,1403,2354,772,2167,430,18951,8504,514,1011,758,1335,365,1027,4245,318,30808,1024,76986,2833,15870,699,12963,2722,1716,9656,4055,81982,1670,29722,30953,15147,596,963,228,844,391,339,275,496,1743,4668,1672,5347,494,3361,396,3014,350,b
239,2808,1322,2161,2598,12266,843,24822,3229,10576,3562,214,6401,15177,4882,220,493,413,14530,239,467,1010,3429,475,950,8469,1074,2731,9642,1639,301,237,619,858,255,1127,149,8491,3733,203,448,208,532,327,211,2015,301,25667,552,52682,1238,13184,369,5907,1202,413,4357,2116,39635,696,12955,15859,8047,706,323,280,263,187,282,390,260,661,4597,1589,5317,381,1442,326,2991,284,b
3,190,121,356,477,532,88,1198,112,327,54,12,168,616,178,14,71,56,1054,4,14,28,81,18,36,415,61,26,335,95,4,13,17,37,22,24,11,545,153,12,31,29,24,1,22,46,1,116,70,600,28,64,12,256,39,14,187,105,1741,30,525,682,81,91,45,36,28,15,1,8,6,6,0,3,0,1,50,19,0,0,b
21,284,413,245,815,1737,111,4241,419,1855,585,21,786,2004,355,56,132,73,2724,40,152,342,617,51,87,1480,115,300,1280,201,30,40,107,136,89,180,35,1478,711,72,97,30,84,43,27,114,47,755,40,3305,397,347,30,911,388,68,893,317,6467,113,2198,2028,799,200,50,69,103,58,16,66,65,31,16,26,0,32,408,20,12,25,b
132,1258,498,1142,1255,5358,286,11661,1484,5052,1760,76,3166,7074,2050,162,180,129,5423,97,154,331,1612,183,167,3494,322,1597,4185,675,161,71,285,255,122,391,59,3562,1231,100,122,45,111,270,36,322,265,23892,256,41656,563,12139,142,2744,577,139,1303,576,19679,235,5283,7794,3694,237,186,101,156,64,264,68,90,123,4566,1537,5310,348,460,16,2987,209,b
425,4541,1314,5029,3210,18303,1369,41503,4824,16763,4994,344,11638,25225,6734,322,469,667,20877,400,794,1780,5775,831,1134,13447,2096,4546,15389,2287,530,429,1189,1264,316,1525,188,12121,5051,240,600,306,713,408,362,3884,595,27027,1166,60742,1694,14187,665,9854,1592,449,7166,2825,60210,831,20809,27170,13006,697,833,248,361,173,334,168,186,739,4603,1577,5329,488,1763,264,2997,345,b
450,7753,677,4179,2261,24815,3059,47665,4383,17951,7121,831,12105,27494,10064,3791,1012,1198,21515,953,877,1896,5936,1174,1548,17755,3181,5257,18740,2049,518,933,1788,2469,819,2265,533,14760,8349,641,969,514,981,485,1469,5592,599,30596,1265,67013,2599,15616,752,10319,2261,793,8550,4280,67122,1454,27799,29215,12621,610,678,272,889,360,386,360,536,1371,4575,1680,5342,578,3747,186,3065,488,b
110,1232,1649,861,2782,7326,286,11909,678,6596,2625,97,3199,7799,1582,362,539,164,4297,249,104,240,2080,250,283,3886,509,721,4585,448,132,75,467,833,348,584,126,4851,2149,186,316,162,234,58,262,442,45,3311,131,12124,1100,1766,100,3369,1168,604,1877,740,19773,477,7142,5757,2584,637,249,226,435,239,5,323,355,334,77,76,12,45,1070,42,22,60,b
440,4870,5711,4557,13399,32507,2650,68178,5651,26905,7941,507,11282,37353,9194,4034,2501,1786,32257,1357,1004,2111,7911,862,1857,22021,5131,3563,21474,3357,686,849,1580,3635,980,2559,862,21373,10638,646,1516,1008,1653,467,889,4336,336,13877,1349,59090,3026,7931,1106,16799,3433,1155,12125,4191,100014,1543,34928,37426,15671,3235,995,1340,3154,790,260,769,1118,1180,110,362,34,313,4727,406,29,221,b
105,2738,908,1604,3114,10051,646,29959,1690,9420,2284,164,5467,11782,5874,356,416,360,15560,426,348,734,3675,491,682,10304,1935,2045,6900,1102,142,172,652,1287,303,1333,300,7228,3602,281,560,626,630,243,559,4061,147,2874,272,17653,918,1431,242,6250,938,1441,5681,2002,39561,551,14897,10876,6195,1367,723,323,467,155,71,302,285,537,57,91,31,116,2706,208,21,146,b
162,1401,169,831,933,5154,342,7956,612,3109,1265,70,1789,5588,1635,316,235,150,3742,81,139,308,1002,160,122,2680,463,793,3590,448,224,72,384,332,92,468,46,2242,960,53,124,50,118,269,45,492,265,24134,226,39343,502,12237,155,2071,489,60,942,633,10651,164,3984,7734,2119,201,182,55,233,110,264,36,125,162,4776,1530,5310,339,361,21,2979,199,b
241,2852,1108,1622,2727,11707,633,25802,2192,7953,3731,255,11516,13580,4638,360,295,280,8680,554,286,597,4486,708,805,6847,791,2653,9439,1405,296,182,867,2102,911,1253,431,7033,3696,250,525,387,354,438,455,1417,716,6621,400,17154,962,3671,289,6459,1030,176,5273,1660,35918,1310,11579,11300,7217,598,389,257,212,129,252,518,367,801,79,112,43,474,3078,483,27,314,b
101,490,1639,757,4244,5350,334,15421,1020,5073,1224,48,2261,7612,3421,1614,189,236,7942,292,239,504,2078,150,246,4184,550,698,4284,992,186,102,251,658,267,292,125,4530,2183,91,213,411,218,174,331,1132,460,1830,109,12475,632,1291,106,3509,695,178,1840,534,21018,427,6591,6934,2563,1658,315,961,175,95,66,211,120,263,18,40,1,115,768,309,13,63,b
0,0,0,2,0,1,0,3,1,2,0,0,0,4,0,0,0,0,7,1,0,0,1,0,0,0,2,0,2,0,0,0,0,0,0,0,0,1,0,0,0,0,0,0,0,2,0,0,0,0,0,0,0,0,0,0,0,0,4,0,1,3,0,0,0,0,0,0,0,0,0,0,0,0,0,0,0,0,0,0,b
449,7239,3368,6475,12672,36969,3166,99581,8521,33068,11501,919,28246,43272,10136,2385,985,1904,0,3218,1927,4121,13084,1875,2647,30164,5220,7859,29471,3397,606,1306,2086,3921,835,2945,569,26441,14511,716,1397,856,1668,559,1219,8577,431,31955,1970,99236,3074,16467,1178,20975,2861,2392,23311,8054,113530,2492,49580,44701,31716,2896,1760,1070,725,345,438,1132,712,1597,4767,1703,5398,635,5244,952,3033,425,b
19,534,35,1160,338,1577,148,6257,849,1562,451,27,868,2133,353,250,63,82,3257,130,76,152,473,21,156,1699,288,407,1498,275,33,56,68,130,17,104,22,1375,534,16,127,28,81,53,80,369,32,232,87,2784,150,232,81,1181,275,124,912,223,7964,177,2505,1959,1430,88,75,24,32,15,7,0,4,18,12,9,0,13,174,13,0,15,b
251,7467,2297,3376,3842,13590,1223,28410,2770,10381,2887,216,5859,19336,4883,819,364,598,12235,132,353,769,3276,443,1007,7806,2342,2758,13361,2471,335,192,762,1868,836,5658,852,6759,2539,189,432,8599,6464,396,5438,2622,422,37203,537,62734,1844,15249,352,6365,1102,711,5397,1479,39698,404,12094,24467,6958,619,854,320,328,86,341,3136,467,5830,4581,1569,5315,440,17443,4337,2988,312,b
7,168,14,165,89,868,101,1927,226,669,105,8,206,1221,497,112,103,59,1589,29,43,87,229,47,46,790,88,94,546,121,12,20,32,75,17,42,12,932,293,14,55,37,27,26,53,84,264,239,47,1496,97,123,34,502,105,18,276,131,3152,91,1122,1139,303,9,21,18,35,55,8,1,17,11,1,9,0,1,89,3,0,9,b
3,60,0,45,0,235,23,868,89,313,52,5,77,306,48,92,18,11,577,12,43,103,102,28,22,304,15,52,242,42,8,7,13,32,18,10,2,237,121,0,20,0,15,28,0,20,26,31,8,420,35,16,11,161,40,4,121,50,1286,28,469,404,124,4,5,0,9,9,0,0,3,5,0,7,0,14,59,1,0,9,b
170,1976,876,1495,1607,7613,482,15450,1945,6682,2376,130,4369,9575,3103,155,246,228,7712,109,290,619,2222,314,515,4995,606,1968,5963,974,231,137,391,464,162,672,82,4898,1919,115,272,112,239,272,112,990,267,24387,389,44436,766,12449,236,3630,717,138,2385,1209,24774,318,7735,10465,5148,379,226,145,197,120,266,123,148,379,4585,1544,5311,357,785,113,2989,214,b
2,0,0,3,0,59,3,84,3,98,20,2,10,49,24,33,9,4,66,7,0,0,15,0,0,37,0,0,27,1,5,0,1,1,3,4,3,38,13,0,0,0,0,0,0,0,0,37,2,215,17,26,3,58,21,1,0,0,204,15,75,84,25,0,0,0,1,0,0,0,0,0,0,0,0,0,3,0,0,0,b
4,6,11,10,26,123,7,403,18,85,22,0,13,108,16,80,5,6,304,4,1,2,20,0,10,89,5,2,66,14,3,4,4,7,1,8,2,92,101,0,2,3,11,0,0,3,0,13,2,41,1,6,3,17,1,26,18,7,443,5,146,251,24,3,4,5,0,0,0,1,4,0,0,0,0,0,13,1,0,0,b
355,4046,1588,3877,3559,15906,1189,32146,3547,14149,4850,321,9737,21313,5722,302,489,487,14792,207,562,1261,5032,756,865,9696,1555,3671,12771,1936,441,349,954,1007,334,1331,150,10423,4180,244,510,189,508,279,172,3026,278,26815,1041,56654,1630,13921,569,7668,1389,498,4604,2008,50054,806,15529,22199,10414,779,613,287,305,174,289,249,277,800,4601,1582,5327,378,1406,277,2996,259,b
472,8585,3397,5524,12910,25293,2905,59689,5246,22042,6760,507,12772,33074,16157,2760,1072,977,32312,736,714,1520,7534,930,2169,18141,5732,4267,18806,4774,865,527,1607,2699,705,2563,516,18220,7756,478,1172,1190,2188,495,3496,12950,462,31124,2869,76315,2377,16601,1032,13520,2597,3998,7498,3096,85119,1700,28904,32569,13106,3429,1023,1048,1051,368,392,488,527,1199,4649,1662,5639,499,5509,495,2994,424,b
196,2461,165,2242,1091,8346,735,19852,2755,7632,2242,179,5547,11956,3465,137,98,269,9994,239,326,710,2786,531,572,6197,824,2723,7366,1325,278,157,494,515,78,649,44,5501,2047,59,229,76,303,271,106,1644,266,24137,470,45040,539,12415,290,4411,496,83,2790,1363,30350,311,9453,13672,6906,286,301,94,45,20,268,19,25,437,4554,1525,5320,349,645,141,2975,211,b
136,2809,437,1674,1364,7984,458,15824,1693,6544,2166,99,3653,9541,2589,199,270,322,7611,170,414,947,2391,392,396,4935,750,1406,6397,716,142,185,524,703,242,734,139,6111,2704,182,352,198,347,277,201,1405,276,25133,381,47024,1187,12472,246,3832,1040,551,2190,1265,23489,516,8176,9186,4596,313,283,74,241,138,295,98,228,664,4606,1585,5327,365,960,102,2990,284,b
227,2717,932,2327,1897,10236,744,21413,2780,9402,3157,189,6188,13700,3811,164,321,308,10825,150,364,801,3146,474,645,6699,911,2778,8325,1377,316,178,545,608,205,859,100,6595,2518,158,346,126,345,272,129,1652,267,25211,501,47859,964,12918,314,4947,874,188,2985,1483,34401,442,10448,14863,7329,483,326,158,259,141,267,133,164,467,4592,1546,5316,369,970,150,2992,250,b
285,3229,1700,2769,3891,12598,1024,27224,3092,10680,3593,251,7386,16841,4721,376,461,424,14708,147,427,944,3784,580,756,8281,1239,3103,9909,1737,358,282,765,798,245,1001,134,8072,3115,153,438,181,398,281,148,2305,268,25907,809,50658,1300,13310,454,5952,1146,232,3703,1739,41329,491,12766,18898,8698,1028,576,354,400,175,268,173,205,566,4588,1556,5322,375,1093,203,2992,224,b
44,416,1358,290,1907,2797,157,4856,397,2454,905,24,978,2893,1267,173,325,109,2436,47,166,369,1004,87,146,1559,166,394,1710,313,54,48,184,310,159,248,72,2037,872,88,156,78,82,290,57,154,284,23540,60,38068,569,11693,55,1183,564,100,720,288,8348,164,2663,2146,883,471,76,128,347,151,280,147,169,70,4579,1544,5310,346,513,21,2989,221,b
66,1012,2830,643,5346,6650,283,9073,583,4592,1833,69,1928,7609,2357,1049,980,129,4482,98,87,193,1728,118,346,3544,662,427,3728,920,64,49,289,767,377,485,169,4358,1666,174,308,521,526,64,361,552,42,3951,94,11281,855,1688,69,2689,838,1237,2322,568,16399,216,5413,5784,1600,987,344,416,1430,471,22,307,334,247,54,51,4,136,1288,55,17,90,b
88,1294,2653,1089,5423,9113,436,15685,1190,6934,2137,108,3575,10344,3382,1092,946,230,7776,423,249,523,2412,335,526,5889,951,1031,5527,1110,88,123,469,1085,532,477,331,5907,2875,225,411,543,629,75,965,995,67,4173,159,16139,1064,1878,136,4752,1094,1507,3544,951,24403,344,9332,8587,3319,1086,423,446,1479,461,37,324,366,311,58,52,17,159,1710,75,15,100,b
471,6543,444,4527,1721,23849,1603,58936,6323,25323,7134,379,16622,28488,5846,1826,870,965,0,1246,1168,2545,8706,1269,1490,18131,2495,4771,20763,2255,625,532,1342,3151,712,1977,440,17474,8831,464,954,549,956,487,828,3597,406,31394,1033,79562,3004,16688,815,15033,2909,827,10517,3857,84195,1583,31568,29713,14322,493,606,168,819,415,368,343,445,1416,4657,1679,5352,536,3158,254,3013,380,b
294,2713,285,1587,1558,9702,687,17276,1693,5644,2310,157,4631,11342,3267,137,223,310,8146,130,377,852,2048,433,501,5364,1059,1817,7300,1010,318,196,674,548,119,912,81,5027,2196,120,291,129,310,278,113,1823,277,24929,641,44614,907,12630,337,3879,773,149,2678,1444,23154,356,7867,14987,5087,256,305,108,201,97,304,67,103,565,4587,1552,5324,366,827,171,2985,251,b
8,166,2,128,50,419,56,1256,127,335,72,12,91,557,107,131,33,46,945,20,59,134,201,27,27,378,38,78,346,115,16,19,15,48,21,19,11,372,167,1,27,11,32,32,3,67,30,113,50,957,58,84,49,293,70,8,142,57,1825,36,579,619,283,16,1,5,13,10,4,0,12,10,0,11,0,19,88,8,0,11,b
18,249,140,234,201,904,246,3041,366,984,179,31,363,1462,1174,34,49,80,1898,61,144,317,398,39,89,941,118,247,823,162,23,38,75,130,58,56,15,758,399,20,71,77,64,160,33,211,673,195,68,1582,128,130,72,557,156,41,789,228,3822,45,1504,1345,627,194,36,89,25,14,41,20,15,19,2,29,0,35,353,14,0,62,b
30,838,55,232,162,2093,167,4495,143,1440,281,26,275,2195,458,748,285,123,2991,36,10,22,940,48,59,1459,194,90,1199,387,27,54,140,265,79,232,64,1810,703,92,139,52,102,53,193,180,38,1088,76,4507,410,590,59,1177,472,342,855,343,9178,222,2255,1498,652,76,22,5,227,85,4,44,72,123,17,23,0,10,481,46,2,16,b
4,98,36,151,97,486,56,1704,190,546,100,7,199,733,207,64,32,48,1010,29,103,231,237,32,47,534,55,130,427,90,7,32,24,81,38,24,17,436,258,12,43,10,45,36,23,88,42,119,12,986,81,55,15,343,105,108,279,122,2227,30,810,722,241,21,25,10,16,12,12,6,6,5,1,13,0,19,132,3,0,15,b
25,745,25,976,126,2325,149,5746,701,2029,610,25,1063,2626,343,79,88,73,3148,221,90,188,677,90,233,2187,300,705,1671,312,37,35,133,173,98,223,30,2045,1040,62,102,38,196,4,89,364,1,625,57,3896,449,310,21,1216,501,127,1299,447,7928,229,3314,2137,1643,84,118,6,76,34,3,26,35,54,11,13,0,11,429,8,6,5,b
464,1074,2178,6253,7650,18778,1353,44096,3990,15658,7911,417,13566,34144,7683,1639,848,1048,21354,646,618,1423,6053,772,1060,11899,1836,4043,13865,1714,322,563,1904,1600,517,1544,299,12124,5366,305,658,263,1024,466,277,3501,402,27865,972,62962,2075,14295,593,9148,1760,874,5837,2531,63079,1674,18515,24449,11286,2381,718,524,367,201,345,564,342,677,4650,1627,5349,488,2179,251,3000,343,b
430,7151,741,5828,3259,24915,1786,58428,5344,22358,6647,444,12919,27071,7293,2579,883,1336,33072,975,1293,2794,7546,1104,1583,19339,2163,5206,19383,2569,528,746,1316,2993,634,2104,562,18409,8979,553,1128,563,1177,514,450,3483,416,30545,1167,77252,2893,16106,825,14048,2890,960,8590,3101,83363,1656,31153,28657,16672,759,834,587,758,341,392,234,419,1399,4691,1730,5351,621,3437,315,3013,436,b
267,2765,1365,2348,2802,13540,928,28877,3322,12194,3900,213,6463,15809,4518,350,771,644,15516,525,720,1606,3999,719,984,9783,1244,2462,10808,1318,541,285,829,1310,473,1257,240,9621,4756,257,579,371,709,328,341,2242,323,27223,622,59556,1792,13745,407,7241,1705,1302,6039,2277,43063,676,15417,17125,7194,667,481,178,581,257,342,191,301,890,4623,1598,5341,468,2026,230,2999,331,b
25,375,197,532,1409,2603,273,7385,884,2352,522,73,1142,3030,1242,70,59,178,4356,90,332,722,820,114,165,2548,257,833,2018,366,25,117,178,291,158,123,40,2338,1069,24,114,22,91,339,15,330,316,22905,146,38591,311,11447,141,1691,292,130,800,282,9815,106,3880,2917,1230,217,139,111,34,16,301,24,16,60,4585,1539,5310,383,445,29,2978,232,b
74,572,1295,605,1965,4618,207,9135,758,4695,1640,69,2195,5288,1158,138,443,179,4396,165,128,276,1329,97,266,3122,389,464,3227,308,101,60,244,436,317,375,98,3183,1439,133,237,198,222,83,150,375,46,2097,118,8504,638,1168,82,2492,666,200,1701,648,14031,233,5070,4802,2083,388,156,174,329,181,28,153,163,111,43,36,11,110,797,33,17,50,b
44,452,394,520,1077,3626,302,7579,896,3871,1160,76,1407,5089,1125,90,115,355,4477,311,204,443,840,119,194,2591,640,728,3009,287,65,238,233,393,128,218,73,2399,1802,38,109,148,153,56,106,896,29,924,575,5842,403,506,211,1802,402,307,1052,357,10814,213,4813,3949,1559,382,208,151,113,52,12,56,47,67,13,14,1,11,384,62,1,16,b
25,784,250,290,1660,2122,275,6611,446,2392,524,39,1109,3774,1597,323,523,134,2934,106,47,93,797,94,131,2176,420,222,1800,462,27,59,135,608,105,445,90,1384,483,55,184,694,177,78,566,588,63,1895,79,4718,148,904,71,2247,193,814,1186,464,9141,174,3200,2950,1107,84,102,71,93,53,54,147,85,225,122,91,0,92,950,74,2,61,b
91,2355,356,883,873,6835,428,11898,1027,4906,1804,78,2589,7245,2333,240,242,233,7054,171,211,469,1697,212,238,3529,556,861,4890,515,117,147,441,674,229,532,141,5154,2265,162,331,128,273,62,178,1857,181,2523,240,10330,884,1146,187,2665,762,510,1633,787,19538,499,5978,6265,2703,199,142,53,253,126,26,87,219,449,55,75,7,40,783,36,9,59,b
9,576,109,527,233,1080,97,2202,400,960,351,26,304,1981,337,29,64,64,1355,97,51,119,244,34,39,749,225,83,1097,117,23,39,128,220,32,75,13,863,406,37,44,43,75,35,77,320,32,395,64,2004,232,333,52,686,300,44,718,188,3274,104,1393,1163,420,91,40,28,30,13,3,11,13,16,11,17,0,19,136,7,2,9,b
292,6714,2182,3551,9431,17993,2714,44739,3217,14680,6011,550,12452,22503,16407,1866,752,960,25955,662,503,1050,5658,848,2089,13239,4907,2928,12861,3371,621,613,1067,2198,530,2014,417,12425,5875,496,1009,1158,1893,302,3361,15343,224,6726,2728,29413,1530,4066,856,9156,1741,3595,5830,2070,56288,1619,21805,21843,10356,2307,609,886,865,263,139,371,386,802,80,109,363,162,5255,334,24,157,b
104,2732,907,1599,3096,10059,643,29863,1686,9398,2284,163,5470,11778,5872,356,417,360,15586,426,346,730,3656,491,682,10319,1931,2043,6907,1125,142,172,652,1283,303,1333,299,7253,3595,281,558,626,630,243,559,4050,147,2873,272,17616,916,1431,242,6238,936,1455,5678,2002,39500,551,14907,10842,6170,1352,716,319,467,155,71,302,285,538,57,91,31,116,2706,208,21,146,b
1,11,105,73,887,677,39,1827,151,376,70,8,119,684,171,5,12,35,1701,6,15,31,112,0,20,558,54,46,407,154,4,16,22,64,20,31,10,537,141,9,40,5,14,2,0,85,0,88,16,757,31,68,17,284,59,116,264,19,2817,30,792,300,239,146,38,73,3,0,0,0,1,1,0,0,0,1,46,1,0,0,b
88,1497,207,400,812,4358,161,5074,324,3624,1507,56,1445,3894,1009,173,541,86,2564,46,57,131,1110,78,187,1824,332,309,2712,437,131,28,230,430,297,327,123,2534,1091,126,222,105,154,31,117,382,263,2365,106,6650,627,1167,62,1567,590,677,879,297,10337,219,3507,3154,1532,204,67,37,574,229,8,60,132,158,49,39,4,36,699,34,17,51,b
211,2762,646,2176,1914,10394,826,24175,2851,10116,3147,202,6341,14143,4052,230,344,389,12300,317,357,767,3173,448,710,8076,1154,2614,8326,1293,271,208,584,806,219,909,146,7010,2849,140,409,156,433,353,225,1679,330,25621,634,50712,1139,13193,367,6004,1280,235,3885,1829,37187,504,12642,15058,6992,451,331,165,260,128,284,126,145,492,4593,1556,5318,385,1234,160,2989,232,b
72,2013,163,628,582,6031,287,7921,1103,3852,1304,47,1772,5983,1589,451,532,167,3822,102,345,739,1601,296,282,3553,550,769,3819,669,97,88,360,785,352,299,131,4067,1956,156,268,168,302,47,394,989,33,3468,148,10770,860,1477,133,2696,929,257,1824,775,14884,446,5784,4003,2727,140,55,37,473,174,4,53,183,486,51,72,2,60,848,142,11,34,b
339,4052,3903,3829,19653,20010,4605,53664,3418,13770,4184,879,10395,24541,10299,2332,780,1171,34307,415,432,946,5076,727,1574,14022,4360,3618,14186,3960,498,714,1409,2796,621,1210,383,9599,5549,287,509,279,1259,301,294,6625,280,26525,1738,67748,1033,13301,862,9858,1123,248,4468,2080,73840,777,19538,31421,12077,6228,1323,2118,251,31,277,119,123,733,4569,1548,5323,367,2351,263,3034,254,b
394,4187,3519,3930,12133,24247,1477,60271,4845,17882,6178,483,17423,26791,9511,1489,567,1055,27907,849,891,1887,8001,1297,1825,17132,1969,5829,18627,3140,519,662,1574,2964,1399,2099,705,18770,9595,550,1157,581,1057,813,893,2595,1121,31469,1111,74651,2455,16526,795,13725,2540,701,8659,3145,79191,2242,25835,25935,16010,3655,1425,1318,514,259,688,571,613,1101,4658,1698,5439,923,5036,270,3002,551,b
19,33,37,46,165,496,16,2201,130,747,195,8,96,898,152,442,10,3,765,32,1,2,265,3,11,817,40,64,357,29,26,0,2,88,20,10,10,211,145,0,17,4,44,1,0,95,0,186,0,1411,48,133,0,519,57,2,588,96,3725,61,1159,391,346,59,13,5,0,0,0,6,9,8,0,0,0,1,28,10,0,0,b
192,3116,247,2077,1380,10636,674,23480,1859,8620,2836,158,5888,12707,3706,1079,275,293,11644,496,328,726,2898,417,377,6986,1004,2049,7876,1184,287,152,716,776,160,884,116,6112,2342,133,232,143,422,348,136,1859,344,25019,483,46279,934,12805,276,4779,861,269,2979,1687,34873,550,10690,15224,5977,343,332,151,325,119,301,67,139,317,4591,1577,5329,367,1086,64,2988,278,b
441,4744,2863,4951,6207,21062,1655,43731,5008,18176,6103,455,12278,28455,7648,499,596,779,20518,330,1029,2258,6555,973,1161,13601,2204,5152,16411,2436,550,501,1382,1707,497,1704,261,13731,5833,372,761,317,882,386,293,4314,351,28624,1345,65739,2210,15083,844,10468,2151,627,5875,2565,67695,1262,21435,26145,13487,1458,928,431,539,175,339,402,422,820,4626,1628,5330,437,2288,277,3001,323,b
194,2460,155,2244,1151,8346,735,19852,2755,7632,2242,179,5547,11934,3478,138,98,270,9982,239,326,710,2786,531,572,6197,824,2723,7373,1322,278,157,494,515,78,649,44,5501,2047,59,229,76,303,271,107,1632,266,24137,470,45040,539,12415,290,4411,496,83,2790,1363,30333,311,9452,13671,6905,303,302,95,45,20,268,19,25,437,4554,1525,5320,349,645,141,2975,211,b
166,2861,212,1577,1155,8467,374,17447,2058,7155,2066,100,3674,10354,3283,761,316,322,9081,316,358,771,2502,451,408,6267,729,2486,6583,1064,200,181,575,770,374,545,152,6751,3464,198,292,103,296,324,143,1157,683,25034,290,48352,1072,12628,228,4276,1081,490,2348,1069,29086,871,9558,8924,5324,244,216,61,293,150,215,79,181,339,4520,1588,5342,431,1057,40,2985,259,b
447,4171,1483,3910,4544,16254,1122,32830,3611,13963,4827,289,9614,23186,6997,467,425,747,16109,216,546,1223,4811,786,960,10537,1906,3824,13675,2132,591,513,1079,1381,332,1570,386,10533,4360,255,547,477,559,335,407,3884,317,28151,1013,57829,1672,14989,560,8276,1530,419,4778,2096,50662,824,17063,21715,10349,819,672,269,272,154,307,292,319,877,4607,1583,5326,422,2255,291,2994,269,b
220,2681,944,2278,2195,9869,734,20851,2762,8777,2810,175,5840,13504,3871,239,315,281,10620,133,345,753,3027,451,603,6507,911,2699,7897,1476,302,166,517,609,212,810,107,6285,2334,125,309,146,334,271,143,1692,266,25072,484,47371,868,12788,308,4824,808,154,3030,1505,33588,428,9948,14610,7011,603,315,196,253,126,267,130,145,465,4585,1548,5313,366,901,147,2988,216,b
291,5325,430,3461,1476,17732,753,37811,4072,13384,5462,250,10539,21556,5651,392,1520,551,16406,1137,693,1480,5688,1071,988,11359,1762,3508,13839,2706,345,255,1120,4237,495,1270,242,12608,5768,262,689,231,616,206,510,2840,84,8014,573,24951,1956,4430,413,9133,2008,2960,7915,3365,57130,1068,18619,19852,7540,523,277,190,465,201,86,158,262,1259,501,489,57,775,2003,221,31,118,b
23,249,554,551,2656,3072,264,9295,950,2805,511,32,1084,3822,962,60,137,165,7147,125,184,402,731,40,148,3008,286,376,2250,580,52,100,144,286,78,166,42,3013,980,44,233,38,106,104,45,350,106,683,168,6084,428,634,137,2174,565,151,1132,381,12761,146,4525,3608,1554,690,215,276,73,67,38,10,17,15,3,18,0,52,420,25,0,44,b
48,341,238,478,972,2757,638,5759,655,2340,647,190,858,3728,2498,475,69,486,4789,325,237,486,586,42,173,1877,338,487,2020,293,66,208,283,433,161,186,78,1578,1029,67,81,90,312,67,60,1245,799,829,828,4147,330,554,235,1240,309,129,995,356,8986,128,3134,3724,980,374,95,325,38,31,19,34,47,31,18,32,10,40,609,44,2,87,b
85,2541,663,1195,2664,8095,480,25093,1311,7441,1748,123,4301,9644,5744,314,313,284,13315,309,182,376,2994,378,581,8810,1730,1680,5660,956,113,111,573,1166,250,1227,261,5466,2852,255,479,621,546,254,549,3781,165,2243,218,13979,635,1167,180,4920,601,1093,5333,1754,33042,354,12355,8390,5220,1259,641,301,341,103,85,250,210,513,33,73,31,113,2522,206,15,152,b
301,5670,503,3511,2506,17428,1599,41008,4169,15905,3348,239,7561,23370,9881,2912,1320,1379,0,719,1042,2268,5621,721,1441,15680,2481,3109,13994,3412,372,739,1206,2354,667,1789,485,11754,6237,389,908,969,1006,541,1216,4793,1571,31703,1213,71030,2195,16005,966,11135,2298,766,10560,3225,56482,1033,24293,25863,8456,663,819,388,1166,487,401,230,449,1174,4506,1680,5347,683,3337,245,2997,561,b
475,4128,3744,3801,10391,24443,3287,59006,5820,21913,6303,520,12310,31745,8971,3317,1183,1139,28966,1275,864,1838,7793,838,1303,18078,2747,4181,18231,3487,751,722,1259,2423,916,1420,321,15886,6520,326,905,729,1135,435,1441,4504,424,30306,1373,74835,2307,16068,1139,13127,2305,761,12075,3970,87127,1330,27621,33070,15433,2195,856,821,1143,415,407,383,519,731,4615,1618,5332,480,2963,324,3001,305,b
40,437,1495,283,2265,3638,75,4496,152,2546,1051,15,1087,3608,809,243,271,82,1179,71,22,53,989,99,68,1329,230,206,2083,236,38,37,228,392,165,345,69,2767,1082,124,177,109,59,0,155,132,0,1852,69,5885,629,877,67,1272,584,370,413,257,8610,291,2493,2022,996,481,107,118,231,128,1,218,251,210,35,52,4,27,534,11,11,41,b
95,2666,674,1369,2696,9226,595,28050,1578,8281,1993,153,4787,10699,5913,327,361,329,14865,333,290,613,3298,408,647,9685,1810,1875,6331,1073,132,148,610,1225,271,1268,286,6414,3231,261,538,624,604,277,548,3960,187,2578,267,15619,785,1292,238,5559,786,1261,5631,1899,36961,470,13774,9935,5846,1264,667,309,414,127,82,264,237,533,50,87,31,125,2679,208,15,158,b
449,6589,365,3856,2090,26975,1717,54982,5216,19101,5504,362,8331,27809,15367,5863,1704,1389,24531,924,745,1548,6211,658,990,16259,2860,3272,18106,3576,681,727,1429,3024,662,2119,593,19420,8685,428,1273,423,4431,517,3827,4959,233,9067,1080,53888,2850,5777,765,13238,3336,1267,9453,2785,89262,1572,25803,30907,10833,592,506,213,1944,886,145,199,644,1461,126,171,7,268,3619,485,20,194,b
878,14586,976,9682,3886,50164,4494,120576,9275,44103,12966,948,29434,56384,14343,8447,1593,2046,0,3591,1455,3138,16958,2263,3344,34928,7298,7199,39192,4499,1061,1209,2712,5694,1502,4520,1169,33529,15661,929,2105,1665,2538,935,2034,10685,702,36934,2474,123559,4518,19655,1698,28634,4536,2340,20994,7457,171291,3248,56674,60830,25813,1253,2161,561,1706,628,624,569,904,2593,4800,1900,5445,856,8797,636,3064,679,b
295,4988,326,4030,1902,16643,1351,37258,2838,11162,4263,366,9639,18675,5050,625,804,777,15261,849,516,1158,4471,838,1068,11199,1723,2834,13536,1722,513,448,1371,2210,664,1546,367,9619,5025,221,594,385,784,554,553,2858,527,28355,881,56002,1475,14702,512,7724,1353,438,6870,2558,47238,533,16899,21603,7989,457,720,188,343,160,449,169,213,849,4717,1722,5355,700,2274,210,2994,387,b
293,6719,2183,3562,9443,18061,2715,45017,3229,14763,6027,551,12488,22580,16422,1885,752,964,26049,670,503,1050,5710,848,2095,13317,4918,2930,12907,3376,623,613,1073,2204,531,2016,418,12482,5894,496,1009,1159,1901,302,3364,15358,224,6734,2728,29574,1540,4073,856,9216,1748,3597,5875,2078,56656,1625,21931,21908,10405,2313,610,889,865,263,139,371,387,802,80,109,363,162,5261,334,24,157,b
83,902,1535,1089,5310,6218,478,17564,2428,5069,1124,43,2403,10182,6706,448,497,337,12375,346,516,1092,1638,73,542,6227,1572,1148,5225,1309,116,134,330,761,749,478,272,5417,2352,150,368,564,551,281,1170,1926,1713,1852,220,11884,777,1381,182,3997,1046,147,2658,928,24371,331,8572,8072,2151,1200,482,614,390,205,77,220,189,237,14,58,8,118,2049,93,6,152,b
3,45,220,91,1411,1025,48,2969,264,700,143,11,274,1057,329,7,18,35,2439,17,40,86,209,1,24,855,87,98,683,191,11,15,33,102,21,46,11,848,253,8,48,9,22,0,11,130,0,120,19,1472,99,100,25,487,77,114,384,57,4160,52,1309,777,497,264,66,107,14,2,0,7,2,10,0,0,0,1,72,2,0,0,b
91,928,1017,657,1920,5109,248,8874,517,4855,1939,86,2405,5505,1318,298,461,131,3438,224,89,205,1536,186,288,3279,392,547,3267,318,109,49,285,593,266,451,102,3021,1468,120,230,160,252,53,164,436,44,2441,108,8828,790,1325,66,2630,868,224,1877,665,14558,281,5719,4329,1760,401,172,131,374,204,5,155,184,151,63,41,10,38,890,48,19,55,b
313,3531,1765,3069,3577,14805,1003,28148,3210,12843,4621,289,8389,19106,4923,281,535,430,13146,191,459,1023,4405,657,766,8618,1354,3305,11350,1651,393,293,898,961,319,1186,144,9648,3758,242,499,201,423,281,247,2386,268,26820,848,54630,1533,13835,489,6743,1347,674,3997,1859,45115,696,14040,19530,9313,762,491,251,372,187,269,315,337,754,4606,1593,5327,386,1286,201,2998,263,b
196,2047,1105,1626,2538,9383,709,18192,2237,8187,3107,175,5396,12201,3531,414,869,389,8393,178,291,618,2594,350,325,6086,946,2243,6866,1134,221,206,519,1180,260,705,177,5636,2304,162,304,162,210,403,193,1256,319,26416,517,48069,1060,13672,331,5270,1093,271,2544,1058,29970,388,9707,12064,5443,577,335,185,410,163,299,177,216,408,4675,1634,5321,530,1023,98,2992,284,b
509,12175,909,4475,3295,26752,1802,57000,4849,19142,5383,245,8684,34045,9662,6244,1079,1385,29674,1555,611,1385,9719,735,1195,18754,5401,3023,22038,5019,658,889,2011,3593,644,2445,575,20939,10641,621,1376,1025,1057,482,1505,7065,360,31639,1918,96424,4447,15763,1156,18295,3764,1882,11677,4407,80160,2097,29268,35064,17294,559,597,250,1041,435,356,326,614,2233,4826,1667,5373,473,4538,1091,3019,435,b
180,2133,1843,1785,3454,10646,620,19332,2177,9832,3393,161,5299,12397,3459,293,577,403,9154,188,522,1202,3241,499,768,6323,967,1838,8285,856,201,232,597,911,402,1005,190,7767,3554,265,482,262,499,282,288,1508,322,26296,465,52188,1437,13209,303,5161,1307,880,2848,1440,30387,674,10891,11511,5929,656,384,216,399,225,312,343,404,718,4623,1604,5330,413,1439,171,3002,304,b
41,433,964,410,1604,2889,211,7405,679,2902,857,43,1347,3667,2150,446,170,158,4005,185,191,423,1249,177,191,2599,438,603,2228,392,55,59,216,443,204,297,86,2126,1066,90,155,410,260,427,376,494,463,23692,46,38982,498,11850,42,1673,508,92,1475,487,10788,154,4059,3228,1396,330,109,116,150,84,335,198,109,286,4566,1557,5322,441,807,331,2987,270,b
202,3144,771,2471,966,12472,756,25282,2547,10706,2949,124,4269,13366,2320,2424,872,546,12143,580,430,906,3068,265,593,8138,1141,1284,8485,1711,296,273,489,1294,328,961,271,8357,4284,249,734,826,586,135,718,1122,188,6231,404,20748,1507,3114,374,6266,2110,688,4926,1688,39953,810,13208,15030,5254,322,244,151,1482,386,164,149,310,539,50,86,11,126,1672,298,16,124,b
40,856,132,1360,651,3431,304,12285,1377,3918,742,49,1915,4642,1325,301,195,205,6355,225,136,278,1041,78,336,3709,539,651,2751,586,72,149,136,243,59,236,55,3259,1154,43,265,55,197,145,176,605,274,506,224,7399,335,576,171,2855,524,130,1598,399,17789,253,5344,3837,2755,213,115,9,80,20,34,8,8,49,17,28,0,36,466,26,0,46,b
75,830,693,1061,3007,8585,595,22401,1852,7664,1874,105,3082,9901,2783,194,432,359,14341,324,369,786,2444,358,434,6932,1168,1005,6003,910,125,207,485,863,196,404,206,7675,2887,124,417,182,364,278,716,2147,144,2565,335,15342,1143,1580,239,4792,1216,1268,3511,1098,31538,544,11054,10629,3785,677,228,226,306,140,59,120,141,172,22,90,62,156,1106,112,8,137,b
75,830,693,1061,3007,8585,595,22401,1852,7664,1874,105,3082,9902,2783,194,432,359,14340,324,369,786,2444,358,434,6932,1168,1005,6003,910,125,207,485,863,196,404,206,7675,2887,124,417,182,364,278,716,2147,144,2565,335,15342,1143,1580,239,4792,1216,1268,3511,1097,31538,544,11054,10629,3785,677,228,226,306,140,59,120,141,172,22,90,62,156,1106,112,8,137,b
656,6681,395,2385,1120,21419,1730,40663,2311,19200,5632,254,8740,22534,6354,4522,1016,686,12906,946,385,802,6189,933,843,13772,3462,1682,13552,1973,338,337,880,2069,578,1572,498,13425,6802,359,875,777,687,165,826,3791,97,6597,646,41267,1704,4017,411,13713,2107,3264,6965,2512,62323,1341,23817,28103,8598,428,327,167,1374,456,71,226,437,1725,116,157,48,191,2872,1169,29,175,b
49,335,813,189,1282,2612,136,4683,360,2524,991,43,1065,2853,662,212,201,94,2797,59,75,161,698,52,114,1852,172,303,1738,220,60,54,143,245,158,255,61,1712,883,101,155,60,97,2,58,259,2,1205,94,4614,485,555,70,1215,466,106,887,323,8260,183,3012,2277,1092,305,70,97,202,114,1,111,129,38,33,22,3,17,495,23,15,40,b
283,3567,1635,2801,3272,13973,1639,32698,3349,12376,4047,589,8039,17740,6482,483,342,778,21835,383,648,1382,4240,631,942,9058,1450,3485,10849,1790,368,483,964,1115,409,1031,154,8112,3570,235,521,202,1136,321,434,2286,301,27161,1317,52282,1397,14079,792,6859,1130,244,5325,2628,46376,498,13838,21600,9953,1719,496,263,241,137,320,339,176,652,4629,1602,5323,453,1665,410,2994,325,b
271,7606,1664,3542,3607,14143,1250,30742,2883,11583,3024,240,6210,20047,4457,1148,384,561,13542,175,384,831,3817,453,1047,8529,2324,2889,13426,2308,343,186,820,1754,421,5672,847,7131,2773,182,484,7872,6380,273,5148,2704,272,36788,578,63914,1961,15128,380,6603,1249,927,5765,1621,43132,488,13455,25582,7525,671,910,300,437,127,274,2835,413,5734,4570,1544,5313,366,16555,4249,2987,259,b
287,3425,1301,2770,2475,13394,885,26983,3223,12022,4054,220,7427,17406,4589,364,494,384,12827,318,404,883,4007,617,770,8638,1140,3093,10464,1574,377,213,782,1083,291,1081,159,8816,3509,207,484,178,460,322,231,1871,310,26383,564,53512,1367,13633,373,6675,1357,381,3868,1820,44179,748,13831,17018,8344,652,387,216,381,220,270,255,303,591,4617,1585,5322,382,1424,165,2993,265,b
174,2023,883,1555,1644,8008,540,16235,2069,7135,2543,152,4607,10174,3284,175,296,255,8403,115,332,705,2308,322,540,5324,657,2065,6322,990,238,159,401,485,183,717,94,5109,2109,138,318,127,277,273,126,1162,268,24543,431,45087,832,12536,282,3905,805,159,2605,1314,25765,319,8353,10964,5532,394,234,151,242,126,267,122,146,386,4585,1545,5314,358,890,123,2990,248,b
288,3283,1159,2898,2601,12786,981,26345,3145,11548,4010,281,7785,17130,4563,255,414,417,13007,197,445,988,4029,602,761,8190,1270,3192,10284,1586,369,280,730,758,268,1082,125,8079,3154,183,424,155,423,285,147,2347,268,25946,829,51475,1255,13366,458,6125,1088,310,3955,1835,41295,516,12887,18706,8730,564,448,209,298,161,268,148,175,559,4596,1559,5326,380,1130,200,2995,259,b
24,693,48,136,180,1359,27,1981,82,813,342,11,295,1334,150,183,84,24,759,13,17,40,326,20,35,608,61,105,927,142,27,2,94,189,69,182,35,1009,413,75,79,47,38,0,38,48,0,748,14,2377,286,306,19,675,247,92,114,71,3830,111,1000,1017,245,70,22,9,135,78,0,20,68,67,27,23,3,9,319,10,7,33,b
137,1448,150,708,842,4712,245,7538,586,2865,1158,50,1497,4945,1906,395,251,182,3900,86,150,328,1030,168,168,2806,394,738,3311,453,183,86,331,293,96,456,54,2302,1020,79,142,56,117,273,43,576,265,23906,211,39268,506,12010,131,1922,475,100,1122,788,10567,189,4161,6437,1961,178,148,52,190,109,265,39,88,206,4711,1531,5313,341,465,39,2983,231,b
646,10474,807,6246,2213,36762,2271,79556,6546,32063,8899,485,20290,42154,12937,3367,1297,1266,30377,4039,1058,2263,12248,1491,2576,28851,5476,6756,27486,2615,948,863,2247,4408,1555,2820,754,25355,13421,590,1257,1658,1764,758,2940,8474,635,33233,1395,93452,3229,16719,793,18989,2778,1814,18380,7710,118565,1969,44727,37545,19445,1017,1091,229,1289,416,513,557,779,2231,4802,1823,5430,732,6580,523,3017,590,b
292,6714,2182,3551,9431,17993,2714,44739,3217,14680,6011,550,12452,22503,16407,1866,752,960,25955,662,503,1050,5658,848,2089,13239,4907,2928,12861,3371,621,613,1067,2198,530,2014,417,12425,5875,496,1009,1158,1893,302,3361,15343,224,6726,2728,29413,1530,4066,856,9156,1741,3595,5830,2070,56288,1619,21805,21843,10356,2307,609,886,865,263,139,371,386,802,80,109,363,162,5255,334,24,157,b
19,539,35,1146,340,1622,152,6455,858,1639,457,31,908,2220,362,270,64,85,3342,134,76,152,493,23,160,1775,305,432,1547,270,38,58,73,130,20,105,22,1415,562,17,126,29,82,53,82,382,32,236,88,2920,155,246,82,1244,282,124,946,232,8195,180,2614,2053,1472,92,76,25,32,15,7,0,4,18,12,9,0,13,179,13,0,15,b
292,6714,2182,3551,9431,17993,2714,44739,3217,14680,6011,550,12452,22503,16407,1866,752,960,25955,662,503,1050,5658,848,2089,13239,4907,2928,12861,3371,621,613,1067,2198,530,2014,417,12425,5875,496,1009,1158,1893,302,3361,15343,224,6726,2728,29413,1530,4066,856,9156,1741,3595,5830,2070,56288,1619,21805,21843,10356,2307,609,886,865,263,139,371,386,802,80,109,363,162,5255,334,24,157,b
145,1975,122,1551,807,7175,505,15983,2048,6243,2057,133,4297,9292,3027,118,179,253,8083,138,262,554,2033,284,531,5063,674,1839,5586,912,217,135,308,376,96,579,65,4188,1741,54,212,107,277,272,137,1050,266,23843,387,43439,470,12298,241,3949,620,93,2530,1240,24579,279,7720,10652,5115,182,229,83,134,79,266,43,50,383,4574,1532,5311,345,595,106,2977,210,b
294,5944,1029,3631,2764,16345,1005,41863,3122,12103,3894,204,9645,20232,9264,808,253,821,17144,387,347,734,5531,1881,3756,17847,2773,5058,13034,1657,411,329,1295,1419,367,2325,628,10532,4395,412,495,4902,2023,1868,1625,1994,1540,29101,716,60346,1197,14428,494,9983,1112,126,7711,2704,53006,453,27231,18469,10641,367,874,196,162,90,1057,515,396,3410,4925,2288,7541,1782,6781,519,3093,1159,b
18,345,343,305,2491,2118,215,6951,1285,1558,251,28,579,2423,1673,65,169,120,5925,130,136,281,520,12,122,2165,223,334,1800,627,39,41,38,166,130,96,64,1909,923,33,68,57,104,87,13,246,832,346,59,4210,232,298,39,1303,323,46,1120,280,9794,112,2721,3147,991,384,103,230,47,49,47,19,32,10,2,30,0,39,353,32,0,47,b
145,1711,1094,1574,2229,7810,570,17044,2156,7982,2524,144,4470,9747,2889,285,363,358,8994,157,520,1192,2756,383,729,5721,785,1716,6849,766,168,207,394,619,301,834,131,5753,2778,197,356,175,487,279,144,1412,277,25074,429,47860,1099,12518,260,4236,988,359,2807,1361,25547,435,9300,10199,5145,422,315,136,294,164,295,152,169,482,4598,1563,5329,382,1210,158,2999,294,b
2,1,0,8,0,20,0,70,8,47,2,0,7,36,3,10,2,0,54,0,2,4,14,1,0,25,2,4,13,0,2,0,0,3,0,0,0,11,14,0,0,0,1,0,0,1,0,0,0,35,0,0,0,24,0,0,11,6,108,8,51,48,5,0,0,0,0,0,0,0,0,0,0,0,0,0,0,0,0,0,b
300,3325,1580,3066,4000,15454,1135,36124,4211,14518,4387,271,9583,20219,5803,582,478,538,19057,368,813,1797,5077,846,1261,11652,1575,4000,12511,1908,388,291,847,1199,318,1394,197,11118,4861,272,631,243,659,405,213,2664,389,26616,722,58852,1573,13823,457,8431,1493,433,5953,2588,53207,851,18082,21733,10159,1089,516,386,317,182,315,418,296,781,4605,1589,5320,406,2078,378,2993,293,b
189,2828,400,1621,1475,9690,498,15232,991,6713,3015,132,4462,10392,2266,173,358,246,5911,126,277,627,2112,311,250,4467,851,1246,6624,646,318,138,749,683,260,809,115,4871,2185,168,238,155,219,279,92,1064,267,25544,437,45669,1134,13000,250,3711,995,494,1828,1000,21527,444,7247,12329,3743,274,262,141,279,159,265,86,181,352,4608,1579,5323,360,805,39,2993,244,b
235,1707,1001,1118,1706,8112,378,13834,1840,6226,2574,96,3514,9265,2762,182,353,235,7004,123,235,499,1877,214,218,4280,448,1844,5597,938,495,85,525,531,253,609,117,4791,1913,142,229,95,170,279,92,458,270,25121,323,46289,1049,12709,212,3594,1009,1139,2252,740,25218,306,6725,9366,3960,376,199,143,333,163,267,130,181,432,4586,1558,5315,356,858,43,2990,256,b
296,6723,2191,3570,9531,18132,2719,45471,3238,14907,6061,554,12549,22684,16434,1957,755,964,26204,677,503,1050,5781,848,2097,13428,4927,2930,12948,3383,625,613,1074,2207,531,2022,419,12528,5914,497,1013,1160,1903,302,3366,15369,224,6751,2728,29968,1548,4091,856,9372,1752,3597,5904,2090,57222,1635,22104,22066,10449,2332,610,902,865,263,139,371,387,805,80,109,363,162,5273,334,24,157,b
293,6719,2183,3562,9443,18061,2715,45017,3229,14763,6027,551,12488,22580,16422,1885,752,964,26049,670,503,1050,5710,848,2095,13317,4918,2930,12907,3376,623,613,1073,2204,531,2016,418,12482,5894,496,1009,1159,1901,302,3364,15358,224,6734,2728,29574,1540,4073,856,9216,1748,3597,5875,2078,56656,1625,21931,21908,10405,2313,610,889,865,263,139,371,387,802,80,109,363,162,5261,334,24,157,b
265,4145,182,3406,1100,13412,1189,31950,4237,12723,3665,287,8040,18351,5438,270,312,532,18608,438,657,1395,4425,664,1171,10815,1474,3459,11621,1897,355,294,766,1046,311,1209,155,9756,4297,169,430,271,692,409,263,2721,602,26107,661,55904,1330,13665,476,7668,1292,491,6453,2871,48961,628,16270,20239,9849,403,390,136,365,121,307,63,85,907,4574,1594,5319,426,1709,378,2987,298,b
173,1762,2349,1797,5299,15102,1347,41644,2330,15594,3722,413,6517,16953,4306,4282,794,618,20621,1035,351,748,6039,302,806,13258,1662,1465,9657,1629,285,355,908,1918,348,1410,415,9790,4721,235,1040,216,766,222,173,3052,149,5683,693,36777,1582,4178,552,11586,1705,619,7214,1671,63716,1449,20243,15130,7015,1470,541,364,884,385,156,460,405,362,56,95,5,242,2695,351,14,150,b
384,3955,1968,3438,4834,18455,1087,33717,3651,15107,5478,309,9728,22652,5879,593,648,481,17251,275,500,1114,5244,734,870,10312,1779,3732,13717,2026,442,318,1078,1308,411,1487,229,11887,4715,331,620,228,530,288,313,3544,268,28130,887,60182,1910,14475,521,8022,1702,721,4871,2192,55391,948,16978,21779,11115,1043,597,328,466,229,271,397,455,923,4608,1606,5329,391,1793,235,3002,263,b
285,6705,871,5353,2780,25759,1747,60830,10463,19824,5026,447,14534,34392,7831,1766,1194,1490,36165,1063,965,2105,9914,1358,2060,18933,2818,4816,21064,5287,343,641,1420,3864,758,2171,705,18198,10100,632,1085,778,2039,505,1152,4669,659,29570,1099,80357,2140,14640,777,13889,2169,1536,22564,4938,91192,2134,29377,28507,15939,745,788,617,1082,478,412,301,422,1365,4609,1657,5422,654,3976,333,3004,427,b
66,640,1483,366,2140,4875,100,5698,312,3866,1643,31,1586,5040,10924,368,342,84,10150,50,95,218,1132,105,176,1780,303,368,2855,280,87,45,333,570,271,399,136,3290,1426,164,241,148,151,1,113,7694,1,2312,61,8469,942,1189,63,1808,783,282,799,334,11987,407,3637,2502,1557,480,107,140,327,175,0,261,284,188,56,47,3,21,826,29,18,42,b
331,7134,2221,3786,9953,19881,2817,49857,3594,16108,6633,587,13536,24798,17191,2017,769,989,28103,712,531,1108,6238,897,2138,14320,5013,3354,14137,3676,681,623,1139,2281,536,2119,430,13569,6194,511,1036,1176,1931,346,3369,15476,250,7030,2791,31929,1617,4298,905,10137,1842,3619,6308,2163,63650,1664,23378,24814,11987,2400,662,920,875,267,147,379,399,860,79,114,363,162,5383,341,24,172,b
230,2674,1996,2178,3768,12760,703,23503,2504,11040,3979,204,6551,15132,4157,469,667,362,10129,327,366,790,3677,582,732,7602,980,2608,9364,1350,306,198,733,1079,420,1008,172,8545,3531,232,490,252,397,272,320,1274,267,26682,547,52764,1402,13654,355,5806,1281,779,3928,1900,38673,673,12534,14177,6978,772,408,254,513,230,268,347,433,663,4620,1586,5320,370,1414,135,2995,255,b
46,1183,304,832,432,4409,1791,10021,550,2073,1406,475,3069,4729,2202,268,68,256,3084,62,134,271,880,191,671,3021,647,962,3824,310,45,373,342,562,180,623,226,1980,2435,237,209,150,372,67,146,1115,796,988,322,3535,204,470,153,1410,130,68,1404,592,13035,224,4338,4177,1678,224,181,75,20,6,20,105,94,239,13,15,1,17,1277,71,54,43,b
23,186,499,166,710,1500,50,3334,198,1783,466,11,583,1836,323,326,113,50,2072,58,72,169,709,44,78,1177,133,193,971,197,34,25,91,163,75,125,37,1216,564,46,92,24,45,32,23,171,26,714,28,3914,364,375,21,1257,404,60,464,197,5952,134,1838,1354,697,158,35,27,106,38,0,46,50,30,13,16,0,22,309,14,7,11,b
89,1369,842,1044,4248,5826,598,15181,1918,4794,1131,86,1727,7915,3209,159,479,330,10562,245,389,808,1859,147,320,5513,944,839,4546,1683,147,142,162,663,193,253,73,5612,2426,49,370,99,233,255,77,1088,927,1250,392,11259,828,1114,297,3672,1272,62,2122,771,23331,231,7453,6647,3129,1123,357,386,133,71,93,28,15,49,2,49,2,157,691,27,0,97,b
412,7334,2258,3984,10513,21015,2839,52142,3794,17140,7040,600,14107,27619,18632,2202,776,1280,29888,749,539,1123,6471,958,2285,15538,5426,3651,15675,3911,845,795,1292,2678,609,2433,672,14316,6596,539,1092,1472,2012,402,3605,16370,289,8734,2807,34344,1738,5561,920,11059,2054,3631,6755,2327,66860,1697,25775,25465,12363,2521,722,938,874,265,165,430,453,946,90,117,363,211,6321,356,24,183,b
14,177,87,286,240,1275,123,3865,371,1145,255,37,912,1723,393,14,35,57,1669,231,40,83,487,120,105,1252,263,341,1053,84,28,25,106,179,36,89,36,945,434,24,60,14,119,36,38,425,41,349,55,1839,121,213,41,595,115,171,892,259,4539,57,2096,1515,1027,89,50,27,30,18,13,14,18,26,3,6,3,17,274,12,0,16,b
186,1665,898,1338,1581,7752,452,15544,1870,7481,2561,131,4678,10295,2694,168,270,233,7647,282,217,462,2379,279,243,5550,583,1951,6042,923,252,136,363,582,192,542,96,4967,1982,122,201,84,162,329,78,823,325,24469,380,43945,712,12512,281,3942,692,160,2577,1092,26727,269,8491,9957,5132,383,209,131,212,126,316,122,147,152,4587,1559,5318,392,714,43,2991,257,b
139,1155,814,766,1333,5083,210,9774,1308,4462,1787,58,2560,6447,2315,139,256,110,4698,99,137,297,1324,177,155,2861,292,1357,3851,604,150,54,239,335,157,362,70,3284,1158,95,136,66,96,313,52,296,546,23778,178,40658,575,12016,101,2168,567,144,1168,409,17344,285,4484,6610,3037,300,157,121,197,116,272,122,148,107,4580,1539,5310,349,508,22,2989,216,b
235,4356,542,2624,2088,15167,853,27573,2042,10419,4193,200,6156,15358,3104,397,683,491,13615,280,234,511,3499,384,461,8416,1610,1571,10027,1283,376,225,1002,1221,431,1293,226,8544,3666,303,519,259,489,154,313,1657,88,5127,508,19841,1657,2921,304,5833,1499,921,3587,1677,38928,579,13266,18224,6546,376,364,187,480,256,59,206,328,884,78,121,24,74,1637,80,24,101,b
228,2727,951,2319,1943,10289,736,21497,2791,9413,3169,189,6182,13845,3828,182,329,308,10907,154,364,801,3137,473,644,6717,916,2778,8336,1385,315,178,547,611,205,861,101,6623,2514,162,346,129,342,272,135,1679,267,25212,499,47786,958,12924,310,4927,868,208,3035,1511,34509,451,10450,15037,7299,487,332,160,265,143,267,133,162,467,4592,1546,5316,369,970,152,2992,250,b
6,184,16,272,134,721,79,1435,115,476,89,6,157,965,107,63,107,51,1402,34,15,30,169,31,31,560,47,20,416,77,8,18,23,55,6,29,1,806,210,13,41,35,33,0,53,51,0,152,29,953,58,72,20,364,73,18,230,102,2318,56,794,862,205,20,29,23,37,53,0,0,5,6,1,3,0,1,37,0,0,0,b
6,186,16,272,134,732,79,1445,115,478,92,6,157,968,107,63,107,51,1407,38,15,30,169,31,31,563,47,20,417,77,8,18,23,55,6,29,1,809,214,13,41,35,33,0,53,51,0,152,29,957,58,72,20,364,73,18,230,102,2330,56,798,872,208,20,29,23,37,53,0,0,5,6,1,3,0,1,37,0,0,0,b
284,3152,562,2805,1766,11883,1023,27063,3258,10703,3415,266,7548,16710,4490,553,218,431,12942,291,447,984,3889,671,748,8251,1217,3327,9955,1651,371,294,752,794,170,966,108,7787,3052,139,374,141,422,280,148,2348,267,25426,805,50698,1124,13180,459,6313,1052,216,4098,1862,41320,489,12910,18549,8804,415,396,145,159,73,269,92,104,587,4572,1549,5326,370,1053,195,2990,223,b
244,2806,1119,2533,2495,11719,839,24598,3105,10776,3334,193,6707,15889,4104,416,319,381,11992,189,424,922,3706,517,674,7609,1094,2974,9320,1545,350,221,691,803,326,802,136,7886,3184,158,421,130,364,271,178,1813,266,25797,576,51611,1171,13346,393,6068,1170,451,3060,1523,39894,751,11923,15864,8124,703,405,200,307,121,275,169,217,549,4575,1565,5313,369,1087,183,2985,217,b
320,5991,551,3642,1741,18631,929,38334,3966,14083,4625,227,8711,21326,6386,1037,542,649,21116,571,902,1984,4930,903,1441,13773,2079,4156,14396,1854,379,384,1305,1855,617,1647,317,13892,6953,460,866,388,941,687,462,3226,522,28047,771,61961,2119,14413,466,8901,2065,931,7536,2907,56247,1078,21466,20367,10801,457,529,130,427,208,363,155,344,1155,4513,1676,5345,541,3172,205,3001,437,b
196,2461,165,2242,1091,8346,735,19852,2755,7632,2242,179,5547,11956,3465,137,98,269,9994,239,326,710,2786,531,572,6197,824,2723,7366,1325,278,157,494,515,78,649,44,5501,2047,59,229,76,303,271,106,1644,266,24137,470,45040,539,12415,290,4411,496,83,2790,1363,30350,311,9453,13672,6906,286,301,94,45,20,268,19,25,437,4554,1525,5320,349,645,141,2975,211,b
246,2924,1295,2401,2364,11384,759,22573,2842,10201,3469,188,6470,15022,4101,205,395,312,10943,153,385,844,3448,512,622,6974,971,2844,9008,1440,335,189,658,782,224,928,121,7620,2921,198,395,132,329,272,139,1701,267,25666,517,50445,1176,13191,343,5450,1046,331,2952,1504,37342,651,11099,15085,7574,640,338,204,272,154,267,221,260,514,4592,1567,5316,365,1070,156,2991,250,b
344,3780,293,4221,2051,13571,1237,32353,3874,12272,3633,312,9590,19716,5067,207,137,533,15534,302,611,1384,4557,836,790,9863,1596,3944,12096,1811,422,366,882,807,131,1080,99,8773,3554,120,339,131,506,279,131,3153,277,25441,1071,52087,1036,13271,581,7230,907,225,4547,2036,46339,551,15343,22509,10644,402,669,160,50,22,298,37,34,635,4564,1544,5333,362,985,230,2982,255,b
40,967,344,1540,1210,2046,89,4881,1056,1328,425,21,965,2988,912,88,25,71,3036,102,356,730,591,195,366,2189,289,1027,2165,276,26,39,329,425,316,114,73,1900,1072,42,134,20,306,112,23,219,55,850,91,3558,308,549,81,1257,277,18,545,137,7225,159,3186,1311,744,236,115,54,3,0,50,25,89,88,5,22,0,60,676,30,4,31,b
48,534,800,512,1299,3763,248,8373,695,3579,1191,97,1515,4335,1334,556,224,195,4039,120,218,473,1358,145,305,2968,336,839,2522,425,71,134,213,416,199,350,86,2635,1467,113,236,80,179,318,56,458,303,23461,181,40408,655,11714,115,1888,625,125,1062,442,12708,288,4631,3288,1585,432,90,115,185,118,315,138,156,97,4580,1546,5311,401,707,15,2989,260,b
166,2861,212,1577,1155,8467,374,17447,2058,7155,2066,100,3674,10354,3283,761,316,322,9081,316,358,771,2502,451,408,6267,729,2486,6583,1064,200,181,575,770,374,545,152,6751,3464,198,292,103,296,324,143,1157,683,25034,290,48352,1072,12628,228,4276,1081,490,2348,1069,29086,871,9558,8924,5324,244,216,61,293,150,215,79,181,339,4520,1588,5342,431,1057,40,2985,259,b
314,3459,2008,3000,3859,15167,1038,28663,3285,13290,4711,294,8530,19281,4958,413,600,435,13401,210,466,1034,4509,642,767,8976,1446,3334,11487,1669,392,287,914,1019,368,1179,160,9833,3916,240,543,207,422,281,280,2327,268,27095,826,55682,1601,14052,490,7127,1398,764,4177,1956,46074,763,14687,19498,9398,845,486,253,488,216,269,323,361,739,4603,1593,5324,390,1344,190,2998,263,b
221,2610,1258,1991,2310,11044,686,22169,2915,9649,3271,176,5705,13594,4033,215,487,346,12695,192,371,812,3054,399,555,7177,843,2502,8480,1502,284,190,567,727,241,861,133,7644,3024,186,378,135,305,279,158,1463,272,25401,455,50204,1124,13003,303,5115,1100,405,3292,1539,36779,687,11129,14279,7026,614,289,225,263,187,270,221,256,448,4594,1572,5314,360,1065,141,2991,253,b
141,1924,218,1402,1272,7185,490,12552,860,4009,1806,119,3207,7781,2020,130,161,218,5312,99,247,553,1451,236,175,3639,742,1054,4966,521,263,119,558,396,105,651,63,3102,1410,87,148,76,169,278,58,1069,266,24316,415,40972,700,12291,222,2691,615,72,1476,919,15231,170,5335,10831,3071,218,245,109,172,96,265,39,80,179,4581,1544,5323,349,529,27,2982,238,b
5,58,39,332,145,303,108,1087,145,245,30,21,112,659,111,36,7,24,1206,17,1,2,62,0,13,327,202,128,206,32,6,14,6,4,13,12,11,311,130,2,10,12,16,0,4,327,0,57,34,489,26,25,29,147,26,5,61,20,1354,22,434,509,424,54,21,25,0,0,0,0,5,2,1,0,0,0,20,0,0,0,b
188,4174,209,3213,894,12013,647,34999,2718,8565,3174,221,9676,12918,3880,771,213,374,11845,1160,458,956,4186,847,1235,9762,1171,2717,11101,1410,286,241,1131,2080,887,1000,343,9077,5148,209,488,276,816,331,534,1609,650,4305,462,19177,1206,2273,260,6633,1085,187,5745,2075,42325,1018,14765,14409,5556,304,480,61,239,113,190,120,165,477,101,163,55,274,2831,111,29,187,b
249,2949,1417,2472,2636,12454,777,24269,2908,11235,3731,212,6951,15862,4315,253,470,362,11681,191,393,866,3872,532,705,7518,1075,2896,9503,1499,343,209,697,854,261,1025,129,8216,3127,225,432,138,420,272,173,1809,267,26172,564,51934,1294,13577,380,5898,1219,430,3241,1661,40265,737,12058,15903,7966,713,360,203,465,183,267,229,280,532,4603,1574,5316,389,1223,167,2995,254,b
49,683,708,351,892,3493,124,5949,339,3087,1231,33,1510,3693,745,137,248,69,2423,177,43,96,942,163,175,2260,227,436,2131,205,73,31,208,463,157,323,82,2039,1000,74,124,93,152,1,129,240,0,1514,37,5342,542,801,28,1689,658,91,1172,412,10036,229,3803,2711,1070,228,83,75,264,171,1,138,164,97,57,31,4,19,607,18,15,9,b
194,2460,155,2244,1151,8346,735,19852,2755,7632,2242,179,5547,11943,3478,137,98,270,9994,239,326,710,2786,531,572,6197,824,2723,7373,1322,278,157,494,515,78,649,44,5501,2047,59,229,76,303,271,106,1644,266,24137,470,45040,539,12415,290,4411,496,83,2790,1363,30333,311,9452,13671,6905,303,302,95,45,20,268,19,25,437,4554,1525,5320,349,645,141,2975,211,b
25,269,342,249,502,1601,104,3954,343,1772,577,17,737,2007,808,103,106,71,2030,41,162,359,794,56,101,1239,114,341,1113,167,33,38,105,140,97,175,37,1294,656,68,93,40,82,289,29,132,283,22980,27,36721,379,11415,28,934,385,74,600,246,6069,117,1962,1604,690,203,34,43,103,51,280,65,63,43,4560,1535,5310,339,387,15,2987,219,b
170,3216,2382,2360,5936,14196,922,28573,2141,12626,4490,234,6666,17304,3874,1502,623,765,13444,730,614,1388,4121,421,1015,10378,1741,2156,10813,1166,239,407,1100,1835,545,1489,375,10491,5331,400,759,333,760,370,422,2398,329,6132,894,29010,1997,3239,483,7897,1837,1006,5446,1829,40987,701,16847,13024,7649,1268,838,350,439,212,203,466,597,860,117,178,45,344,3079,302,31,184,b
10,380,10,240,113,1579,79,3675,396,945,272,21,621,1405,462,91,37,65,2803,34,53,115,352,78,181,1877,150,750,1030,170,21,44,72,146,33,132,46,1093,946,38,65,57,105,43,20,134,32,410,63,1978,99,171,35,738,88,21,752,228,4444,82,2436,1506,1597,21,33,5,2,7,34,23,6,176,5,21,9,33,258,24,3,19,b
396,4530,1493,5576,4796,18857,2212,47339,5158,19079,4908,584,11767,26477,7931,541,599,1174,25666,601,720,1579,5805,900,1178,15904,2101,4415,15371,2453,500,658,1076,1558,438,1450,218,13093,5339,272,672,351,868,384,407,4272,604,27213,2862,62293,1861,14381,858,10283,1965,550,9143,3541,67322,878,24417,31077,12020,1564,813,782,382,307,325,189,223,823,4592,1585,5330,417,2005,318,2992,265,b
318,3440,2181,3252,6795,18755,2136,47460,3545,15648,5137,476,11674,22127,6657,2163,551,991,20017,1161,564,1192,6662,1256,1954,13395,2458,4417,15330,1850,371,356,1449,2284,1132,1676,548,13664,7946,444,765,477,1034,532,1070,4068,540,27895,849,64814,1782,14217,671,9879,1714,492,6548,1948,66921,1268,21006,18235,10826,1633,757,512,404,205,441,736,508,699,4651,1657,5354,558,3775,384,3014,358,b
81,919,750,1114,2285,5572,346,17370,1589,6684,1486,90,3251,7149,2365,500,302,260,10899,295,286,615,1919,290,343,6036,913,1002,4588,774,116,108,435,620,254,345,101,4808,2371,129,271,106,214,151,628,1764,139,2206,240,12953,922,1336,174,3938,1042,210,2607,922,24062,441,9357,6780,3015,759,294,134,265,170,41,168,111,116,22,48,2,84,940,135,13,60,b
4,21,0,24,0,189,10,461,91,179,22,1,16,319,184,96,15,30,384,11,1,2,42,0,0,194,15,45,89,82,5,2,17,55,0,23,2,83,73,2,3,0,0,2,0,19,52,151,27,813,7,175,17,184,13,14,65,6,1054,16,281,155,92,2,6,0,6,0,0,0,0,4,0,1,0,2,22,22,0,7,b
493,5177,2006,6502,5408,25599,1989,59987,6366,24728,7233,483,16317,34169,8467,1053,848,1052,30597,950,1174,2567,8489,1383,1451,19348,3244,5970,20916,2529,614,618,1472,1937,565,1874,306,18839,8150,350,809,406,1010,339,461,5889,323,29344,1697,75421,2601,15439,1004,14713,2424,830,9511,3825,83316,1616,30958,37321,18277,1119,1145,478,688,266,354,336,385,982,4626,1613,5340,472,2433,340,3004,325,b
162,2076,1291,2180,3848,12949,1294,34655,2152,11148,3338,522,7328,14368,5516,5317,444,736,18128,1166,484,1021,4334,658,1150,8885,1234,2167,10486,1146,266,414,1128,2068,776,1139,367,9210,5138,264,581,357,1542,529,833,1153,518,28306,763,56957,1596,14344,657,6636,1658,620,6201,2359,47439,993,14028,12001,6529,2008,487,214,385,174,494,463,385,520,4646,1671,5339,625,2780,241,3005,380,b
55,491,905,320,1858,3697,173,6092,562,2946,1220,64,1416,3850,894,127,249,141,3212,61,193,418,768,95,178,2339,268,764,2399,313,61,99,272,437,252,275,84,2635,1220,109,188,74,107,32,68,326,32,1573,122,6206,638,751,93,1593,524,198,903,319,10188,201,3748,2606,1165,381,123,136,222,119,17,131,144,76,69,36,3,50,708,36,17,55,b
343,7481,552,4033,1875,23425,3195,53871,4006,19330,5386,491,12045,23655,9388,5983,877,1506,21134,1453,794,1726,6890,1080,948,15317,2205,3040,19013,2836,480,866,1161,3281,837,1779,585,16001,9457,409,1059,792,803,274,856,4214,197,8259,1485,42123,1735,5138,972,15114,2084,417,7940,3306,76234,1528,26331,32002,10767,586,539,260,1110,407,160,378,535,2330,101,144,47,364,3641,1131,24,197,b
292,6693,2152,3545,9223,17776,2670,44045,3175,14463,5974,543,12331,22218,16338,1810,729,947,25345,658,502,1048,5567,847,2084,13108,4884,2908,12738,3335,617,609,1067,2186,529,1999,413,12294,5831,494,991,1110,1875,302,3354,15314,224,6632,2719,28894,1526,3998,850,9008,1734,3593,5788,2060,55477,1603,21555,21498,10119,2258,594,846,863,261,139,371,386,802,78,109,363,162,5226,334,24,157,b
90,2555,609,1238,2619,8423,493,25894,1290,7595,1822,121,4406,9802,5675,325,334,281,13419,311,183,378,3056,369,583,8954,1736,1675,5743,969,124,116,577,1151,256,1215,264,5696,2882,256,492,620,547,247,544,3764,160,2370,217,14333,680,1189,181,5100,645,1194,5281,1729,34162,416,12676,8733,5321,1231,638,287,375,106,81,260,220,528,34,73,31,110,2522,203,15,147,b
292,6714,2182,3551,9431,17993,2714,44739,3217,14680,6011,550,12452,22503,16407,1866,752,960,25955,662,503,1050,5658,848,2089,13239,4907,2928,12861,3371,621,613,1067,2198,530,2014,417,12425,5875,496,1009,1158,1893,302,3361,15343,224,6726,2728,29413,1530,4066,856,9156,1741,3595,5830,2070,56288,1619,21805,21843,10356,2307,609,886,865,263,139,371,386,802,80,109,363,162,5255,334,24,157,b
412,7334,2258,3984,10513,21015,2839,52142,3794,17140,7040,600,14107,27619,18632,2202,776,1280,29888,749,539,1123,6471,958,2285,15538,5426,3651,15675,3911,845,795,1292,2678,609,2433,672,14316,6596,539,1092,1472,2012,402,3605,16370,289,8734,2807,34344,1738,5561,920,11059,2054,3631,6755,2327,66860,1697,25775,25465,12363,2521,722,938,874,265,165,430,453,946,90,117,363,211,6321,356,24,183,b
18,176,529,155,1586,1821,65,3753,223,1568,558,16,660,1939,425,49,94,49,2536,14,41,90,448,18,72,1239,105,185,1113,241,28,28,107,164,96,179,46,1517,520,76,102,28,48,2,20,121,0,794,26,3109,359,386,23,793,359,172,531,121,6328,120,1930,1087,706,332,75,122,108,46,0,64,66,29,15,14,0,15,330,10,12,4,b
293,6718,2183,3561,9443,18058,2715,45001,3228,14763,6025,551,12487,22572,16422,1885,752,964,26042,670,503,1050,5710,848,2092,13313,4917,2930,12903,3376,623,613,1073,2204,531,2015,417,12479,5892,496,1009,1159,1899,302,3364,15354,224,6734,2728,29572,1540,4073,856,9216,1748,3597,5874,2078,56643,1625,21923,21903,10405,2313,610,889,865,263,139,371,387,802,80,109,363,162,5259,334,24,157,b
79,921,809,872,1031,5030,300,10125,977,4832,1665,79,1919,5646,944,732,363,215,5818,170,228,499,1408,126,225,3474,568,681,3319,480,116,110,263,585,232,399,131,3214,1674,131,266,79,167,74,127,731,43,2197,149,9907,774,1238,126,2879,791,163,1797,543,16350,333,5681,5798,2028,292,115,82,404,201,36,135,176,119,55,39,9,66,842,41,17,65,b
294,3164,3626,3075,10243,20184,1178,47311,4141,17867,5633,330,9961,24062,9736,2239,934,943,19782,702,683,1434,6151,985,1084,14260,2233,4413,14484,2149,331,448,1286,2164,1087,1331,435,15177,7121,550,805,405,810,368,1876,3341,374,29305,859,71098,2544,14881,594,10862,2478,1107,4905,1859,66741,1588,22703,21677,11689,2552,862,878,760,405,409,860,757,836,4648,1657,5332,522,2952,335,3014,335,b
405,4776,1285,5132,3953,20990,1711,52265,5487,18813,5812,482,13448,27404,6727,351,558,852,25201,1193,882,1879,6883,1220,1583,15800,2178,4943,18497,2466,573,532,1414,2130,780,1706,393,15132,7182,261,717,428,1048,524,682,3804,531,28688,1168,66458,1922,15161,755,11003,1957,460,10237,3638,74050,961,24036,29066,13456,1156,827,323,487,200,456,257,290,808,4621,1622,5353,634,2762,256,3002,398,b
401,4433,2622,4291,8346,20912,1508,45795,4585,18239,5811,434,11990,27381,6881,1023,727,713,23860,788,851,1837,7656,1074,1770,14626,2714,4700,16934,2434,470,473,1518,1998,615,1871,344,15105,6971,371,793,298,998,392,443,4434,317,28366,1294,66797,2186,14809,773,11229,2011,725,7577,3148,68150,1331,22806,26590,12123,1569,850,498,624,300,321,388,452,865,4625,1613,5331,465,2883,261,3000,307,b
454,5065,349,4078,2060,18075,1513,43834,5090,16665,4676,443,10680,24032,6411,1319,507,888,23101,876,805,1752,6318,1026,1104,15125,2235,4955,15389,2388,497,629,1251,1762,353,1511,219,12859,5599,271,681,297,750,371,694,3819,343,28837,1314,65607,1976,14989,754,11342,1911,1249,7351,3159,62511,892,23046,27269,12165,450,701,181,487,181,331,65,140,890,4642,1605,5347,468,2393,267,2991,298,b
467,5293,3392,4336,7712,26649,1640,48496,4733,20460,7239,465,13963,31940,8294,1726,1302,865,21415,428,752,1628,7779,1092,1356,15160,2477,4935,19283,2859,645,482,1576,2834,843,1997,376,16256,7548,574,1183,506,1340,433,706,4173,600,33934,1326,72520,2755,17181,866,12562,2499,1025,9745,3528,75926,1458,24965,28541,15823,1868,852,492,1705,576,329,886,952,1712,4641,1649,5339,545,3107,697,3009,321,b
3,10,60,90,638,502,35,1535,156,282,57,10,100,568,125,6,3,32,1444,12,13,26,97,3,16,419,55,19,364,115,4,11,17,39,1,34,5,390,83,3,26,5,10,1,0,84,1,54,13,481,29,38,16,180,59,88,272,24,2302,21,567,219,240,140,34,63,0,0,0,0,0,1,0,0,0,0,45,4,0,0,b
112,1480,121,849,789,5020,227,8869,623,3296,1153,44,1942,5229,1758,441,267,133,4442,128,122,267,1147,124,106,2952,453,656,3224,482,174,62,319,357,78,400,49,2137,933,67,118,78,72,269,62,340,265,23984,174,39745,451,12105,113,2163,487,74,977,513,13153,208,4312,7112,1726,190,144,82,283,94,264,29,97,163,4577,1532,5310,339,371,20,2978,197,b
246,3026,2281,2438,7678,14048,1207,33192,3990,11370,3675,264,6573,18631,7154,574,1346,748,19401,411,630,1313,3873,427,952,10976,1223,2774,10759,2442,363,356,773,1698,559,1042,257,9745,4356,254,605,255,797,485,326,2208,1419,27864,898,57255,1597,14873,650,7530,1792,1626,5564,2340,48321,602,16058,20088,8988,1698,617,695,728,237,324,222,269,640,4675,1662,5316,531,1880,253,2993,290,b
1,16,135,88,1004,739,43,2107,162,421,72,9,140,740,196,5,15,34,1798,10,14,29,111,0,23,608,54,47,466,157,4,17,26,76,21,31,10,627,152,9,36,5,16,2,0,83,0,103,14,845,39,73,16,300,62,121,254,20,2968,35,877,364,369,209,65,92,12,0,0,4,2,2,0,0,0,2,46,1,0,0,b
353,5024,5635,4126,20399,29651,2803,56821,4448,22584,6893,804,10948,34424,11097,3170,2974,1597,30921,1108,591,1288,8437,1542,1559,16023,2978,3872,18722,4490,451,902,1910,3468,905,2299,493,18579,8295,574,1168,458,1989,386,732,3802,344,36538,2508,86495,3063,20375,1616,13768,2767,2626,7667,3196,86857,911,25303,39837,13116,4406,1300,1281,2091,539,358,698,692,1477,4691,1717,5330,492,3952,548,3002,365,b
293,6719,2183,3562,9442,18060,2715,45001,3229,14768,6027,551,12488,22580,16422,1875,752,964,26042,669,503,1050,5699,848,2095,13317,4918,2930,12906,3377,623,613,1073,2204,531,2016,418,12480,5894,496,1009,1159,1901,302,3364,15358,224,6734,2728,29566,1540,4073,856,9216,1748,3597,5876,2078,56621,1625,21936,21915,10405,2313,610,889,865,263,139,371,387,802,80,109,363,162,5261,334,24,157,b
273,3018,4728,3699,11985,23406,1602,54088,2729,20708,6381,386,12248,27846,8671,5487,1284,764,16054,1323,428,928,7690,1050,1586,14146,2075,2735,17393,1898,376,431,1650,3731,995,2077,625,15847,8477,477,1003,654,1021,261,529,3053,262,7793,732,39891,2498,4735,551,12858,2439,969,6472,2173,76869,1161,23754,25010,9677,3318,1219,1002,781,358,179,560,684,656,142,129,30,291,4007,177,35,222,b
412,7334,2258,3984,10513,21015,2839,52142,3794,17140,7040,600,14107,27619,18632,2202,776,1280,29888,749,539,1123,6471,958,2285,15538,5426,3651,15675,3911,845,795,1292,2678,609,2433,672,14316,6596,539,1092,1472,2012,402,3605,16370,289,8734,2807,34344,1738,5561,920,11059,2054,3631,6755,2327,66860,1697,25775,25465,12363,2521,722,938,874,265,165,430,453,946,90,117,363,211,6321,356,24,183,b
331,7134,2221,3786,9953,19881,2817,49857,3594,16108,6633,587,13536,24798,17191,2017,769,989,28103,712,531,1108,6238,897,2138,14320,5013,3354,14137,3676,681,623,1139,2281,536,2119,430,13569,6194,511,1036,1176,1931,346,3369,15476,250,7030,2791,31929,1617,4298,905,10137,1842,3619,6308,2163,63650,1664,23378,24814,11987,2400,662,920,875,267,147,379,399,860,79,114,363,162,5383,341,24,172,b
4,60,53,339,430,545,44,1814,184,438,67,10,181,623,132,56,8,36,1499,21,34,69,192,5,17,535,51,49,352,106,4,13,20,49,4,27,8,372,93,3,30,5,22,2,2,75,1,62,21,661,31,36,22,336,56,82,273,57,2568,42,715,406,388,124,37,105,16,0,0,3,3,4,0,0,0,1,35,4,0,0,b
3,45,220,91,1411,1025,48,2969,264,700,143,11,274,1057,329,7,18,35,2439,17,40,86,209,1,24,855,87,98,683,191,11,15,33,102,21,46,11,848,253,8,48,9,22,0,11,130,0,120,19,1472,99,100,25,487,77,114,384,57,4160,52,1309,777,497,264,66,107,14,2,0,7,2,10,0,0,0,1,72,2,0,0,b
