move-result,move-result-object,return-void,return-object,const/4,const/16,const-string,new-instance,goto,if-eqz,iget,iget-object,iput,iput-object,sget-object,invoke-virtual,invoke-direct,invoke-static,invoke-interface,xor-int/2addr,class
204,1023,270,119,261,35,597,359,168,181,14,327,20,175,68,1121,517,334,157,0,m
1,9,22,1,8,2,2,7,5,1,4,12,7,9,0,23,22,1,1,0,m
1,34,16,2,9,4,2,15,5,0,4,22,8,11,0,42,25,10,0,0,m
1,34,16,2,9,4,2,15,5,0,4,22,8,11,0,42,25,10,0,0,m
35,146,40,22,34,10,112,215,22,9,11,218,14,61,9,271,238,18,13,0,m
1,34,16,2,9,4,2,15,5,0,4,22,8,11,0,42,25,10,0,0,m
1,34,16,2,9,4,2,15,5,0,4,22,8,11,0,42,25,10,0,0,m
223,1565,438,141,439,138,975,561,174,92,28,946,32,362,111,1878,727,450,292,0,m
227,1591,441,141,445,139,986,571,177,94,28,954,32,367,114,1911,738,456,292,0,m
984,2562,910,275,1608,286,2057,786,928,734,269,1784,163,589,295,3442,1250,1335,756,2,m
557,2041,441,138,573,61,1029,552,182,132,46,1456,42,389,30,2481,752,853,480,0,m
384,1801,482,250,609,107,1265,505,445,303,54,664,60,300,203,2200,783,708,263,0,m
22,114,32,11,11,5,22,47,15,2,9,59,8,25,6,149,63,15,9,0,m
2914,10008,2542,2343,3684,1175,4862,2665,3128,2484,1448,5768,785,1981,2225,12609,3886,2516,1827,19,m
42,65,34,8,65,136,187,18,17,10,8,90,15,47,0,91,40,56,0,0,m
123,598,158,46,186,79,334,222,72,38,19,438,20,147,27,791,288,240,152,0,m
105,550,161,43,189,78,303,225,69,27,15,402,11,138,24,716,290,229,149,0,m
22,111,31,10,11,0,23,47,15,2,9,58,8,25,6,148,63,12,9,0,m
5476,17753,4768,3315,7803,3324,9851,5013,5746,5002,2232,11753,1502,3970,3141,24445,7502,5471,3010,21,m
61,396,137,32,154,70,284,197,53,27,15,248,11,102,24,547,254,116,141,0,m
3140,10938,2674,2521,3725,1223,5447,3094,3517,2719,1340,6056,720,1863,2420,14139,4571,2908,2410,20,m
2566,6380,2212,892,3764,1843,4371,2456,2756,2113,954,4387,696,1656,1133,9402,3740,3669,1043,15,m
4021,12797,3683,2972,4894,1695,6410,3654,3845,3294,1963,8256,1039,2538,3068,16648,5300,3618,2617,20,m
2149,5409,1832,680,3112,1433,4112,1859,2049,1728,697,4179,547,1632,798,8144,2812,3056,854,7,m
4620,14431,4292,2518,5330,1326,7806,4592,3503,3981,966,7637,882,3365,2451,20194,6601,4435,3498,5,m
531,1698,367,122,638,166,1074,641,416,384,141,1118,106,427,313,2321,865,845,246,0,m
2562,6359,2202,892,3758,1836,4359,2449,2753,2112,953,4380,696,1652,1133,9373,3730,3658,1043,15,m
5186,16121,4743,2837,6294,1670,8228,4986,4010,4482,1236,9519,1149,4018,2705,22446,7199,5755,3929,5,m
3406,12121,2886,2567,4236,1494,6103,3357,3482,2970,1454,7064,902,2569,2354,15509,4689,3027,2073,19,m
968,2403,574,331,1210,1182,2407,833,685,669,331,881,274,398,340,4195,1202,1506,400,4,m
2633,6706,2622,1373,5601,2089,4257,2807,3102,1768,2240,5307,1696,2041,1032,9215,5039,2357,1512,2,m
1,34,16,2,9,4,2,15,5,0,4,22,8,11,0,42,25,10,0,0,m
530,795,295,78,446,52,420,272,331,461,454,999,147,191,44,1821,378,272,46,1,m
3263,11652,2734,2591,4146,1634,5750,3146,3502,2732,1600,6771,802,2272,2737,14321,4460,3094,2208,19,m
1735,5923,2036,827,2280,375,3388,1740,1394,1551,292,5285,306,1804,685,8010,2544,2973,998,7,m
42,65,34,8,65,136,187,18,17,10,8,90,15,47,0,91,40,56,0,0,m
397,2889,805,249,763,258,1685,1035,304,141,53,1807,60,690,207,3440,1292,843,553,0,m
117,590,161,48,182,75,309,209,62,33,20,454,19,149,23,775,275,257,131,0,m
105,550,161,43,189,78,303,225,69,27,15,402,11,138,24,716,290,229,149,0,m
775,1676,306,90,937,307,1120,295,575,427,101,1088,34,252,95,2525,624,867,281,0,m
382,1820,521,170,819,201,1793,696,227,137,49,922,40,336,55,2411,969,531,541,0,m
3838,14388,3346,2811,4742,1851,7688,3991,3902,3439,1481,8167,929,2869,2859,17885,5588,3794,2885,20,m
5453,17675,4746,3322,7751,3317,9754,4994,5726,4980,2216,11693,1483,3942,3124,24326,7480,5425,3002,20,m
2776,7478,3609,1529,10659,11845,4520,3762,2745,2175,1953,7755,1508,2179,2911,12484,5574,5033,789,8,m
373,1784,492,168,803,201,1783,677,216,129,52,877,44,321,52,2372,938,506,528,0,m
105,550,161,43,189,78,303,225,69,27,15,402,11,138,24,716,290,229,149,0,m
223,1565,438,141,439,138,975,561,174,92,28,946,32,362,111,1878,727,450,292,0,m
531,1698,367,122,638,166,1074,641,416,384,141,1118,106,427,313,2321,865,845,246,0,m
1739,5672,1599,907,2025,658,4162,1987,1455,1403,419,2940,251,996,1107,6489,2797,2393,1506,12,m
4943,12657,3152,2939,7231,4579,6548,4525,4724,3477,1879,7506,1042,2718,2736,17050,6225,3695,1881,29,m
123,598,158,46,186,79,334,222,72,38,19,438,20,147,27,791,288,240,152,0,m
791,2049,805,241,1154,174,1329,580,797,519,259,1549,157,535,184,2876,1013,1002,499,2,m
1335,4553,1713,561,1949,446,2804,1472,1424,925,240,2598,190,1012,753,5361,2061,3070,1089,7,m
110,324,126,27,138,25,297,159,102,99,2,153,9,73,14,489,263,141,72,0,m
671,845,254,98,375,703,935,291,239,209,474,727,560,204,108,1640,477,491,111,0,m
654,1471,607,146,1072,251,1034,494,758,549,353,1815,193,413,101,2536,944,457,467,1,m
5218,16115,4809,2832,6290,1792,8476,5116,3968,4452,1085,9270,1112,3922,2718,22517,7339,5756,3885,5,m
1264,2901,804,315,1608,494,2956,906,873,716,175,1703,173,530,547,4403,1309,1195,396,0,m
225,1568,441,141,442,139,977,563,177,92,28,947,32,362,111,1889,730,451,292,0,m
223,1565,438,141,439,138,975,561,174,92,28,946,32,362,111,1878,727,450,292,0,m
2798,9518,2271,2272,3514,1389,4116,2557,2959,2219,1364,5471,754,1890,2531,12167,3664,2072,1725,18,m
105,550,161,43,189,78,303,225,69,27,15,402,11,138,24,716,290,229,149,0,m
711,1446,714,213,990,167,726,519,579,386,393,1361,174,418,129,2242,895,735,281,0,m
34,130,52,15,35,14,105,37,31,23,10,101,14,60,0,170,64,26,0,0,m
1416,3091,833,111,1707,900,3465,1476,674,870,987,2763,308,642,689,6016,1809,1557,246,0,m
43,327,133,28,124,62,260,166,41,20,12,230,11,97,14,483,220,114,88,0,m
5062,4613,1593,268,6669,2757,5508,1217,2822,465,3293,2667,3954,1340,9325,12954,1436,3788,283,0,m
4669,13155,3773,3177,5400,1864,6756,4620,4177,3602,2059,8030,1071,2749,2766,16659,6445,3161,3475,28,m
5272,13387,3301,3070,7460,4626,7035,4723,4966,3710,1886,7704,1046,2782,2905,18034,6482,4021,1984,27,m
8469,27849,8739,5646,11863,4779,14749,7777,7432,7847,3241,18101,2085,6023,5085,35735,11646,8912,6013,28,m
3549,12892,3207,2705,4735,1844,6344,3498,3722,2938,1864,7821,1031,2660,2874,16173,5072,3315,2515,20,m
76,314,136,41,164,7,250,109,93,57,7,247,9,95,23,513,171,184,128,0,m
105,550,161,43,189,78,303,225,69,27,15,402,11,138,24,716,290,229,149,0,m
105,550,161,43,189,78,303,225,69,27,15,402,11,138,24,716,290,229,149,0,m
8094,24161,5562,2452,11648,8333,12071,5458,6659,6731,1525,13899,1157,3559,2021,38139,8326,8100,2213,8,m
34,129,52,15,35,14,102,37,31,23,10,101,14,60,0,170,64,25,0,0,m
22,111,31,10,11,0,23,47,15,2,9,58,8,25,6,148,63,12,9,0,m
382,1818,519,170,819,201,1793,694,227,137,49,920,40,335,55,2407,966,531,541,0,m
63,488,137,34,170,73,272,182,51,25,22,372,8,95,24,671,239,147,122,0,m
4708,14746,4377,2549,5491,1361,7973,4664,3571,4099,938,7978,874,3473,2484,20615,6693,4666,3562,5,m
807,2122,843,251,1178,183,1364,611,802,525,262,1607,160,560,215,2954,1055,1057,506,2,m
6,39,16,2,8,0,0,15,3,0,8,27,8,11,0,52,25,10,0,0,m
254,1188,350,137,327,38,657,460,197,235,18,589,25,244,76,1342,659,433,166,0,m
76,314,136,41,164,7,250,109,93,57,7,247,9,95,23,513,171,184,128,0,m
605,2038,821,227,1067,747,1416,1089,493,363,280,3125,138,848,173,3531,1575,719,398,1,m
647,1408,590,143,1023,236,1008,482,734,538,314,1730,171,395,101,2421,920,430,462,1,m
228,1596,440,143,445,139,988,572,178,94,29,961,36,370,114,1911,738,464,292,0,m
1296,3184,915,398,1626,1917,1919,1076,973,683,1064,1927,354,577,437,4755,1497,1698,376,0,m
373,1772,489,167,801,199,1770,674,216,128,52,874,44,321,50,2351,933,511,525,0,m
105,550,161,43,189,78,303,225,69,27,15,402,11,138,24,716,290,229,149,0,m
105,550,161,43,189,78,303,225,69,27,15,402,11,138,24,716,290,229,149,0,m
123,598,158,46,186,79,334,222,72,38,19,438,20,147,27,791,288,240,152,0,m
811,1044,588,169,985,683,715,436,616,380,416,1273,226,384,128,2158,773,682,136,5,m
536,829,297,79,451,52,434,283,339,469,458,1007,151,196,46,1858,391,285,47,1,m
61,220,87,31,126,5,199,56,75,49,3,167,2,59,15,382,97,151,82,0,m
22,111,31,10,11,0,23,47,15,2,9,58,8,25,6,148,63,12,9,0,m
610,1375,600,144,998,222,875,460,686,493,304,1453,175,411,98,2146,915,511,411,1,m
811,1044,588,169,985,683,715,436,616,380,416,1273,226,384,128,2158,773,682,136,5,m
42,65,34,8,65,136,187,18,17,10,8,90,15,47,0,91,40,56,0,0,m
1,24,14,1,8,6,7,12,9,0,4,20,10,10,2,37,22,6,0,0,m
639,2156,434,163,834,374,1287,793,544,504,166,1123,135,459,586,2772,1054,973,380,0,m
289,884,385,66,366,75,709,303,242,313,78,390,44,166,179,1221,485,512,179,0,m
635,2119,427,161,838,360,1269,781,543,502,166,1123,135,459,577,2740,1042,958,375,0,m
22,114,32,11,11,5,22,47,15,2,9,59,8,25,6,149,63,15,9,0,m
1789,6227,2130,854,2352,435,3468,1819,1433,1590,320,5609,330,1904,713,8401,2659,3075,1007,7,m
105,550,161,43,189,78,303,225,69,27,15,402,11,138,24,716,290,229,149,0,m
654,1471,607,146,1072,251,1034,494,758,549,353,1815,193,413,101,2536,944,457,467,1,m
1092,2795,628,81,1387,838,3197,1192,550,804,748,2112,168,604,470,4859,1388,1158,115,0,m
557,2041,441,138,573,61,1029,552,182,132,46,1456,42,389,30,2481,752,853,480,0,m
1470,4049,1021,304,2669,2309,2119,1449,1176,1016,377,2231,352,933,693,5247,1963,2096,668,0,m
117,587,158,47,181,75,309,207,62,33,20,449,19,147,23,772,272,255,130,0,m
2446,8557,2042,2189,3120,1142,3635,2225,2951,2017,1330,5114,743,1712,2081,10735,3210,1735,1420,19,m
105,550,161,43,189,78,303,225,69,27,15,402,11,138,24,716,290,229,149,0,m
63,488,137,34,170,73,272,184,51,25,22,372,8,95,24,673,241,147,122,0,m
254,968,191,50,247,17,573,248,73,90,19,727,16,180,11,1243,338,371,138,0,m
382,1820,521,170,819,201,1793,696,227,137,49,922,40,336,55,2411,969,531,541,0,m
22,111,31,10,11,0,23,47,15,2,9,58,8,25,6,148,63,12,9,0,m
8,78,29,6,39,1,51,39,10,4,1,57,1,31,8,92,53,29,19,0,m
5055,4607,1590,268,6702,2762,5509,1216,2818,465,3277,2662,3940,1339,9292,12930,1435,3775,283,0,m
102,553,156,41,180,74,304,207,62,27,16,411,10,133,19,712,268,243,130,0,m
105,550,161,43,189,78,303,225,69,27,15,402,11,138,24,716,290,229,149,0,m
1,24,14,1,8,6,6,12,9,0,4,20,10,10,1,36,22,6,0,0,m
399,1260,417,108,554,624,993,450,344,399,113,782,106,292,141,1868,663,701,168,0,m
104,537,153,45,181,78,293,212,66,26,14,405,11,132,24,698,274,229,141,0,m
223,1565,438,141,439,138,975,561,174,92,28,946,32,362,111,1878,727,450,292,0,m
6,44,21,3,9,5,27,13,4,0,4,27,5,11,0,58,30,9,0,0,m
1311,3840,1317,831,1923,1297,1788,1351,1410,830,676,3516,435,974,396,4672,2330,1944,954,3,m
395,1298,482,92,574,89,938,419,448,469,82,914,45,328,202,2117,690,618,215,0,m
223,1565,438,141,439,138,975,561,174,92,28,946,32,362,111,1878,727,450,292,0,m
42,62,34,7,66,136,191,18,15,11,10,87,20,47,0,90,41,46,4,0,m
61,396,137,32,154,70,284,197,53,27,15,248,11,102,24,547,254,116,141,0,m
3104,10697,2806,2530,3782,1254,4878,2961,3487,2732,1685,6025,792,1949,2511,13883,4469,2817,2241,19,m
2576,8785,2292,2279,3408,1016,4125,2584,3004,2220,1524,5606,782,1920,2360,11952,3804,2119,1563,20,m
3460,12988,3197,2664,4588,1782,6375,3556,3659,2963,1646,7587,1043,2600,2864,16277,5076,3173,2531,20,m
3466,13237,3104,2749,4379,1674,6708,3608,3684,3038,1359,7318,793,2460,2792,16171,5099,3288,2666,20,m
4712,14770,4378,2548,5511,1373,7982,4671,3584,4105,952,7988,884,3474,2495,20654,6701,4659,3594,5,m
105,550,161,43,189,78,303,225,69,27,15,402,11,138,24,716,290,229,149,0,m
61,220,87,31,126,5,199,56,75,49,3,167,2,59,15,382,97,151,82,0,m
42,65,34,8,65,136,187,18,17,10,8,90,15,47,0,91,40,56,0,0,m
5472,17735,4765,3314,7758,3317,9820,5005,5734,4997,2222,11744,1483,3964,3135,24416,7492,5468,3003,20,m
654,1471,607,146,1072,251,1034,494,758,549,353,1815,193,413,101,2536,944,457,467,1,m
557,2037,436,138,572,61,1030,548,182,132,46,1453,42,387,30,2475,745,851,480,0,m
1,34,16,2,9,4,2,15,5,0,4,22,8,11,0,42,25,10,0,0,m
8255,16649,2706,1265,6719,2832,11538,4362,3694,4818,2325,12202,1717,2458,3649,23778,5846,9637,2382,10,m
968,2403,574,331,1210,1182,2407,833,685,669,331,881,274,398,340,4195,1202,1506,400,4,m
105,550,161,43,189,78,303,225,69,27,15,402,11,138,24,716,290,229,149,0,m
110,324,126,27,138,25,297,159,102,99,2,153,9,73,14,489,263,141,72,0,m
104,537,153,45,181,78,293,212,66,26,14,405,11,132,24,698,274,229,141,0,m
59,389,139,30,149,68,286,181,51,27,14,250,10,101,18,540,238,123,126,0,m
3329,6077,1805,1198,5450,3793,4207,3170,2548,1866,1065,3867,469,1452,1188,9578,4123,2420,1004,7,m
2450,8331,2103,2194,3009,898,3685,2311,2821,2000,1300,5068,702,1782,2020,11296,3494,1749,1499,20,m
105,550,161,43,189,78,303,225,69,27,15,402,11,138,24,716,290,229,149,0,m
373,1772,489,167,801,199,1770,673,216,128,52,874,44,321,50,2350,932,511,525,0,m
639,2156,434,163,834,374,1287,793,544,504,166,1123,135,459,586,2772,1054,973,380,0,m
443,1475,574,136,697,479,1088,509,484,496,93,1047,51,387,232,2292,864,750,258,0,m
4952,15250,4471,2696,5844,1490,8186,4773,3755,4321,1027,8603,1015,3725,2528,21348,6869,5096,3758,5,m
22,111,31,10,11,0,23,47,15,2,9,58,8,25,6,148,63,12,9,0,m
17654,32113,13217,4153,21278,4125,15678,9729,12233,13391,9910,30745,6466,9083,4314,53950,15499,18239,6956,19,b
5350,15421,5073,2261,7612,3421,7942,4184,4284,4530,1830,12475,1291,3509,1840,21018,6591,6934,2563,1,b
23849,58936,25323,16622,28488,5846,0,18131,20763,17474,31394,79562,16688,15033,10517,84195,31568,29713,14322,5352,b
3697,6092,2946,1416,3850,894,3212,2339,2399,2635,1573,6206,751,1593,903,10188,3748,2606,1165,3,b
17993,44739,14680,12452,22503,16407,25955,13239,12861,12425,6726,29413,4066,9156,5830,56288,21805,21843,10356,363,b
5030,10125,4832,1919,5646,944,5818,3474,3319,3214,2197,9907,1238,2879,1797,16350,5681,5798,2028,9,b
18075,43834,16665,10680,24032,6411,23101,15125,15389,12859,28837,65607,14989,11342,7351,62511,23046,27269,12165,5347,b
14048,33192,11370,6573,18631,7154,19401,10976,10759,9745,27864,57255,14873,7530,5564,48321,16058,20088,8988,5316,b
17776,44045,14463,12331,22218,16338,25345,13108,12738,12294,6632,28894,3998,9008,5788,55477,21555,21498,10119,363,b
8423,25894,7595,4406,9802,5675,13419,8954,5743,5696,2370,14333,1189,5100,5281,34162,12676,8733,5321,31,b
1502,4716,1198,452,1660,976,3366,1308,1086,1286,22451,35778,11222,787,636,6397,1985,1450,687,5310,b
16727,37372,14680,9936,21517,5926,19088,12623,13661,11978,27129,58077,14005,8832,5398,54417,19574,20460,12422,5326,b
26816,62133,22774,12914,35816,17968,35150,19384,20458,19031,32986,79191,17992,14320,7711,89551,31282,32564,13364,5638,b
4618,9135,4695,2195,5288,1158,4396,3122,3227,3183,2097,8504,1168,2492,1701,14031,5070,4802,2083,11,b
8010,20242,6606,3545,8635,1646,10829,6368,5779,5493,3064,14770,1776,5289,2322,28044,10085,8133,4044,6,b
1838,4852,1551,878,2061,783,2115,1256,1279,1246,318,2140,151,867,875,6639,2073,1819,951,0,b
11825,21774,7139,6500,14216,6215,10640,7806,8118,7255,26184,48008,13180,5206,5457,29185,12198,9570,6014,5351,b
3424,9163,3057,1863,4595,2728,4743,3732,2904,2328,1193,5658,556,1876,1332,12899,5445,3049,1411,17,b
3424,9163,3057,1863,4595,2728,4743,3732,2904,2328,1193,5658,556,1876,1332,12899,5445,3049,1411,17,b
13691,28572,10105,3859,13756,2476,13696,8149,8489,8400,6487,28521,3361,7199,4110,43156,12934,17060,6472,16,b
10106,23841,8283,3505,12827,6444,18402,8762,7380,7385,26078,52222,13823,6383,3763,35431,13222,13403,4558,5319,b
12428,22400,10916,6497,14832,4097,9740,7152,9151,8366,26511,52348,13641,5613,3400,36633,12187,13952,7177,5324,b
10871,21731,7439,4402,12238,2970,8455,6965,7527,5658,25798,49552,13058,5061,3872,33263,10397,14687,5009,5333,b
30084,75366,29330,18504,40013,9012,38075,23334,24876,21881,31045,86423,16680,18714,13311,106663,37433,43338,19184,5342,b
21527,37433,17520,6180,24429,5494,0,11587,15506,16741,9696,44111,5691,11967,5048,62034,20838,24411,8637,9,b
6844,12716,5821,3425,8183,2322,5635,3872,4849,4004,24663,42980,12485,2998,1544,21878,6119,8569,3979,5313,b
15823,32078,13980,9728,20939,5697,14814,9993,12575,9822,27243,55250,14354,7561,4768,49709,15848,22399,10188,5327,b
6809,14749,6169,4162,9046,2980,7466,4760,5525,4477,24191,43583,12398,3481,2333,23265,7255,10094,4997,5311,b
12001,24025,10945,6874,15726,4360,11653,7550,9520,8090,25852,51510,13293,5846,3293,39471,12074,15848,7998,5316,b
8455,19278,7443,4766,10971,3427,9591,6120,6512,5567,24798,47103,12727,4425,2690,29145,9268,12397,5809,5314,b
6884,12021,6085,3514,7680,1971,4618,4521,4473,3953,3884,10464,2198,3839,2361,18482,7841,6596,2540,19,b
9139,15892,9285,4887,11166,3537,6904,5348,5948,4614,26603,45729,13683,3965,2597,26901,8807,10524,5441,5312,b
10847,21030,9468,5774,13238,3882,9486,6963,8075,7058,25732,50190,13287,5408,3304,34073,11254,12870,6281,5317,b
2004,3747,828,265,1634,1091,2421,1707,928,1592,1254,5116,460,1129,2107,7219,2267,1045,437,0,b
4113,7178,3745,1523,5075,1280,2794,2272,2797,3085,24137,41546,12028,2043,832,12562,3964,3070,1541,5310,b
2003,4706,1430,812,2602,1610,3122,1707,1575,1678,23876,36947,11847,1310,776,7205,2671,2328,925,5310,b
1648,4570,1558,441,2700,1630,3548,1594,1282,1388,577,4221,356,1317,777,7012,2093,2204,937,0,b
9941,20848,9041,5967,13444,3950,10851,6569,8145,6411,25029,47430,12805,4851,2846,33650,10181,14483,7154,5316,b
1,3,2,0,4,0,7,0,2,1,0,0,0,0,0,4,1,3,0,0,b
11419,22562,10172,5866,14635,5089,11772,7113,8499,7448,25903,50929,13327,5280,3427,37841,11117,13842,6866,5314,b
822,2381,908,263,1218,552,1345,735,763,720,267,1719,205,560,398,3184,1225,1216,445,0,b
868,1927,669,206,1221,497,1589,790,546,932,239,1496,123,502,276,3152,1122,1139,303,0,b
20407,41046,18351,9846,24478,6360,20852,13796,15660,13644,29893,66809,15653,10459,7903,59449,22772,26363,10150,5356,b
25293,59689,22042,12772,33074,16157,32312,18141,18806,18220,31124,76315,16601,13520,7498,85119,28904,32569,13106,5639,b
7589,15305,6701,4536,10562,3716,7418,5254,6096,4371,25643,45026,13104,3964,3111,24124,8124,11011,4946,5312,b
11820,23840,10887,6923,15361,4136,11615,7709,9268,7398,26052,50956,13382,5994,3431,38458,12226,16285,7852,5317,b
16254,32830,13963,9614,23186,6997,16109,10537,13675,10533,28151,57829,14989,8276,4778,50662,17063,21715,10349,5326,b
17732,37811,13384,10539,21556,5651,16406,11359,13839,12608,8014,24951,4430,9133,7915,57130,18619,19852,7540,57,b
15479,33244,12826,6661,20423,5454,17568,12203,13190,10309,27000,58786,13706,9026,6573,45698,18762,24318,9587,5334,b
3271,5991,3058,1508,3806,834,2485,2332,2052,1804,1947,5501,995,1836,1244,10046,3926,2725,1093,4,b
5590,9140,3026,2275,5707,1589,3632,2630,3717,2332,24049,39390,12158,2031,892,12126,3828,8134,2034,5313,b
24385,45987,16417,10995,34228,11202,0,16020,16862,18413,31868,74881,16287,11822,12087,68119,25178,25856,10639,5337,b
8095,25093,7441,4301,9644,5744,13315,8810,5660,5466,2243,13979,1167,4920,5333,33042,12355,8390,5220,31,b
25786,51594,22948,12579,29843,7656,23269,17035,19138,18572,8195,42107,4395,13198,12800,77435,28637,27657,13536,41,b
17428,41008,15905,7561,23370,9881,0,15680,13994,11754,31703,71030,16005,11135,10560,56482,24293,25863,8456,5347,b
15224,36623,14163,10203,21751,5604,18013,11198,13102,9919,26241,60753,13733,8297,5322,55213,17249,25057,11059,5326,b
24443,59006,21913,12310,31745,8971,28966,18078,18231,15886,30306,74835,16068,13127,12075,87127,27621,33070,15433,5332,b
12856,25274,11251,7474,17129,4584,12289,7887,10250,8440,26016,52182,13402,6126,3541,40871,12557,17494,8365,5322,b
1706,6226,1650,1045,2269,503,3792,2045,1707,1461,429,2660,256,1021,1422,7339,3030,2510,1401,12,b
7208,15085,6345,4249,9199,3023,7596,4910,5687,4623,24287,44193,12441,3616,2494,24057,7502,10280,5039,5311,b
6604,12565,5755,3402,8014,2281,5589,3875,4812,3929,24442,42777,12387,2982,1511,21626,6010,8418,3981,5313,b
3393,8469,1940,807,4611,2435,4278,3204,2397,1938,953,7417,428,1888,877,13770,4377,2620,723,16,b
30640,62186,29132,16860,52430,13011,27673,21730,18756,22092,8362,50852,4807,16262,19773,105719,34160,24702,15587,36,b
9226,28050,8281,4787,10699,5913,14865,9685,6331,6414,2578,15619,1292,5559,5631,36961,13774,9935,5846,31,b
26975,54982,19101,8331,27809,15367,24531,16259,18106,19420,9067,53888,5777,13238,9453,89262,25803,30907,10833,7,b
7628,14502,6459,4014,9420,2422,6619,4848,5624,4424,24640,44071,12558,3790,1942,24858,7726,9594,4311,5317,b
50164,120576,44103,29434,56384,14343,0,34928,39192,33529,36934,123559,19655,28634,20994,171291,56674,60830,25813,5445,b
18061,45017,14763,12488,22580,16422,26049,13317,12907,12482,6734,29574,4073,9216,5875,56656,21931,21908,10405,363,b
1706,6226,1650,1045,2269,503,3792,2045,1707,1461,429,2660,256,1021,1422,7339,3030,2510,1401,12,b
2092,3217,1139,626,3823,2679,2087,2046,1940,1140,578,1880,213,639,893,5063,2687,1859,318,11,b
10150,18910,7520,5117,11949,2641,8774,5797,7660,6307,25543,48452,12952,4795,2903,26398,9158,13559,4263,5327,b
2009,3121,783,534,5105,3527,1890,1952,2005,1290,1294,1812,220,537,1289,3826,2458,1784,839,31,b
4195,10911,3562,1739,6545,4787,3875,2234,2860,2724,1749,6656,840,1819,1596,11385,3946,7731,1186,1234,b
2431,3475,983,691,4582,2761,2387,2007,1841,1107,630,1390,189,511,1335,4615,2619,2058,789,30,b
2044,3882,1189,589,4969,2433,2535,2176,2059,1416,1096,2473,234,826,1349,5229,2877,2217,982,28,b
1025,2969,700,274,1057,329,2439,855,683,848,120,1472,100,487,384,4160,1309,777,497,0,b
8920,19287,7919,4905,11030,3442,9817,6030,7099,5658,24918,47559,12846,4771,2878,29638,9411,12604,6113,5315,b
1430,3788,1448,449,2065,1402,2646,1294,1361,988,369,2792,250,894,488,5303,1905,1897,819,2,b
1119,3167,1046,291,1413,314,2442,1113,1064,774,227,1853,155,648,558,4048,1544,1674,697,3,b
13113,22592,10195,5927,14479,3588,9842,7112,9002,7295,26849,50606,13658,5471,3576,34391,11903,16359,5951,5322,b
11130,18146,10168,4671,11533,2692,7015,5812,7768,7502,27447,52539,13795,5076,2342,31687,10510,9466,4720,5328,b
1089,3580,887,309,871,2233,3376,1306,531,635,359,3035,240,983,285,6157,1610,1127,438,148,b
26752,57000,19142,8684,34045,9662,29674,18754,22038,20939,31639,96424,15763,18295,11677,80160,29268,35064,17294,5373,b
12689,29755,9989,7682,16296,9779,17437,9550,8512,7676,3433,19985,1785,6376,5214,36739,14875,13168,7053,48,b
12472,25282,10706,4269,13366,2320,12143,8138,8485,8357,6231,20748,3114,6266,4926,39953,13208,15030,5254,11,b
16928,36298,12703,5558,18741,4472,20732,11632,12831,11082,9145,31445,4293,8934,5963,56572,18665,19308,7288,33,b
1652,2018,570,297,2106,2334,576,935,526,265,1006,1054,472,397,230,3004,1085,704,91,0,b
16049,41725,13493,8217,19673,5340,22854,13096,14446,12288,27222,60260,14442,9059,8059,58790,19168,23133,9330,5328,b
12607,22705,9565,5295,15377,4117,10547,7167,8298,8027,28100,52729,14230,5219,3541,37991,11129,12579,6986,5320,b
3431,12285,3918,1915,4642,1325,6355,3709,2751,3259,506,7399,576,2855,1598,17789,5344,3837,2755,0,b
1067,4969,1272,527,1437,713,2775,1441,800,925,22395,35662,11188,938,753,5962,1956,2201,420,5310,b
8585,22401,7664,3082,9901,2783,14341,6932,6003,7675,2565,15342,1580,4792,3511,31538,11054,10629,3785,62,b
8585,22401,7664,3082,9902,2783,14340,6932,6003,7675,2565,15342,1580,4792,3511,31538,11054,10629,3785,62,b
1268,3651,900,369,1396,463,3070,1075,828,1014,138,1831,116,620,550,4964,1656,1116,762,0,b
21419,40663,19200,8740,22534,6354,12906,13772,13552,13425,6597,41267,4017,13713,6965,62323,23817,28103,8598,48,b
2612,4683,2524,1065,2853,662,2797,1852,1738,1712,1205,4614,555,1215,887,8260,3012,2277,1092,3,b
20997,46001,18708,12709,27762,7144,22597,15045,16744,14121,28366,66334,14990,11373,7194,70409,23688,27896,13230,5332,b
15127,32509,13244,9567,20366,5386,15331,10005,12418,9384,26355,53886,13735,7393,4619,48428,15810,22229,10520,5334,b
7058,14255,6579,3929,9238,2377,5927,4067,5282,4776,24281,44652,12449,3547,1607,24347,6550,8839,4535,5310,b
23410,54289,20956,13941,31557,8619,29334,18338,19970,17228,29170,69223,15613,12499,9292,78424,28073,32833,14835,5337,b
53,175,72,7,341,4,89,20,82,14,1,10,0,6,113,154,107,59,0,0,b
4820,11031,4606,3055,6917,1936,5224,3232,3965,3219,23511,40642,12003,2682,1042,18708,4921,7567,3563,5310,b
14309,36509,12799,9532,20807,10747,15800,10668,12556,9447,25496,53884,13355,7651,8915,50103,16150,26400,10816,5326,b
18549,32630,14930,9467,22481,6162,15637,10049,13632,11733,28372,59323,14555,7677,4793,53909,16756,21285,10578,5329,b
36762,79556,32063,20290,42154,12937,30377,28851,27486,25355,33233,93452,16719,18989,18380,118565,44727,37545,19445,5430,b
17993,44739,14680,12452,22503,16407,25955,13239,12861,12425,6726,29413,4066,9156,5830,56288,21805,21843,10356,363,b
1622,6455,1639,908,2220,362,3342,1775,1547,1415,236,2920,246,1244,946,8195,2614,2053,1472,0,b
11317,23880,10024,6065,13965,4164,13421,8042,8817,7410,25629,49903,13193,5601,3912,38354,12511,14981,7059,5320,b
20488,59112,16174,11213,24047,7645,26577,16581,16956,16756,30754,80407,15132,12569,11607,87213,24918,22166,12090,5360,b
12009,24988,10431,7296,16343,4430,12743,7752,9773,7531,25523,49700,13132,5665,3703,39016,12043,17769,8424,5325,b
2832,5701,2519,1211,3098,820,4265,2136,2040,2409,23241,38499,11483,1484,1004,8821,3346,2715,1666,5314,b
1,20,20,0,2,2,9,6,2,0,0,22,2,10,0,42,18,5,0,0,b
15345,31584,13573,9648,20639,5557,14755,9623,12429,9789,26558,54773,13860,7299,4678,48333,15277,22312,10163,5327,b
9868,18258,8555,5190,11984,3673,8499,5969,7333,6610,25582,48701,13131,4650,2892,30479,9571,11601,5913,5315,b
11968,27514,10362,8157,17417,5010,13124,8199,10396,7756,25044,49857,13140,6182,4012,40329,12588,19809,9052,5323,b
9411,21359,9062,5679,12582,3759,10564,7027,7477,6055,25039,48782,12894,5286,3350,33681,10974,13540,6458,5317,b
5357,13197,5326,2647,6925,1520,6442,4639,3873,3681,2430,10482,1612,3488,2437,19117,7206,6249,2357,13,b
21924,44411,19789,13175,28875,7023,20249,13904,17559,14379,28974,67375,15076,10833,6744,66984,22516,30195,13840,5332,b
12301,25485,10807,7501,16565,4421,12797,7907,9921,7709,25705,50132,13243,5789,3800,39802,12335,18082,8551,5325,b
1473,1337,1150,318,2935,932,509,500,1801,848,1497,2623,1114,563,262,3525,1377,899,491,1,b
17993,44739,14680,12452,22503,16407,25955,13239,12861,12425,6726,29413,4066,9156,5830,56288,21805,21843,10356,363,b
28090,70930,18187,22025,35473,15449,0,24450,21622,16033,32014,75212,16574,15547,12649,81975,38027,31615,19578,6998,b
4953,5954,3604,1267,5636,1598,3436,2396,3354,2948,2587,7009,1425,1816,966,12386,4000,3659,1201,4,b
22874,42858,19904,12686,28139,6298,19029,13276,17852,14648,29954,66881,15561,10449,5886,67982,22605,28538,13137,5340,b
16094,35166,15130,10673,22440,5751,16726,10858,13542,10290,26803,56991,13933,8251,4910,53045,17257,24474,11381,5330,b
19358,45453,17808,12044,26485,12024,19121,13937,15866,12492,27850,62512,14627,10127,10664,64765,21942,30900,12628,5336,b
12890,25890,10985,7548,16836,4543,12819,8013,10125,7975,25967,50740,13471,5941,3837,40928,12561,18272,8629,5325,b
18542,42433,16963,11977,28218,7916,24016,13695,14797,12773,28482,63191,14206,10120,5961,63831,20937,26003,13229,5328,b
7587,21431,8224,7227,8490,5784,16731,8449,5814,6011,1588,14002,962,5318,3637,31097,12408,6692,7215,20,b
12087,24918,10432,7293,16302,4392,12506,7688,9771,7549,25559,49782,13165,5662,3694,38989,11985,17809,8383,5325,b
14969,31238,12677,9256,20353,6026,15548,10018,12434,9448,26177,54513,13588,7395,5303,46271,15447,22074,10430,5329,b
29279,53407,19923,12464,33069,12134,25313,18077,18845,15913,31178,70315,16784,10943,8346,90656,26780,26327,12666,5339,b
2669,7598,2813,1581,3335,749,4220,2585,2181,2294,1036,5161,530,1581,1629,10600,3994,2850,1658,12,b
9759,20008,8754,5678,12674,4253,10746,6846,7895,6306,24988,48346,12781,4878,3607,31319,10553,13434,6951,5317,b
5762,13482,5218,3732,7850,2808,6912,4277,4920,3698,23455,41959,12038,3175,2027,20417,6449,9572,4678,5311,b
2448,4356,2323,953,2593,1018,2072,1460,1589,1733,23370,37476,11597,1037,745,7316,2459,2046,748,5310,b
869,2404,506,113,1092,142,2228,950,716,709,275,1643,124,435,384,4228,1254,710,355,0,b
19881,49857,16108,13536,24798,17191,28103,14320,14137,13569,7030,31929,4298,10137,6308,63650,23378,24814,11987,363,b
20132,62567,22936,16405,26002,6161,22985,15852,16497,16917,28138,75680,14373,14879,12534,84363,25805,24230,14823,5342,b
17821,43607,13382,7618,19427,5000,22988,13521,13724,11852,27814,61821,13968,8276,6525,65204,19650,23529,7920,5329,b
11985,24835,10991,6416,14937,4509,12295,7951,9060,8091,25898,53691,13321,5984,3861,39754,12688,15781,7403,5314,b
11981,24819,11010,6425,14960,4472,12295,7961,9069,8097,25905,53734,13326,6004,3864,39797,12703,15746,7398,5314,b
1276,4142,1210,661,1447,1449,3575,1792,833,273,181,2374,476,1393,85,7396,2155,1075,289,0,b
545,1814,438,181,623,132,1499,535,352,372,62,661,36,336,273,2568,715,406,388,0,b
14803,33112,15186,6414,26599,7360,28774,20567,9114,10190,7656,74316,3803,13237,2283,62049,26096,7838,9251,45,b
301,867,466,53,553,160,923,356,271,251,90,930,50,396,488,1758,539,377,180,0,b
6810,14749,6169,4162,9046,2980,7466,4760,5525,4477,24191,43583,12398,3481,2333,23265,7255,10095,4997,5311,b
1025,2969,700,274,1057,329,2439,855,683,848,120,1472,100,487,384,4160,1309,777,497,0,b
11707,25802,7953,11516,13580,4638,8680,6847,9439,7033,6621,17154,3671,6459,5273,35918,11579,11300,7217,43,b
6277,6048,1924,862,5999,19241,2912,2714,3261,3645,3302,12592,1895,2267,677,15038,3780,3331,1490,1,b
6277,6048,1924,862,5999,19241,2912,2714,3261,3645,3302,12592,1895,2267,677,15038,3780,3331,1490,1,b
13384,33136,8547,10182,17051,11983,19731,9391,11215,7979,3102,17194,1638,5326,5270,36974,14820,15659,9157,76,b
8497,17470,7850,4979,11099,3419,8982,5625,6709,5443,24690,45959,12573,4141,2546,28576,8800,11896,5930,5314,b
1085,1681,1185,520,1208,230,759,641,653,898,692,2312,315,510,277,3423,1084,740,336,0,b
517,1554,285,101,568,137,1455,431,394,408,54,484,39,180,281,2331,562,220,246,0,b
6950,13590,6578,4032,8824,2407,6465,4158,5254,4289,24410,43335,12428,3307,1692,22982,6733,9209,4442,5313,b
12665,22605,9742,3366,13506,1627,8589,6169,9651,9697,5623,23458,3040,6292,2529,37641,11950,10980,4867,21,b
8355,19460,6877,3549,9708,3556,12114,5731,6370,5792,24631,45944,12634,3728,3002,30788,8545,11934,4458,5317,b
12972,29627,10667,6504,14926,4202,13371,9337,9714,9999,27656,60426,13824,7947,3904,42061,14635,15358,6899,5329,b
2952,7738,2802,1385,3484,1182,3395,2308,2021,2034,23786,39468,11796,1782,1546,11189,3757,2942,1587,5313,b
16759,37243,15515,10538,22638,5926,17769,11489,13581,10518,27351,58122,14161,8342,5792,55166,18103,25627,11259,5327,b
1577,6257,1562,868,2133,353,3257,1699,1498,1375,232,2784,232,1181,912,7964,2505,1959,1430,0,b
3244,3776,2419,994,4709,2157,2698,1877,2250,1395,5013,9081,2288,1643,1767,6580,4428,1431,2168,2,b
6218,17564,5069,2403,10182,6706,12375,6227,5225,5417,1852,11884,1381,3997,2658,24371,8572,8072,2151,8,b
24500,46795,21256,13145,30023,6892,22246,15419,18888,15653,29842,68019,15529,11257,7432,73547,25031,30631,15049,5342,b
15858,35127,14326,10498,22094,5576,16572,10896,13550,10186,26687,55580,13901,8103,4929,51785,17299,23978,11337,5333,b
4181,7766,3841,1651,4489,1353,3605,2727,2519,2348,23907,40099,11950,2245,1352,13002,4471,3574,1308,5313,b
1749,5519,1046,343,1962,1566,4856,1660,1291,1601,276,3188,253,936,916,7689,1933,2431,717,0,b
9462,17646,8265,5142,11685,3505,8171,5582,7164,6336,25258,47943,12951,4389,2606,29293,9011,11382,5791,5314,b
12256,25116,11188,7528,16550,4462,12503,7988,9932,7741,25840,50810,13301,5992,3802,39553,12593,17938,8292,5323,b
13210,25924,11627,7694,17537,4635,12548,8096,10467,8635,26231,52792,13546,6295,3672,41879,12902,17866,8523,5322,b
18613,40784,16986,11572,25507,6301,19459,12491,15312,12392,27800,61856,14613,9766,5799,60873,19686,26828,12615,5336,b
6578,12545,5747,3391,7987,2273,5572,3845,4785,3917,24417,42693,12391,2961,1511,21535,5972,8402,3977,5313,b
9690,15232,6713,4462,10392,2266,5911,4467,6624,4871,25544,45669,13000,3711,1828,21527,7247,12329,3743,5323,b
1983,3367,1133,531,2449,4623,2815,1378,1353,729,1195,2544,769,767,458,5384,2182,1375,734,8,b
8112,13834,6226,3514,9265,2762,7004,4280,5597,4791,25121,46289,12709,3594,2252,25218,6725,9366,3960,5315,b
21448,54107,16735,9249,22837,6238,0,14436,13235,14541,7777,37107,4097,11151,7473,69673,22598,23544,10536,26,b
9872,19541,8818,5546,12337,3532,10210,6562,7684,6211,25174,48198,12871,4768,2994,32243,10196,13343,6601,5314,b
4130,6556,3670,1678,4201,888,2578,2367,2366,2176,1764,6251,963,2024,1171,11721,4005,3115,1220,3,b
18132,45471,14907,12549,22684,16434,26204,13428,12948,12528,6751,29968,4091,9372,5904,57222,22104,22066,10449,363,b
18061,45017,14763,12488,22580,16422,26049,13317,12907,12482,6734,29574,4073,9216,5875,56656,21931,21908,10405,363,b
6347,13013,5117,3206,7427,1778,5588,4567,4651,3947,24484,43191,12295,3635,2214,18245,7131,7969,2642,5320,b
17080,35691,15188,10717,23210,5860,16595,10798,13960,11072,27274,57959,14231,8384,4856,54297,17272,24377,11433,5329,b
14092,30038,11846,8140,16692,5054,15381,9766,10531,9867,25957,55111,13347,6768,4408,44781,15336,15304,8792,5312,b
1622,6454,1638,907,2219,362,3342,1775,1545,1414,236,2920,246,1244,946,8195,2614,2051,1472,0,b
6940,15154,6326,4202,9205,3021,7620,4935,5606,4534,24261,43913,12451,3603,2427,23979,7516,10257,5064,5311,b
32952,75969,24724,14599,36050,11685,0,20463,21598,21875,10634,48626,5448,14394,18977,103387,34074,33293,16205,45,b
1325,2160,767,342,2044,1140,1529,1370,901,1053,436,2131,159,708,468,3551,1746,1408,314,22,b
19881,49857,16108,13536,24798,17191,28103,14320,14137,13569,7030,31929,4298,10137,6308,63650,23378,24814,11987,363,b
6336,11222,3627,2690,7381,2369,5541,3519,4565,3221,24184,40581,12133,2375,1466,16791,5010,9659,3193,5314,b
4409,10021,2073,3069,4729,2202,3084,3021,3824,1980,988,3535,470,1410,1404,13035,4338,4177,1678,1,b
5974,9961,4003,2558,6702,1939,4320,3642,4399,3631,24392,40854,12235,2434,1831,15769,5639,6741,2565,5331,b
9712,23558,9087,5792,13429,3933,11961,7639,7926,6261,24938,48787,13029,5676,3799,35420,11821,14464,6795,5325,b
4965,9577,4678,2345,5885,1227,4357,3629,3406,3143,2368,8962,1275,2817,1895,14975,6085,4754,1809,9,b
9392,17310,5661,4673,10393,3135,7578,5441,7003,4498,24847,44031,12615,3857,2784,20519,8065,14044,4507,5324,b
6013,12454,5708,3528,7890,2294,5716,3893,4491,3727,24152,42655,12316,3130,1343,21427,5990,8349,3865,5310,b
11451,23423,10660,6869,15026,4061,11483,7547,9080,7274,25835,50279,13274,5786,3353,37628,11972,16019,7779,5317,b
20699,52991,20262,10815,24074,7538,30546,18524,17770,17372,29782,72280,15639,12632,12751,72466,29676,27316,11033,5363,b
4545,10828,3807,1570,4885,1761,7520,4035,2871,3009,23607,41020,11883,2505,2624,17148,5467,4588,1742,5310,b
7405,14463,7510,4197,9467,2335,7024,4750,6246,5117,24991,46576,12485,3741,1924,22547,7932,9571,4250,5328,b
13708,31863,9787,6737,15131,4202,15339,9665,10080,8451,27186,52789,13911,6603,5171,43092,14519,19354,7231,5330,b
21015,52142,17140,14107,27619,18632,29888,15538,15675,14316,8734,34344,5561,11059,6755,66860,25775,25465,12363,363,b
1622,6454,1639,907,2219,362,3342,1775,1546,1414,236,2920,246,1244,946,8195,2614,2052,1472,0,b
1275,3865,1145,912,1723,393,1669,1252,1053,945,349,1839,213,595,892,4539,2096,1515,1027,3,b
13021,26532,11414,7819,17077,4591,12966,8107,10271,8091,26141,51713,13430,6124,3898,40999,12783,19192,8781,5326,b
8067,16132,6945,4589,10054,3195,7861,5326,6124,5084,24711,45424,12602,3988,2555,25833,8240,10868,5327,5311,b
15193,29459,13362,8816,19360,5071,14042,9073,11531,9694,27154,55573,14269,7297,4254,47543,14668,19833,9281,5326,b
6627,12593,5707,3400,8076,2280,5600,3806,4773,3917,24508,42650,12451,2936,1516,21547,6005,8439,3962,5313,b
24815,47665,17951,12105,27494,10064,21515,17755,18740,14760,30596,67013,15616,10319,8550,67122,27799,29215,12621,5342,b
22609,41189,16056,11677,26034,9218,15857,13353,15338,14437,31266,65601,15863,10172,8055,57567,22577,19989,10976,5383,b
6920,13256,6215,3998,8778,2298,5941,4080,5158,4216,24410,43220,12440,3256,1589,22542,6540,8992,4237,5313,b
7810,17044,7982,4470,9747,2889,8994,5721,6849,5753,25074,47860,12518,4236,2807,25547,9300,10199,5145,5329,b
8455,19278,7444,4766,10976,3427,9590,6120,6512,5571,24798,47111,12727,4425,2690,29149,9268,12398,5809,5314,b
8549,13819,7854,3819,9551,1952,5350,4828,5544,5833,3882,15132,2078,4196,2364,23238,8699,7186,3090,11,b
24634,53026,20323,12743,30064,8579,26037,16463,19744,17852,31050,70967,16154,11375,8282,74248,27706,28285,13496,5352,b
18755,47460,15648,11674,22127,6657,20017,13395,15330,13664,27895,64814,14217,9879,6548,66921,21006,18235,10826,5354,b
29935,54308,23055,13357,35305,8692,25684,18426,21309,20477,34828,80833,17449,12935,9665,81653,30053,27852,14751,5361,b
4881,12112,5242,3026,6052,1157,6943,3843,3740,3836,1632,9550,846,2429,1641,18026,6069,5935,3251,0,b
24915,58428,22358,12919,27071,7293,33072,19339,19383,18409,30545,77252,16106,14048,8590,83363,31153,28657,16672,5351,b
6810,14749,6169,4162,9046,2980,7466,4760,5525,4477,24191,43583,12398,3481,2333,23265,7255,10095,4997,5311,b
12949,34655,11148,7328,14368,5516,18128,8885,10486,9210,28306,56957,14344,6636,6201,47439,14028,12001,6529,5339,b
11243,22216,9775,6004,13704,3974,9911,7217,8333,7337,25852,50821,13367,5632,3551,35324,11741,13445,6365,5318,b
17773,38854,16141,10984,23466,6169,18299,12110,14380,11182,27231,58855,14189,8649,6150,57301,19280,26251,11662,5336,b
6702,19751,6122,4823,7343,2323,11721,5858,4862,5133,2120,11214,1150,3599,3145,26450,9172,5941,4400,12,b
21015,52142,17140,14107,27619,18632,29888,15538,15675,14316,8734,34344,5561,11059,6755,66860,25775,25465,12363,363,b
625,2323,510,169,552,313,2187,850,421,486,122,1347,59,338,394,2461,921,1208,462,1,b
3788,6220,2014,1408,3928,1349,2591,1759,2590,1805,23664,37545,11843,1302,630,8678,2584,5116,1338,5313,b
2797,4856,2454,978,2893,1267,2436,1559,1710,2037,23540,38068,11693,1183,720,8348,2663,2146,883,5310,b
9487,21495,8399,6243,13665,3895,11111,6618,8215,5973,24411,46291,12620,4908,3125,32653,10092,15897,7423,5319,b
9591,20690,8540,5343,12103,3808,11662,6556,7473,6385,25073,47350,12795,4690,3116,32293,10012,13416,6778,5312,b
6650,9073,4592,1928,7609,2357,4482,3544,3728,4358,3951,11281,1688,2689,2322,16399,5413,5784,1600,4,b
9113,15685,6934,3575,10344,3382,7776,5889,5527,5907,4173,16139,1878,4752,3544,24403,9332,8587,3319,17,b
4231,6088,2246,545,4429,3503,5128,2360,3234,2541,2439,2396,570,714,7163,8492,3227,9676,559,0,b
760,3044,963,395,1506,160,1738,858,796,842,175,1737,112,667,492,3675,1601,1433,360,1,b
357,1842,465,222,508,138,1105,509,269,289,80,1095,92,540,241,2118,710,548,265,0,b
24084,57203,17697,7270,28731,10087,36470,17350,17489,17439,31376,72349,16789,11297,6670,80198,27188,36500,10700,5334,b
25333,43545,17646,10980,31167,12772,21614,16731,18151,16101,31603,66964,16783,10158,10500,72568,24440,24481,12821,5345,b
8092,16095,7168,4660,10079,3218,7926,5200,6288,5127,24678,45173,12615,3841,2543,25754,8159,10933,5372,5314,b
9702,17276,5644,4631,11342,3267,8146,5364,7300,5027,24929,44614,12630,3879,2678,23154,7867,14987,5087,5324,b
3290,5500,1531,801,5175,2705,3503,2382,2649,1787,1084,3393,364,1095,1543,7855,3460,3005,1284,30,b
7510,17026,5816,3847,9514,3895,8776,5825,5346,5307,2477,12122,1282,3309,3268,23721,8925,6904,5260,48,b
419,1256,335,91,557,107,945,378,346,372,113,957,84,293,142,1825,579,619,283,0,b
14531,27806,10934,8696,16683,5028,10173,9802,10039,8770,5987,23536,3037,7352,5757,40288,17531,11098,8070,44,b
1961,2750,883,426,3415,2603,1859,1912,1563,952,734,1817,256,655,766,4902,2544,1342,331,16,b
8579,13800,4785,3631,9764,2669,6157,4081,5944,4521,24946,43220,12638,2988,1745,20849,6001,12007,3793,5323,b
20153,40504,18541,12612,26515,6386,18312,12495,15962,13431,28547,63579,14853,10029,5414,61632,21009,27018,12880,5338,b
8494,17588,7556,4649,10824,3366,8737,5674,6492,5299,24831,46584,12622,4392,2680,28337,8823,11475,5744,5314,b
19498,38955,17828,11763,25651,6230,17830,11825,15458,12913,28065,62091,14628,9464,5244,60093,19751,26465,12351,5332,b
12140,25290,10525,7319,16387,4407,12710,7774,9836,7630,25514,49894,13130,5738,3737,39311,12125,17958,8502,5325,b
16392,36187,14683,10572,22525,5587,17482,11127,13665,10454,26604,56597,13902,8313,5071,53700,17438,24712,11567,5329,b
12140,25300,10525,7319,16382,4422,12740,7784,9849,7630,25514,49894,13130,5738,3737,39320,12135,17969,8501,5325,b
19834,45520,17937,12392,27495,6569,21347,14042,16719,12943,28349,64163,14869,10947,6323,66595,22409,29953,12963,5334,b
24347,52587,18992,14793,31719,10756,22551,17173,19153,15046,29320,66511,14972,10873,9977,73292,26604,29720,15865,5383,b
865,1524,477,219,955,350,1307,548,635,443,163,1144,103,371,258,2599,797,892,180,0,b
9938,19076,9023,5475,12641,3716,9301,5991,7587,6690,25290,48748,12931,4657,2670,32167,9676,12476,6353,5314,b
11883,27063,10703,7548,16710,4490,12942,8251,9955,7787,25426,50698,13180,6313,4098,41320,12910,18549,8804,5326,b
4795,7585,2498,1834,4899,1566,2938,2407,3220,2202,24403,39622,12242,1915,894,10957,3528,6286,1579,5313,b
99,446,74,18,193,59,157,87,67,29,44,101,13,42,59,617,123,175,14,0,b
5119,13864,4130,2070,6801,2566,8002,4826,3823,3435,1689,9690,1242,3191,3119,18530,6923,6340,2828,7,b
32507,68178,26905,11282,37353,9194,32257,22021,21474,21373,13877,59090,7931,16799,12125,100014,34928,37426,15671,34,b
9267,16104,6837,3132,10880,3021,8009,5481,5714,6359,27449,48936,13642,3761,3003,26374,8651,6857,4101,5320,b
17350,31949,13656,7734,21299,5826,15504,10696,11969,11618,29783,61998,15255,7855,5432,52151,16817,17974,9371,5321,b
3699,6864,3205,1437,4070,845,2875,2342,2439,3093,1720,6723,933,1676,980,10861,3933,3552,1325,8,b
12488,20673,9540,4378,14390,4046,10599,8440,9566,9042,29077,57493,14601,7073,3999,32635,13896,13283,6779,5338,b
8,41,23,5,13,0,12,9,9,9,0,38,0,21,0,64,19,16,5,0,b
12746,28974,11413,7955,17635,4726,15452,8959,10755,9147,25623,52061,13336,6471,4295,43277,13913,19636,9409,5330,b
276,1112,233,112,217,187,737,348,150,162,30,669,27,365,187,1399,421,375,49,0,b
12598,27224,10680,7386,16841,4721,14708,8281,9909,8072,25907,50658,13310,5952,3703,41329,12766,18898,8698,5322,b
2904,4479,2019,1031,2878,537,1906,1864,1780,1676,1321,4135,642,1376,872,7824,3097,2188,777,4,b
8211,15231,7563,3763,9139,1967,5854,5021,5500,5688,3593,14825,1955,4001,2738,24225,8777,7754,2861,11,b
14316,33833,12092,8190,19561,5556,18120,10375,11989,9374,25856,54259,13592,7149,4961,49591,15737,22398,9661,5324,b
508,1508,281,92,536,137,1536,406,384,388,52,471,36,182,279,2291,539,197,249,0,b
565,909,382,227,1136,758,694,626,596,305,370,675,79,201,331,1482,953,419,130,6,b
4410,5187,4170,1683,4436,1492,2358,2124,2485,2248,2090,6048,1154,1661,1115,10328,3830,3347,1263,4,b
1706,6226,1650,1045,2269,503,3792,2045,1707,1461,429,2660,256,1021,1422,7339,3030,2510,1401,12,b
29325,65167,24988,15858,37459,10015,31425,20664,22224,18644,33159,87320,17598,16714,9631,92603,32804,37582,17710,5341,b
904,3041,984,363,1462,1174,1898,941,823,758,195,1582,130,557,789,3822,1504,1345,627,0,b
17364,46908,16627,12242,23726,6070,20763,13873,15690,12667,27839,62621,14276,10265,7556,66580,21330,21749,11943,5343,b
9396,17871,7974,4893,11381,3465,8489,5605,7113,6216,25114,48214,12867,4452,2774,30124,8963,11265,5767,5311,b
1838,4852,1551,878,2061,783,2115,1256,1279,1246,318,2140,151,867,875,6639,2073,1819,951,0,b
17332,42978,12741,7612,25802,9511,26993,12437,13696,12115,26998,54378,13825,7893,5917,58275,18660,23975,10107,5357,b
756,2927,483,583,868,265,1649,1109,622,556,79,1098,63,371,357,3657,1458,655,568,0,b
13655,27531,5817,2440,16919,9318,16121,12246,9746,7442,8350,26079,4815,5041,6385,48166,14306,8749,3086,48,b
12875,28842,9816,6063,13938,4276,10772,8625,9406,9425,4639,22330,2608,6807,5671,41932,14644,14161,7336,11,b
18778,44096,15658,13566,34144,7683,21354,11899,13865,12124,27865,62962,14295,9148,5837,63079,18515,24449,11286,5349,b
11317,23880,10024,6065,13965,4164,13421,8042,8817,7410,25629,49903,13193,5601,3912,38354,12511,14981,7059,5320,b
280,818,301,57,349,90,639,303,230,304,72,405,28,159,315,1230,437,448,122,0,b
6672,14329,6021,3803,9111,2520,6616,4355,5470,4822,23539,42329,12129,3405,1845,23559,6838,9031,4368,5312,b
2603,7385,2352,1142,3030,1242,4356,2548,2018,2338,22905,38591,11447,1691,800,9815,3880,2917,1230,5310,b
4618,9135,4695,2195,5288,1158,4396,3122,3227,3183,2097,8504,1168,2492,1701,14031,5070,4802,2083,11,b
3626,7579,3871,1407,5089,1125,4477,2591,3009,2399,924,5842,506,1802,1052,10814,4813,3949,1559,1,b
1080,2202,960,304,1981,337,1355,749,1097,863,395,2004,333,686,718,3274,1393,1163,420,0,b
17993,44739,14680,12452,22503,16407,25955,13239,12861,12425,6726,29413,4066,9156,5830,56288,21805,21843,10356,363,b
3592,13893,3053,3471,4778,1560,4378,3401,4449,3291,23936,41458,11902,2553,2283,17868,5136,2819,2007,5327,b
10059,29863,9398,5470,11778,5872,15586,10319,6907,7253,2873,17616,1431,6238,5678,39500,14907,10842,6170,31,b
7460,15997,4600,1622,8137,1491,7926,4399,4885,4891,4458,14804,2526,4677,2217,24841,6772,8242,3051,6,b
677,1827,376,119,684,171,1701,558,407,537,88,757,68,284,264,2817,792,300,239,0,b
8000,13875,5161,3373,9126,3153,6887,4115,5817,4346,24620,43007,12450,3070,2046,22320,6392,10525,3305,5313,b
2264,3166,1312,748,4034,2535,1539,2097,1907,1019,621,2529,269,935,670,5663,2828,1615,406,11,b
3488,11704,2526,1763,3491,6084,8457,3258,2564,2277,666,6020,557,2068,1246,13128,4835,4988,1655,0,b
4358,5074,3624,1445,3894,1009,2564,1824,2712,2534,2365,6650,1167,1567,879,10337,3507,3154,1532,4,b
9520,17723,6270,3681,9453,2050,7983,5827,6090,4543,3319,13015,1978,4180,3187,25034,8784,12017,3246,6,b
5691,9668,3504,1898,8047,7841,6265,3368,3888,3187,2029,6870,845,1691,1910,13234,5132,5872,1895,30,b
3781,8550,3399,2129,4866,1293,4032,2408,2667,2556,1366,6216,765,1981,1102,15087,3555,4867,2725,0,b
10394,24175,10116,6341,14143,4052,12300,8076,8326,7010,25621,50712,13193,6004,3885,37187,12642,15058,6992,5318,b
6031,7921,3852,1772,5983,1589,3822,3553,3819,4067,3468,10770,1477,2696,1824,14884,5784,4003,2727,2,b
7635,17294,6782,2099,8944,2171,7652,5184,5546,5045,3876,18230,2401,5653,1982,28770,8319,8827,3286,1,b
10204,17617,8328,2839,11556,2182,7965,6370,7325,7144,5847,20273,3010,5728,3008,31352,10801,9849,4105,18,b
3706,4580,3078,1305,3760,797,1439,1446,2244,2560,1691,6626,839,1460,544,9403,2753,1921,1046,3,b
10051,29959,9420,5467,11782,5874,15560,10304,6900,7228,2874,17653,1431,6250,5681,39561,14897,10876,6195,31,b
3085,8644,2066,1223,3428,1256,5345,3037,2163,2062,385,5407,310,1687,1823,12719,4461,2721,1378,3,b
35524,73732,24821,8684,39316,7923,29897,18691,25966,29549,9382,55726,7335,17197,10753,106946,33349,46511,16611,13,b
8304,17335,6638,2937,9624,1467,6742,5426,6523,6959,3031,14864,2199,4805,2554,26521,8995,9266,3938,8,b
4190,7022,3844,1812,4894,1496,3284,2463,2834,3200,1851,8037,928,1944,1263,12289,4249,2874,1689,3,b
13478,26747,11415,7852,17093,4804,12968,8099,10276,8147,26277,52440,13462,6162,3897,40983,12776,19319,8776,5326,b
4110,13039,3602,2530,4702,2648,8664,5161,3069,3134,24155,42098,12110,2858,1898,17602,7282,4108,3522,5310,b
8367,13859,5419,2383,9104,2489,6004,4882,5647,4408,3539,11115,1984,3017,3072,21903,7897,7657,3316,25,b
4592,7888,4332,2042,4826,708,3799,2834,3307,3194,1948,7482,1105,2234,1459,13264,4791,4745,1969,4,b
10376,21731,7659,2715,11457,2349,0,5347,7357,7502,4613,16749,2585,4818,5990,32359,9470,13241,4024,10,b
29292,59064,23437,10465,33723,6965,28611,16563,22212,21886,10355,44851,6959,14100,7300,95323,28392,33816,13475,30,b
20359,40640,14477,5230,23065,3929,0,11132,14707,18056,6645,38645,5175,11059,4091,61497,19508,22977,11085,5,b
239,777,276,83,414,26,601,273,204,155,4,223,2,122,154,1052,434,343,275,0,b
5355,14271,4624,2210,6589,2063,11083,5456,3650,3928,1483,10615,861,3456,1276,21339,6947,4341,3263,0,b
22913,56528,20142,15286,28899,8133,25671,16094,19811,16961,29967,70803,15571,12057,9368,81838,25367,27638,13478,5355,b
28584,73002,24230,15524,33632,11273,0,22758,21129,22465,32303,87512,17388,16008,13699,99457,34494,31981,18468,5355,b
23425,53871,19330,12045,23655,9388,21134,15317,19013,16001,8259,42123,5138,15114,7940,76234,26331,32002,10767,47,b
14936,22924,12191,6601,16393,4306,9370,7203,10084,9443,27969,55821,14230,6016,3237,40135,12642,14885,7100,5317,b
8501,16987,7686,4862,10832,3344,8886,5598,6684,5412,24885,46126,12660,4127,2520,28243,8672,12136,5871,5311,b
21015,52142,17140,14107,27619,18632,29888,15538,15675,14316,8734,34344,5561,11059,6755,66860,25775,25465,12363,363,b
15415,35607,12468,6716,19126,5069,17589,12566,12863,10591,26570,61144,14011,9143,5420,51675,18568,21057,10569,5328,b
25630,62587,26199,16416,29224,7418,25303,18394,17763,18380,30119,79318,15701,16777,8295,85688,31244,26538,17148,5534,b
894,2416,541,173,907,375,1428,677,458,510,689,2376,220,542,260,3428,889,1419,329,0,b
11317,23880,10024,6065,13965,4164,13421,8042,8817,7410,25629,49903,13193,5601,3912,38354,12511,14981,7059,5320,b
1821,3753,1568,660,1939,425,2536,1239,1113,1517,794,3109,386,793,531,6328,1930,1087,706,0,b
10530,33548,8461,7517,11796,4071,19338,10097,7783,6972,2220,17795,1271,6080,7998,42620,13604,14399,7185,6,b
39550,106748,34400,25330,47751,11861,44409,30578,31312,29796,33060,100013,17205,22351,15453,132849,48072,47938,26558,5432,b
3724,9377,2327,1316,4821,2199,6306,3520,3179,3020,935,4534,663,1545,2408,12967,4816,4781,3321,9,b
18058,45001,14763,12487,22572,16422,26042,13313,12903,12479,6734,29572,4073,9216,5874,56643,21923,21903,10405,363,b
6019,16166,5495,4036,6986,1170,5730,5226,4626,4112,1383,9847,739,3094,1751,24210,7981,6477,2641,1,b
1677,4948,1468,439,2068,923,3181,1729,1358,1432,23168,37388,11508,1162,675,7781,2480,2167,774,5311,b
8218,14544,5311,2859,8251,3896,7382,7567,4545,4264,2340,11610,1283,3518,4098,23160,8907,4544,3556,11,b
9755,19714,9021,5467,12631,3031,9132,6345,7566,7270,24699,47453,12678,4953,2900,31940,10189,11638,5730,5316,b
8453,16444,6270,4368,9462,2977,6939,5367,5928,5257,25207,48227,12864,4464,1818,22456,8951,10288,4436,5315,b
3755,9264,3594,1452,4291,1383,4610,2673,2418,2502,23631,40056,11767,1905,983,13356,4132,3710,1849,5310,b
20184,47311,17867,9961,24062,9736,19782,14260,14484,15177,29305,71098,14881,10862,4905,66741,22703,21677,11689,5332,b
1667,3867,1911,803,2050,839,1920,1352,1172,1406,23103,37106,11475,985,597,6327,2166,1671,608,5310,b
11270,23771,10779,7005,15121,4099,11677,7631,9184,7306,25653,50234,13180,5736,3378,38225,11984,16200,7896,5317,b
4696,13481,3564,1375,7072,3753,7872,4690,4022,3907,1446,14432,900,3827,1771,18932,6710,6247,2420,28,b
6342,11231,3623,2696,7381,2369,5540,3516,4565,3221,24185,40586,12131,2366,1466,16787,5005,9666,3193,5314,b
16804,32017,11254,8085,18898,4973,14603,9979,11849,8000,27969,55125,14740,7520,4271,44809,15120,23222,8463,5336,b
4302,6727,4141,1720,4731,1372,2665,2163,2867,3217,24208,41362,12092,1941,960,12232,3988,3018,1406,5313,b
5821,12179,5692,2678,6782,2449,5988,4281,4311,4703,24661,43664,12494,2982,2163,18272,7146,5831,2840,5321,b
865,1524,477,219,955,350,1307,548,635,443,163,1144,103,371,258,2599,797,892,180,0,b
14230,30038,12399,8377,18866,4885,14573,9537,11285,8742,26351,53481,13673,7112,4741,46067,15095,20012,9254,5331,b
12056,24676,10704,7263,16289,4452,12431,7861,9743,7466,25746,50526,13258,5920,3722,39083,12288,17591,8165,5322,b
23086,45011,15912,8694,26002,5564,21476,14748,16738,14828,8401,41284,4417,12345,6262,65743,23476,28148,12803,31,b
502,1535,282,100,568,125,1444,419,364,390,54,481,38,180,272,2302,567,219,240,0,b
2922,5720,2121,1228,4096,2856,3469,3432,2005,1442,1555,4298,942,1505,2546,8437,4451,2638,1242,12,b
5020,8869,3296,1942,5229,1758,4442,2952,3224,2137,23984,39745,12105,2163,977,13153,4312,7112,1726,5310,b
10387,21389,9429,6182,13810,3837,10817,6715,8337,6627,25332,48044,12963,4998,3000,34476,10507,14919,7293,5316,b
1706,6226,1651,1045,2269,503,3792,2045,1707,1461,429,2660,256,1021,1422,7339,3031,2510,1401,12,b
16544,34968,14893,10377,21896,5617,16484,10826,13210,10300,26930,56629,14019,8071,5032,52870,17060,24061,11159,5327,b
6290,13588,5299,3756,8215,2835,6921,4383,5092,3758,23788,42204,12250,3226,2252,21051,6626,9682,4744,5311,b
6290,13588,5299,3756,8215,2835,6921,4383,5092,3758,23788,42204,12250,3226,2252,21051,6626,9682,4744,5311,b
13640,27410,12023,8035,17982,4573,14279,8863,10938,8840,26113,52860,13520,6490,4749,42976,13749,20377,9212,5326,b
4060,10423,3991,1504,4963,1809,5595,3218,2696,2515,23758,43963,12118,2779,937,14964,5811,5135,2100,5310,b
4543,14145,4443,2445,5623,2341,8674,4756,3573,3258,1939,9703,954,2958,2210,18564,7222,4272,3374,10,b
29651,56821,22584,10948,34424,11097,30921,16023,18722,18579,36538,86495,20375,13768,7667,86857,25303,39837,13116,5330,b
18060,45001,14768,12488,22580,16422,26042,13317,12906,12480,6734,29566,4073,9216,5876,56621,21936,21915,10405,363,b
21847,66614,22707,15473,26701,6888,24616,17615,16061,15624,28320,82081,14946,14928,7004,88091,27820,28179,15206,5351,b
26695,53964,24578,14614,32626,7658,24228,16369,19800,17232,30917,73851,16074,13583,7944,81107,27543,32755,15883,5336,b
