move,move/from16,move-object,move-object/from16,move-result,move-result-wide,move-result-object,move-exception,return-void,return,return-object,const/4,const/16,const,const/high16,const-wide/16,const-string,const-class,monitor-exit,check-cast,instance-of,array-length,new-instance,new-array,throw,goto,goto/16,if-eq,if-ne,if-lt,if-ge,if-eqz,if-nez,if-lez,aget-object,aput,aput-object,iget,iget-wide,iget-object,iget-boolean,iput,iput-object,iput-boolean,sget,sget-object,sput-object,invoke-virtual,invoke-super,invoke-direct,invoke-static,invoke-interface,invoke-virtual/ran,int-to-float,add-int/2addr,and-int/2addr,or-int/2addr,xor-int/2addr,add-int/lit8,xor-int/lit8,class
45,19,139,84,308,9,1135,28,277,23,70,364,26,56,7,9,934,17,0,68,1,7,317,21,4,129,29,5,24,19,1,130,76,14,14,0,61,7,0,377,8,14,154,15,0,214,13,1298,25,417,414,350,49,0,0,0,0,0,31,0,m
8420,209,4876,1347,1729,411,6997,938,944,309,480,3105,2378,43,12,194,3420,126,218,352,4,656,2498,147,328,2288,3113,61,147,76,91,1600,1317,96,775,23,713,201,101,3082,58,136,788,120,56,1704,338,8442,44,3213,2114,759,504,4,46,7,16,593,802,4,m
52,37,138,109,316,19,1108,28,277,23,70,384,24,56,7,11,949,17,0,68,1,8,307,23,4,147,26,5,24,22,1,137,77,15,14,0,74,7,0,377,8,14,155,15,0,205,13,1256,25,406,409,371,51,0,0,0,0,0,34,0,m
0,0,0,0,1,0,9,1,22,0,1,8,2,6,1,1,2,0,0,3,0,0,7,0,0,5,0,0,1,0,0,1,0,0,0,0,0,4,0,12,0,7,9,0,0,0,0,23,1,22,1,1,0,0,0,0,0,0,1,0,m
0,0,2,0,1,2,34,1,16,0,2,9,4,11,1,1,2,0,0,1,0,0,15,0,0,5,2,0,1,1,0,0,0,0,0,0,0,4,0,22,0,8,11,0,0,0,0,42,1,25,10,0,1,0,0,0,0,0,1,0,m
4,0,2,0,22,1,114,3,32,2,11,11,5,29,2,1,22,0,0,4,0,0,47,0,0,15,1,1,11,0,2,2,1,0,0,0,0,9,0,59,0,8,25,1,0,6,2,149,3,63,15,9,1,0,0,0,0,0,3,0,m
654,0,513,12,1476,182,4187,611,1468,437,356,2845,622,981,59,83,1431,201,511,851,45,80,1150,204,336,1467,247,115,276,17,118,1116,553,58,211,6,369,357,50,2403,225,268,721,234,47,568,167,6467,157,1912,2167,775,56,0,20,2,12,1,161,0,m
4,0,2,0,22,1,111,3,31,2,10,11,0,33,2,1,23,0,0,4,0,0,47,0,0,15,1,1,11,0,2,2,1,0,0,0,0,9,0,58,0,8,25,1,0,6,2,148,3,63,12,9,1,0,0,0,0,0,3,0,m
8406,212,4715,1285,1626,397,5964,864,886,297,463,2938,2381,40,11,185,2809,114,194,351,4,651,2274,141,306,2215,3062,53,143,68,91,1497,1285,91,769,23,700,201,101,2858,56,134,804,117,54,1687,307,7539,44,2910,1305,711,499,4,46,7,16,593,792,4,m
4,0,2,0,22,1,111,3,31,2,10,11,0,33,2,1,23,0,0,4,0,0,47,0,0,15,1,1,11,0,2,2,1,0,0,0,0,9,0,58,0,8,25,1,0,6,2,148,3,63,12,9,1,0,0,0,0,0,3,0,m
654,0,513,12,1476,182,4187,611,1468,437,356,2845,622,981,59,83,1431,201,511,851,45,80,1150,204,336,1467,247,115,276,17,118,1116,553,58,211,6,369,357,50,2403,225,268,721,234,47,568,167,6467,157,1912,2167,775,56,0,20,2,12,1,161,0,m
2903,579,2713,1651,5420,1125,11623,877,3868,867,1263,6913,3100,1216,161,675,7326,173,284,1988,158,683,3192,916,307,4088,1287,445,868,135,680,3648,1726,484,413,96,753,2393,566,9952,340,1469,3583,633,100,1905,450,21319,300,5152,6282,1670,458,25,339,16,22,12,2050,2,m
0,0,2,0,1,1,24,1,14,0,1,8,6,15,1,1,7,0,0,1,0,0,12,0,0,9,0,0,1,1,0,0,0,0,0,0,0,4,0,20,0,10,10,0,0,2,1,37,1,22,6,0,1,0,0,0,0,0,1,0,m
4,0,2,0,22,1,114,3,32,2,11,11,5,29,2,1,22,0,0,4,0,0,47,0,0,15,1,1,11,0,2,2,1,0,0,0,0,9,0,59,0,8,25,1,0,6,2,149,3,63,15,9,1,0,0,0,0,0,3,0,m
246,95,653,423,943,127,2846,91,600,177,190,1645,150,156,6,48,2705,49,0,221,2,62,902,121,9,545,150,55,61,76,21,487,190,72,214,0,433,149,4,1209,59,125,453,94,4,471,23,3974,29,1201,1190,746,188,0,2,0,0,0,117,0,m
4,0,2,0,22,1,111,3,31,2,10,11,0,33,2,1,23,0,0,4,0,0,47,0,0,15,1,1,11,0,2,2,1,0,0,0,0,9,0,58,0,8,25,1,0,6,2,148,3,63,12,9,1,0,0,0,0,0,3,0,m
353,245,604,735,1010,109,2508,278,1082,284,445,1434,294,317,55,111,1304,68,110,243,10,142,1262,131,317,910,129,48,195,124,29,605,471,74,125,15,109,205,135,1665,102,204,756,125,4,272,144,3477,67,1708,1194,464,199,15,50,0,5,0,237,0,m
0,0,2,0,1,1,24,1,14,0,1,8,6,15,1,1,6,0,0,1,0,0,12,0,0,9,0,0,1,1,0,0,0,0,0,0,0,4,0,20,0,10,10,0,0,1,1,36,1,22,6,0,1,0,0,0,0,0,1,0,m
0,0,2,0,1,2,34,1,16,0,2,9,4,11,1,1,2,0,0,1,0,0,15,0,0,5,2,0,1,1,0,0,0,0,0,0,0,4,0,22,0,8,11,0,0,0,0,42,1,25,10,0,1,0,0,0,0,0,1,0,m
45,19,139,84,308,9,1159,28,279,23,70,366,26,56,7,9,956,17,0,68,1,7,328,21,4,128,30,5,24,19,1,130,76,14,15,0,61,7,0,378,8,14,155,15,0,224,13,1331,25,429,423,350,49,0,0,0,0,0,31,0,m
39,27,158,271,147,12,764,77,243,25,90,236,83,83,8,13,380,10,24,64,6,15,299,27,58,119,31,8,6,12,11,91,77,9,20,3,8,28,0,388,15,34,142,26,0,42,13,886,7,367,344,64,73,0,3,0,5,0,37,0,m
249,32,459,258,809,72,2468,225,503,123,175,1225,5056,75,13,120,2061,35,30,130,4,55,684,106,45,637,142,53,106,81,24,425,206,69,104,3,161,36,4,918,23,30,306,44,10,420,63,3343,34,896,1073,484,125,1,6,0,4,0,193,2,m
634,0,509,12,1465,182,4133,610,1464,437,356,2793,612,961,59,82,1426,199,509,832,45,80,1139,213,335,1454,243,113,277,17,118,1099,546,58,206,6,369,359,49,2387,219,268,719,227,47,569,168,6393,158,1903,2143,775,56,0,20,2,12,1,161,0,m
8392,181,4612,1787,1711,377,5662,703,845,306,466,2720,2363,34,8,176,2720,100,182,338,4,652,2221,134,277,2131,3059,57,133,63,90,1545,1276,92,769,23,705,192,100,2785,58,124,785,122,55,1661,312,7004,42,2882,1148,641,651,4,44,7,16,593,780,4,m
0,0,2,0,1,2,34,1,16,0,2,9,4,11,1,1,2,0,0,1,0,0,15,0,0,5,2,0,1,1,0,0,0,0,0,0,0,4,0,22,0,8,11,0,0,0,0,42,1,25,10,0,1,0,0,0,0,0,1,0,m
8,0,3,0,35,1,146,3,40,4,22,34,10,26,2,1,112,0,0,8,0,3,215,23,0,22,0,1,8,0,4,9,1,2,4,0,14,11,0,218,1,14,61,2,1,9,2,271,2,238,18,13,1,0,0,0,0,0,5,0,m
0,0,2,0,1,2,34,1,16,0,2,9,4,11,1,1,2,0,0,1,0,0,15,0,0,5,2,0,1,1,0,0,0,0,0,0,0,4,0,22,0,8,11,0,0,0,0,42,1,25,10,0,1,0,0,0,0,0,1,0,m
0,0,4,0,6,1,44,1,21,0,3,9,5,4,0,1,27,0,0,1,0,0,13,0,0,4,0,1,5,1,0,0,0,0,0,0,0,4,0,27,0,5,11,0,0,0,0,58,1,30,9,0,1,0,0,0,0,0,1,0,m
2976,589,2801,1726,5559,1128,11918,941,3968,900,1320,7088,3202,1238,187,690,7614,174,292,1991,159,704,3320,933,317,4204,1318,453,892,152,688,3754,1762,491,413,123,756,2439,566,10212,352,1493,3649,650,116,1933,464,21815,317,5354,6542,1686,461,43,361,23,35,16,2102,5,m
0,0,2,0,1,2,34,1,16,0,2,9,4,11,1,1,2,0,0,1,0,0,15,0,0,5,2,0,1,1,0,0,0,0,0,0,0,4,0,22,0,8,11,0,0,0,0,42,1,25,10,0,1,0,0,0,0,0,1,0,m
664,0,535,12,1540,193,4333,616,1482,444,362,2907,929,981,59,83,1457,204,513,876,45,85,1173,260,340,1480,261,117,282,18,118,1152,571,60,225,6,425,358,52,2414,225,270,724,234,52,574,173,6583,157,1938,2289,787,57,0,20,2,12,1,162,0,m
505,151,956,1139,1207,284,3191,211,783,130,283,1577,470,288,133,255,2521,32,34,240,31,81,986,106,39,689,184,46,105,59,46,1034,405,83,103,58,154,212,33,1342,69,117,525,95,23,448,129,4416,53,1376,1586,595,221,31,17,6,16,0,289,0,m
4,0,2,0,22,1,111,3,31,2,10,11,0,33,2,1,23,0,0,4,0,0,47,0,0,15,1,1,11,0,2,2,1,0,0,0,0,9,0,58,0,8,25,1,0,6,2,148,3,63,12,9,1,0,0,0,0,0,3,0,m
563,0,466,3,1331,172,4092,551,1289,373,320,2553,1061,846,52,72,1323,202,469,787,41,82,1070,308,309,1291,264,111,245,22,100,955,490,48,207,19,440,296,44,1929,218,229,599,204,48,485,146,5881,143,1753,2165,702,55,0,21,1,16,1,175,0,m
2976,589,2801,1726,5559,1128,11918,941,3968,900,1320,7088,3202,1238,187,690,7614,174,292,1991,159,704,3320,933,317,4204,1318,453,892,152,688,3754,1762,491,413,123,756,2439,566,10212,352,1493,3649,650,116,1933,464,21815,317,5354,6542,1686,461,43,361,23,35,16,2102,5,m
6,16,53,69,57,0,168,11,63,3,29,57,14,4,3,4,98,0,0,13,0,2,43,6,0,38,20,0,22,6,2,32,12,1,2,0,4,22,0,218,5,16,65,9,0,5,2,219,1,70,92,21,6,1,0,0,0,0,10,0,m
0,0,2,0,1,2,34,1,16,0,2,9,4,11,1,1,2,0,0,1,0,0,15,0,0,5,2,0,1,1,0,0,0,0,0,0,0,4,0,22,0,8,11,0,0,0,0,42,1,25,10,0,1,0,0,0,0,0,1,0,m
1775,356,2895,1399,5951,262,12980,1823,5675,2116,3871,6843,1351,230,31,152,3553,263,1377,1840,471,655,4924,492,1851,5447,311,443,726,371,415,4274,2616,265,579,71,454,1866,150,9257,506,1153,3439,490,56,1650,541,18483,404,9431,2833,3068,328,2,198,13,47,3,1242,7,m
1223,901,741,1576,930,120,2143,209,715,214,258,1903,5118,168,38,146,1205,4,36,147,7,121,672,175,70,893,349,118,273,194,105,630,407,53,186,1436,115,1040,105,1907,77,723,671,133,14,611,96,3215,24,938,1120,131,231,108,83,27,19,11,705,2,m
2976,589,2801,1726,5559,1128,11918,941,3968,900,1320,7088,3202,1238,187,690,7614,174,292,1991,159,704,3320,933,317,4204,1318,453,892,152,688,3754,1762,491,413,123,756,2439,566,10212,352,1493,3649,650,116,1933,464,21815,317,5354,6542,1686,461,43,361,23,35,16,2102,5,m
2976,589,2801,1726,5559,1128,11918,941,3968,900,1320,7088,3202,1238,187,690,7614,174,292,1991,159,704,3320,933,317,4204,1318,453,892,152,688,3754,1762,491,413,123,756,2439,566,10212,352,1493,3649,650,116,1933,464,21815,317,5354,6542,1686,461,43,361,23,35,16,2102,5,m
614,0,497,2,1428,180,4064,591,1395,418,341,2716,606,922,57,82,1375,197,491,818,43,80,1106,212,321,1422,239,111,265,18,118,1063,535,59,206,6,356,331,46,2312,218,253,695,222,47,552,155,6236,154,1849,2089,747,55,0,20,1,12,1,162,0,m
242,79,634,405,926,115,2553,91,600,177,190,1604,149,156,6,47,2250,49,0,219,2,60,783,120,9,542,137,55,61,75,21,482,189,73,208,0,427,149,4,1203,56,125,452,94,1,471,23,3688,29,1082,924,732,185,0,2,0,0,0,116,0,m
548,0,448,2,1297,168,4003,591,1295,375,310,2523,618,844,52,72,1434,216,538,790,41,76,1065,210,349,1277,251,110,245,20,99,943,494,47,200,19,347,294,44,1911,230,227,593,215,92,486,145,5826,143,1746,2106,703,55,0,20,2,12,1,145,0,m
42,34,87,301,744,93,2652,196,464,80,173,911,5065,54,9,123,2097,25,26,127,4,49,679,85,44,464,163,50,83,71,22,388,181,69,97,0,95,51,0,749,20,19,266,43,11,340,43,3091,32,844,1176,457,202,0,6,0,4,0,210,2,m
2976,589,2801,1726,5559,1128,11918,941,3968,900,1320,7088,3202,1238,187,690,7614,174,292,1991,159,704,3320,933,317,4204,1318,453,892,152,688,3754,1762,491,413,123,756,2439,566,10212,352,1493,3649,650,116,1933,464,21815,317,5354,6542,1686,461,43,361,23,35,16,2102,5,m
39,21,154,182,142,12,755,70,243,25,98,247,72,75,8,14,395,10,24,64,6,15,293,29,57,115,26,8,6,12,10,89,72,8,17,3,12,27,0,384,15,34,142,26,0,40,13,870,7,366,360,64,52,0,3,0,5,0,37,0,m
1223,901,741,1576,930,120,2143,209,715,214,258,1903,5118,168,38,146,1205,4,36,147,7,121,672,175,70,893,349,118,273,194,105,630,407,53,186,1436,115,1040,105,1907,77,723,671,133,14,611,96,3215,24,938,1120,131,231,108,83,27,19,11,705,2,m
2976,589,2801,1726,5559,1128,11918,941,3968,900,1320,7088,3202,1238,187,690,7614,174,292,1991,159,704,3320,933,317,4204,1318,453,892,152,688,3754,1762,491,413,123,756,2439,566,10212,352,1493,3649,650,116,1933,464,21815,317,5354,6542,1686,461,43,361,23,35,16,2102,5,m
2976,589,2801,1726,5559,1128,11918,941,3968,900,1320,7088,3202,1238,187,690,7614,174,292,1991,159,704,3320,933,317,4204,1318,453,892,152,688,3754,1762,491,413,123,756,2439,566,10212,352,1493,3649,650,116,1933,464,21815,317,5354,6542,1686,461,43,361,23,35,16,2102,5,m
4,0,2,0,22,1,111,3,31,2,10,11,0,33,2,1,23,0,0,4,0,0,47,0,0,15,1,1,11,0,2,2,1,0,0,0,0,9,0,58,0,8,25,1,0,6,2,148,3,63,12,9,1,0,0,0,0,0,3,0,m
0,0,2,0,6,2,39,1,16,0,2,8,0,15,2,1,0,0,0,1,0,0,15,0,0,3,2,0,4,1,0,0,0,0,0,0,0,8,0,27,0,8,11,0,0,0,0,52,1,25,10,0,1,0,0,0,0,0,1,0,m
1670,2043,1446,3518,12689,671,29755,1743,9989,3867,7682,16296,9779,1764,535,459,17437,470,576,3866,636,1034,9550,2856,1805,8512,878,708,1217,687,1321,7676,3817,542,737,565,9337,3433,387,19985,1029,1785,6376,1059,252,5214,1804,36739,1542,14875,13168,7053,959,583,540,55,95,48,3328,25,b
607,1767,656,3295,5396,410,11251,1022,4786,1421,2067,5980,1630,481,335,139,6390,233,428,1758,184,267,4154,483,670,3434,764,279,639,351,426,3580,1739,386,270,149,720,1760,107,9702,730,1049,3055,829,290,2598,791,18252,425,5936,4005,2165,1230,444,70,34,23,3,1024,15,b
203,87,394,532,535,61,1863,258,488,74,159,564,173,25,45,40,1753,19,123,124,29,24,685,52,75,501,118,15,32,12,34,493,247,22,47,3,80,55,19,757,42,37,282,49,10,476,153,2391,29,860,1072,334,102,11,3,0,12,0,96,0,b
1070,381,840,1203,6347,1808,15377,742,4795,1804,3545,6136,1310,1487,195,396,5672,148,390,1611,218,423,5030,452,1671,4027,312,363,628,170,607,3665,2759,299,329,179,632,1677,269,8990,592,747,2989,518,164,1831,633,21764,393,7565,5049,3768,399,180,319,19,37,10,1167,63,b
4776,1285,5132,3953,20990,1711,52265,5487,18813,5812,13448,27404,6727,351,558,852,25201,1193,1879,6883,1220,1583,15800,2178,4943,18497,2466,1414,2130,780,1706,15132,7182,717,1048,682,3804,28688,1168,66458,1922,15161,11003,1957,460,10237,3638,74050,961,24036,29066,13456,1156,487,808,4621,1622,5353,2762,3002,b
3994,2145,3811,4971,19438,1335,44398,4049,17906,5285,11761,24330,6423,2091,723,685,20249,642,1410,7330,947,1072,12652,1763,3918,14712,2274,1157,1576,548,1384,13494,5511,684,678,275,2962,27965,1039,67202,2056,14801,11021,1900,771,5911,2518,67177,1279,21037,25167,10574,1552,450,729,4610,1601,5327,2278,2997,b
34,46,15,199,293,54,960,23,223,75,95,357,116,335,30,13,576,27,8,105,6,8,197,26,6,200,39,12,15,15,11,231,94,9,21,0,50,54,27,361,7,18,115,1,3,78,21,1412,30,343,417,155,45,1,0,0,0,0,23,0,b
347,490,378,1335,4060,401,10423,843,3991,921,1504,4963,1809,1353,242,150,5595,116,377,1512,67,131,3218,359,426,2696,761,210,515,177,205,2515,1041,160,89,139,368,23758,65,43963,834,12118,2779,737,96,937,346,14964,317,5811,5135,2100,481,218,64,4561,1542,5310,540,2987,b
1426,185,694,772,6277,256,6048,690,1924,1347,862,5999,19241,12418,886,103,2912,265,2,878,365,185,2714,361,46,3261,928,362,715,282,98,3645,1860,302,378,13231,271,3302,61,12592,360,1895,2267,620,67,677,134,15038,206,3780,3331,1490,292,890,309,105,85,1,831,1,b
1426,185,694,772,6277,256,6048,690,1924,1347,862,5999,19241,12418,886,103,2912,265,2,878,365,185,2714,361,46,3261,928,362,715,282,98,3645,1860,302,378,13231,271,3302,61,12592,360,1895,2267,620,67,677,134,15038,206,3780,3331,1490,292,890,309,105,85,1,831,1,b
203,87,394,532,535,61,1863,258,488,74,159,564,179,25,45,40,1759,19,123,124,29,24,685,52,75,501,118,15,32,12,34,493,247,22,47,3,86,55,19,757,42,37,282,49,10,476,153,2391,29,860,1072,334,102,11,3,0,12,0,96,0,b
3960,509,2725,2185,13635,917,26675,2403,9308,3401,6488,15000,3907,394,425,506,12776,229,1123,3064,537,440,8185,1339,1922,10156,1191,1000,955,280,1148,7771,3418,395,355,214,2086,26407,734,50542,1330,13537,5567,1211,491,3723,1920,35379,593,12730,18929,6413,392,340,723,4604,1588,5328,1072,2987,b
6141,1273,3654,2780,17654,1417,32113,3452,13217,3432,4153,21278,4125,2105,2036,1022,15678,485,1251,4678,792,752,9729,2197,1307,12233,2306,1067,2070,668,1597,13391,5674,1075,1104,1253,2418,9910,627,30745,1643,6466,9083,2419,982,4314,1468,53950,1148,15499,18239,6956,704,2391,1284,125,127,19,3186,9,b
642,1494,406,2131,4953,170,5954,786,3604,1543,1267,5636,1598,311,613,125,3436,94,134,927,86,203,2396,323,305,3354,344,257,523,245,511,2948,1268,290,199,155,602,2587,101,7009,644,1425,1816,716,357,966,391,12386,294,4000,3659,1201,495,794,186,45,50,4,998,15,b
2172,1127,828,4693,8083,1148,13118,301,2930,1008,836,7411,2332,2908,878,221,5680,250,48,1861,141,190,2596,419,131,2758,1678,454,973,404,474,3357,1631,457,252,211,1152,4509,289,9527,862,1854,2102,741,355,950,160,22360,308,4375,6067,2405,746,1391,247,39,31,5,1067,8,b
3001,1884,2843,4792,15114,1090,34739,4386,13391,3805,7808,18820,4948,587,515,619,19594,462,1108,5034,610,845,11444,1339,3018,11567,2094,757,1132,577,1032,10556,4362,729,531,296,2183,26457,619,58214,1480,13829,8031,1624,504,6019,2531,53532,824,17170,19589,8928,1217,622,569,4591,1568,5316,1763,2992,b
3859,1228,4093,3063,15629,1273,33301,3601,14465,4700,9958,21739,8738,418,438,550,19510,225,1266,5101,744,848,10262,2023,3750,12645,1895,908,914,316,1313,9784,3938,464,529,181,7038,26674,1092,55057,1522,13812,7590,1283,362,4618,2214,50577,634,16475,23021,10730,642,377,692,4598,1565,5327,1384,2995,b
5598,1022,5474,3690,19834,1930,45520,4776,17937,5414,12392,27495,6569,984,453,1000,21347,520,1724,6237,953,1127,14042,2181,4773,16719,2414,1379,1521,334,1628,12943,5587,630,813,273,3862,28349,1674,64163,2041,14869,10947,1988,523,6323,2811,66595,1072,22409,29953,12963,790,400,973,4615,1597,5334,1975,3001,b
1198,1127,1345,2989,7705,429,18781,1151,6061,2126,4852,8572,2256,1617,289,261,5140,685,376,2625,428,723,4954,617,1377,6658,734,744,1302,539,851,6045,3185,373,567,446,730,3571,240,14122,876,1796,3730,920,231,3941,850,27093,511,7937,4672,3367,870,180,317,55,81,25,1862,23,b
4530,1493,5576,4796,18857,2212,47339,5158,19079,4908,11767,26477,7931,541,599,1174,25666,601,1579,5805,900,1178,15904,2101,4415,15371,2453,1076,1558,438,1450,13093,5339,672,868,407,4272,27213,2862,62293,1861,14381,10283,1965,550,9143,3541,67322,878,24417,31077,12020,1564,382,823,4592,1585,5330,2005,2992,b
745,25,976,126,2325,149,5746,701,2029,610,1063,2626,343,79,88,73,3148,221,188,677,90,233,2187,300,705,1671,312,133,173,98,223,2045,1040,102,196,89,364,625,57,3896,449,310,1216,501,127,1299,447,7928,229,3314,2137,1643,84,76,54,11,13,0,429,6,b
337,469,360,1242,2743,228,7900,656,2449,717,1381,3897,5413,333,156,117,11041,106,346,1325,125,138,2693,477,650,1964,325,157,251,166,237,2182,1124,136,221,35,6735,891,111,5120,441,465,1558,447,77,1040,385,10940,142,3792,2866,1445,271,105,57,15,26,0,563,12,b
572,1295,605,1965,4618,207,9135,758,4695,1640,2195,5288,1158,138,443,179,4396,165,276,1329,97,266,3122,389,464,3227,308,244,436,317,375,3183,1439,237,222,150,375,2097,118,8504,638,1168,2492,666,200,1701,648,14031,233,5070,4802,2083,388,329,111,43,36,11,797,17,b
1036,697,1436,2573,3488,229,11704,828,2526,670,1763,3491,6084,405,92,177,8457,82,218,1086,93,154,3258,2813,444,2564,573,162,292,49,259,2277,1052,183,171,8,8700,666,189,6020,314,557,2068,356,4,1246,409,13128,178,4835,4988,1655,786,144,32,7,14,0,407,0,b
222,599,316,1307,1970,112,5916,381,1921,548,851,2560,559,550,129,63,3412,59,302,752,47,70,1793,172,292,1233,258,151,159,98,161,1505,636,220,74,24,196,730,46,3881,400,397,1180,434,133,878,284,8798,133,2492,1998,975,449,67,32,12,23,0,360,8,b
246,313,628,1207,2990,474,6059,242,1397,442,764,3680,741,66,134,309,3607,72,33,564,96,170,1798,441,96,1226,216,73,222,115,59,1762,817,142,173,73,701,747,561,2551,185,421,1081,187,1051,1773,258,7585,86,2442,3881,1710,217,17,69,2,3,4,340,0,b
48,9,65,37,158,39,462,44,166,13,71,254,407,38,64,9,361,7,12,15,2,14,169,20,29,98,48,9,17,5,4,89,35,13,10,0,32,17,11,257,8,12,105,11,89,65,25,531,10,286,312,89,14,44,10,1,6,0,48,0,b
6538,411,3935,2599,21722,2515,45806,4857,14486,5013,7007,23095,5770,3745,795,1445,23503,915,1132,5480,503,865,14390,1648,2156,15802,3598,1317,2204,524,1382,14498,6797,1241,703,275,2582,5893,1168,31895,2223,4473,10986,2583,445,7467,2475,69559,974,22049,23950,15760,603,719,643,222,80,25,2100,19,b
7264,1016,3059,3258,15601,863,30550,2595,9771,3071,3971,18395,23000,1426,3125,486,16272,451,934,4530,809,774,9547,1034,1559,10697,2766,758,2291,1694,861,10383,5344,1092,1461,2490,1412,16098,378,32256,2330,6908,7311,2743,2426,7618,1835,47838,810,15509,16343,6806,1046,3602,917,51,155,24,4390,11,b
270,501,133,1015,1616,83,3506,318,1633,558,679,1739,444,68,123,55,2438,23,184,460,47,73,1312,103,213,1133,201,97,119,87,182,1384,614,88,79,23,168,746,31,3018,362,350,773,346,61,752,254,5748,114,1907,1797,672,216,107,30,15,21,0,381,12,b
4968,308,4004,1659,15415,1055,35607,4216,12468,3758,6716,19126,5069,978,363,580,17589,685,1780,4786,731,916,12566,1837,3406,12863,1947,1130,1503,736,1047,10591,5137,641,826,420,2749,26570,725,61144,1606,14011,9143,1612,3276,5420,1916,51675,952,18568,21057,10569,453,196,419,4864,1572,5328,2273,2993,b
4935,3937,4303,9449,25630,2128,62587,4915,26199,6881,16416,29224,7418,2102,1451,1000,25303,2045,2627,10109,1341,1624,18394,2388,5614,17763,2296,1311,2291,675,2193,18380,9077,1111,1144,791,3807,30119,1249,79318,2576,15701,16777,2487,1402,8295,3286,85688,1601,31244,26538,17148,2364,1256,1116,4682,1671,5534,4159,3003,b
1758,1301,1416,6115,10530,572,33548,2791,8461,2605,7517,11796,4071,1504,200,225,19338,801,309,4659,389,1053,10097,1351,1954,7783,1987,749,770,498,912,6972,4005,336,432,80,3192,2220,267,17795,725,1271,6080,665,477,7998,2364,42620,369,13604,14399,7185,1710,112,350,38,46,6,2008,14,b
5443,643,3515,2735,18723,1486,39720,4924,15490,4868,9823,23676,8504,912,673,641,21595,580,1276,5292,819,919,12469,1867,3564,15018,2680,1078,1470,465,1340,13079,5256,674,590,1079,3380,27949,932,63297,1944,14676,10080,1865,1225,6999,2916,60240,1006,19750,25699,11358,963,568,1080,4604,1636,5326,1740,2991,b
1267,271,1019,1148,5916,509,16682,1436,5392,1421,3030,7433,1891,506,175,224,9573,447,456,1810,197,340,6216,757,825,4716,1202,291,783,161,363,4925,2591,229,245,80,948,1445,300,12186,736,864,4104,1040,59,2213,913,23837,311,9207,6091,4798,373,112,56,8,38,2,878,4,b
5261,2874,9218,12535,9488,803,31591,913,6234,1962,5146,18932,7317,302,205,516,28307,840,272,3561,990,926,6555,2707,1398,10009,3938,1076,2113,245,1155,7794,3012,296,1294,438,5492,3760,102,13586,592,2547,4091,705,38,3506,641,31421,485,12227,21321,2804,1021,50,254,65,68,9,2414,11,b
1376,222,534,971,3247,559,5730,364,1406,466,393,5258,2355,271,263,225,3718,70,220,817,122,212,2366,470,209,1892,899,247,491,332,137,1946,1094,142,392,509,652,1419,267,4452,436,732,959,286,1410,1149,281,9300,109,3014,3864,1180,194,348,198,17,12,4,758,0,b
155,172,531,943,824,106,2793,144,645,143,164,1499,254,525,92,48,1890,54,37,281,4,20,890,146,109,504,98,27,68,38,5,424,220,50,62,10,346,130,79,1345,35,81,436,57,35,451,106,4055,71,1142,1056,615,194,7,3,0,0,0,57,0,b
1002,613,1377,2339,3318,226,11472,820,2410,663,1727,3406,5978,396,75,171,8234,70,218,1049,93,150,3107,2811,443,2498,516,161,287,48,252,2125,993,177,169,8,8696,642,189,5791,262,531,1929,261,4,1244,409,12535,165,4647,4921,1634,746,134,32,7,14,0,399,0,b
181,0,203,6,814,98,2435,249,824,172,302,1156,188,188,53,74,1534,50,263,423,40,40,811,75,169,608,148,38,77,31,40,762,361,52,103,9,183,242,52,1692,137,153,584,194,27,311,137,3511,80,1215,1108,418,24,19,6,7,20,0,123,2,b
1540,56,840,334,3370,290,7671,972,2603,812,1021,5674,2544,1286,162,196,4812,209,60,1032,48,354,3156,929,386,3006,452,222,382,333,412,2586,1160,183,391,371,1700,1151,102,5613,392,608,1762,414,26,1584,595,11502,262,4545,4603,1537,139,160,174,17,42,27,1091,12,b
8589,715,6303,2371,28272,2165,63606,6256,24581,7822,14724,32007,7939,2563,1074,1391,0,1506,1936,8335,1325,1968,20083,3127,6248,21860,2463,1796,2966,789,2498,19655,9480,1181,1460,981,4727,31028,1354,78504,3151,16019,14239,2854,1544,10217,3760,89649,1725,33329,31372,17326,679,1053,1853,4765,1763,5356,4443,3013,b
2896,1378,2338,2519,12553,843,27668,3226,11718,3814,6952,15887,4378,781,586,406,12604,598,1026,3948,609,774,9194,1062,3033,9829,1330,677,1045,319,1113,7832,3456,478,551,307,1727,26498,515,52368,1246,13715,6544,1331,585,4541,1970,42666,586,14776,16091,8072,664,569,528,4615,1564,5325,1527,2993,b
6694,828,4617,2265,21527,1558,37433,4042,17520,4405,6180,24429,5494,4389,2053,1661,0,760,1088,6000,653,655,11587,2699,1515,15506,1960,945,2124,640,1738,16741,7261,1395,694,922,2954,9696,1265,44111,2514,5691,11967,3073,725,5048,1681,62034,1888,20838,24411,8637,786,2470,1105,87,85,9,2908,15,b
7577,763,5431,2685,25883,1601,55846,5977,23569,6999,12873,29980,6522,1944,1063,983,0,1196,2143,7633,1134,1652,17663,2765,4880,20299,2493,1403,2354,772,2167,18951,8504,1011,1335,1027,4245,30808,1024,76986,2833,15870,12963,2722,1716,9656,4055,81982,1670,29722,30953,15147,596,844,1743,4668,1672,5347,3361,3014,b
203,87,388,532,535,61,1863,258,488,74,159,554,158,25,45,40,1628,19,123,124,29,24,685,52,75,501,118,15,32,12,34,493,247,22,47,3,54,55,19,757,42,37,282,49,10,476,153,2391,29,860,1072,334,102,11,3,0,12,0,96,0,b
5325,430,3461,1476,17732,753,37811,4072,13384,5462,10539,21556,5651,392,1520,551,16406,1137,1480,5688,1071,988,11359,1762,3508,13839,2706,1120,4237,495,1270,12608,5768,689,616,510,2840,8014,573,24951,1956,4430,9133,2008,2960,7915,3365,57130,1068,18619,19852,7540,523,465,1259,501,489,57,2003,31,b
7149,3256,4721,8512,24385,1070,45987,4807,16417,6381,10995,34228,11202,487,1072,580,0,483,1293,5953,1044,2476,16020,3320,3978,16862,3561,1396,2431,736,2898,18413,8006,1046,3786,1180,6181,31868,881,74881,2525,16287,11822,2505,1788,12087,4009,68119,874,25178,25856,10639,1487,1211,1429,4654,1709,5337,4576,3010,b
12175,909,4475,3295,26752,1802,57000,4849,19142,5383,8684,34045,9662,6244,1079,1385,29674,1555,1385,9719,735,1195,18754,5401,3023,22038,5019,2011,3593,644,2445,20939,10641,1376,1057,1505,7065,31639,1918,96424,4447,15763,18295,3764,1882,11677,4407,80160,2097,29268,35064,17294,559,1041,2233,4826,1667,5373,4538,3019,b
