move,move/from16,move-object,move-object/from16,move-result,move-result-object,move-exception,return-void,return,return-object,const/4,const/16,const-string,check-cast,new-instance,new-array,throw,goto,goto/16,if-ne,if-eqz,if-nez,aput-object,iget,iget-object,iget-boolean,iput,iput-object,iput-boolean,sget-object,sput-object,invoke-virtual,invoke-direct,invoke-static,invoke-interface,and-int/2addr,or-int/2addr,xor-int/2addr,add-int/lit8,xor-int/lit8,class
13,7,97,104,204,1023,52,270,51,119,261,35,597,58,359,30,24,168,12,11,181,66,38,14,327,34,20,175,64,68,17,1121,517,334,157,0,0,0,11,0,m
0,0,0,0,1,9,1,22,0,1,8,2,2,3,7,0,0,5,0,1,1,0,0,4,12,0,7,9,0,0,0,23,22,1,1,0,0,0,1,0,m
0,0,2,0,1,34,1,16,0,2,9,4,2,1,15,0,0,5,2,1,0,0,0,4,22,0,8,11,0,0,0,42,25,10,0,0,0,0,1,0,m
0,0,2,0,1,34,1,16,0,2,9,4,2,1,15,0,0,5,2,1,0,0,0,4,22,0,8,11,0,0,0,42,25,10,0,0,0,0,1,0,m
8,0,3,0,35,146,3,40,4,22,34,10,112,8,215,23,0,22,0,8,9,1,14,11,218,1,14,61,2,9,2,271,238,18,13,0,0,0,5,0,m
0,0,2,0,1,34,1,16,0,2,9,4,2,1,15,0,0,5,2,1,0,0,0,4,22,0,8,11,0,0,0,42,25,10,0,0,0,0,1,0,m
0,0,2,0,1,34,1,16,0,2,9,4,2,1,15,0,0,5,2,1,0,0,0,4,22,0,8,11,0,0,0,42,25,10,0,0,0,0,1,0,m
82,25,282,748,223,1565,63,438,39,141,439,138,975,159,561,36,7,174,24,4,92,34,142,28,946,0,32,362,0,111,15,1878,727,450,292,0,0,0,36,0,m
82,25,285,748,227,1591,66,441,39,141,445,139,986,161,571,37,8,177,26,5,94,34,142,28,954,0,32,367,0,114,15,1911,738,456,292,0,0,0,36,0,m
288,140,600,338,984,2562,288,910,255,275,1608,286,2057,294,786,306,152,928,67,151,734,379,443,269,1784,76,163,589,131,295,104,3442,1250,1335,756,2,0,2,85,1,m
24,22,173,116,557,2041,45,441,49,138,573,61,1029,391,552,40,0,182,83,73,132,92,85,46,1456,3,42,389,12,30,4,2481,752,853,480,0,0,0,41,0,m
124,7,227,42,384,1801,197,482,58,250,609,107,1265,106,505,91,30,445,63,68,303,168,113,54,664,29,60,300,32,203,96,2200,783,708,263,0,5,0,121,0,m
4,0,2,0,22,114,3,32,2,11,11,5,22,4,47,0,0,15,1,11,2,1,0,9,59,0,8,25,1,6,2,149,63,15,9,0,0,0,3,0,m
675,467,652,2603,2914,10008,770,2542,644,2343,3684,1175,4862,928,2665,357,603,3128,408,576,2484,1491,410,1448,5768,314,785,1981,399,2225,625,12609,3886,2516,1827,28,58,19,1130,10,m
23,3,75,102,42,65,7,34,8,8,65,136,187,10,18,7,0,17,11,18,10,17,131,8,90,0,15,47,0,0,0,91,40,56,0,0,0,0,9,0,m
4,0,100,197,123,598,15,158,21,46,186,79,334,73,222,14,0,72,23,36,38,24,25,19,438,2,20,147,3,27,3,791,288,240,152,0,0,0,7,0,m
4,0,96,197,105,550,18,161,19,43,189,78,303,63,225,14,0,69,16,36,27,24,25,15,402,2,11,138,3,24,3,716,290,229,149,0,0,0,7,0,m
4,0,2,0,22,111,3,31,2,10,11,0,23,4,47,0,0,15,1,11,2,1,0,9,58,0,8,25,1,6,2,148,63,12,9,0,0,0,3,0,m
1829,722,4354,4547,5476,17753,2068,4768,1068,3315,7803,3324,9851,1834,5013,605,1177,5746,967,945,5002,2584,751,2232,11753,610,1502,3970,762,3141,897,24445,7502,5471,3010,33,68,21,1381,10,m
4,0,92,197,61,396,18,137,19,32,154,70,284,42,197,11,0,53,0,4,27,12,14,15,248,2,11,102,3,24,3,547,254,116,141,0,0,0,7,0,m
1126,67,1024,531,3140,10938,887,2674,684,2521,3725,1223,5447,1073,3094,336,692,3517,375,575,2719,1612,380,1340,6056,242,720,1863,342,2420,570,14139,4571,2908,2410,37,99,20,1103,10,m
1248,350,1384,773,2566,6380,1145,2212,438,892,3764,1843,4371,697,2456,361,256,2756,801,408,2113,1108,508,954,4387,172,696,1656,313,1133,505,9402,3740,3669,1043,14,53,15,584,4,m
826,853,707,3303,4021,12797,926,3683,1059,2972,4894,1695,6410,1356,3654,362,806,3845,468,671,3294,1892,365,1963,8256,531,1039,2538,575,3068,824,16648,5300,3618,2617,40,63,20,1437,22,m
875,358,1139,761,2149,5409,905,1832,325,680,3112,1433,4112,444,1859,314,91,2049,651,317,1728,887,360,697,4179,94,547,1632,233,798,344,8144,2812,3056,854,12,43,7,438,4,m
761,193,1017,688,4620,14431,1060,4292,975,2518,5330,1326,7806,1714,4592,354,1084,3503,505,442,3981,2029,477,966,7637,483,882,3365,726,2451,698,20194,6601,4435,3498,14,27,5,1163,2,m
152,21,184,103,531,1698,202,367,63,122,638,166,1074,106,641,52,76,416,133,68,384,180,63,141,1118,58,106,427,89,313,89,2321,865,845,246,3,0,0,77,0,m
1246,350,1384,773,2562,6359,1145,2202,438,892,3758,1836,4359,696,2449,361,256,2753,799,408,2112,1107,508,953,4380,172,696,1652,313,1133,505,9373,3730,3658,1043,14,53,15,584,4,m
887,217,1176,661,5186,16121,1241,4743,1117,2837,6294,1670,8228,2012,4986,385,1140,4010,609,597,4482,2171,535,1236,9519,571,1149,4018,847,2705,796,22446,7199,5755,3929,8,25,5,1254,3,m
659,762,651,3728,3406,12121,936,2886,747,2567,4236,1494,6103,1107,3357,355,608,3482,524,658,2970,1628,367,1454,7064,383,902,2569,499,2354,638,15509,4689,3027,2073,26,58,19,1168,10,m
368,0,123,0,968,2403,172,574,139,331,1210,1182,2407,125,833,106,94,685,248,140,669,278,118,331,881,77,274,398,83,340,68,4195,1202,1506,400,4,32,4,313,2,m
930,197,1896,988,2633,6706,621,2622,749,1373,5601,2089,4257,763,2807,660,657,3102,493,639,1768,1065,1159,2240,5307,257,1696,2041,375,1032,387,9215,5039,2357,1512,11,22,2,1160,0,m
0,0,2,0,1,34,1,16,0,2,9,4,2,1,15,0,0,5,2,1,0,0,0,4,22,0,8,11,0,0,0,42,25,10,0,0,0,0,1,0,m
378,8,71,26,530,795,22,295,112,78,446,52,420,126,272,24,56,331,57,57,461,204,15,454,999,200,147,191,183,44,29,1821,378,272,46,5,14,1,203,6,m
694,692,702,2993,3263,11652,872,2734,680,2591,4146,1634,5750,1092,3146,415,666,3502,437,664,2732,1622,526,1600,6771,279,802,2272,358,2737,695,14321,4460,3094,2208,26,53,19,1190,10,m
268,45,941,360,1735,5923,444,2036,268,827,2280,375,3388,708,1740,245,59,1394,301,222,1551,475,267,292,5285,91,306,1804,178,685,243,8010,2544,2973,998,1,2,7,199,0,m
23,3,75,102,42,65,7,34,8,8,65,136,187,10,18,7,0,17,11,18,10,17,131,8,90,0,15,47,0,0,0,91,40,56,0,0,0,0,9,0,m
160,48,538,1491,397,2889,117,805,74,249,763,258,1685,313,1035,59,7,304,43,7,141,52,210,53,1807,0,60,690,0,207,20,3440,1292,843,553,0,0,0,66,0,m
4,0,101,197,117,590,14,161,21,48,182,75,309,73,209,14,0,62,26,41,33,24,25,20,454,2,19,149,5,23,3,775,275,257,131,0,0,0,7,0,m
4,0,96,197,105,550,18,161,19,43,189,78,303,63,225,14,0,69,16,36,27,24,25,15,402,2,11,138,3,24,3,716,290,229,149,0,0,0,7,0,m
408,290,332,556,775,1676,141,306,79,90,937,307,1120,133,295,142,10,575,256,126,427,181,157,101,1088,21,34,252,34,95,22,2525,624,867,281,1,1,0,64,0,m
45,18,277,288,382,1820,54,521,45,170,819,201,1793,156,696,95,7,227,54,23,137,39,476,49,922,0,40,336,0,55,21,2411,969,531,541,0,0,0,57,0,m
695,747,778,3906,3838,14388,1112,3346,789,2811,4742,1851,7688,1292,3991,396,766,3902,542,688,3439,1834,416,1481,8167,398,929,2869,527,2859,738,17885,5588,3794,2885,26,58,20,1195,10,m
1803,716,4320,4532,5453,17675,2061,4746,1066,3322,7751,3317,9754,1820,4994,600,1176,5726,944,936,4980,2560,747,2216,11693,609,1483,3942,759,3124,895,24326,7480,5425,3002,33,62,20,1357,10,m
2346,1181,1455,1640,2776,7478,488,3609,706,1529,10659,11845,4520,1176,3762,890,340,2745,949,1492,2175,1238,771,1953,7755,308,1508,2179,381,2911,720,12484,5574,5033,789,15,35,8,1261,8,m
45,18,272,288,373,1784,50,492,45,168,803,201,1783,161,677,93,7,216,42,26,129,39,470,52,877,0,44,321,0,52,19,2372,938,506,528,0,0,0,55,0,m
4,0,96,197,105,550,18,161,19,43,189,78,303,63,225,14,0,69,16,36,27,24,25,15,402,2,11,138,3,24,3,716,290,229,149,0,0,0,7,0,m
82,25,282,748,223,1565,63,438,39,141,439,138,975,159,561,36,7,174,24,4,92,34,142,28,946,0,32,362,0,111,15,1878,727,450,292,0,0,0,36,0,m
152,21,184,103,531,1698,202,367,63,122,638,166,1074,106,641,52,76,416,133,68,384,180,63,141,1118,58,106,427,89,313,89,2321,865,845,246,3,0,0,77,0,m
357,460,303,1972,1739,5672,661,1599,291,907,2025,658,4162,478,1987,244,343,1455,333,203,1403,687,330,419,2940,212,251,996,271,1107,371,6489,2797,2393,1506,7,32,12,410,3,m
892,1554,779,4253,4943,12657,886,3152,951,2939,7231,4579,6548,1180,4525,1231,910,4724,672,972,3477,2080,1395,1879,7506,339,1042,2718,480,2736,762,17050,6225,3695,1881,38,93,29,2876,16,m
4,0,100,197,123,598,15,158,21,46,186,79,334,73,222,14,0,72,23,36,38,24,25,19,438,2,20,147,3,27,3,791,288,240,152,0,0,0,7,0,m
267,106,324,184,791,2049,199,805,241,241,1154,174,1329,259,580,168,54,797,49,149,519,307,190,259,1549,63,157,535,117,184,65,2876,1013,1002,499,2,0,2,73,1,m
348,108,1145,365,1335,4553,493,1713,231,561,1949,446,2804,535,1472,346,97,1424,123,140,925,536,457,240,2598,58,190,1012,103,753,329,5361,2061,3070,1089,1,6,7,207,0,m
13,0,45,0,110,324,44,126,21,27,138,25,297,22,159,7,3,102,7,10,99,47,6,2,153,3,9,73,7,14,3,489,263,141,72,0,0,0,4,0,m
107,29,68,33,671,845,85,254,60,98,375,703,935,34,291,32,62,239,133,37,209,439,21,474,727,23,560,204,35,108,53,1640,477,491,111,0,11,0,95,0,m
273,95,288,109,654,1471,207,607,108,146,1072,251,1034,237,494,109,100,758,99,136,549,318,111,353,1815,94,193,413,94,101,35,2536,944,457,467,4,5,1,187,1,m
864,218,1128,739,5218,16115,1229,4809,1115,2832,6290,1792,8476,1937,5116,430,1138,3968,581,556,4452,2171,556,1085,9270,554,1112,3922,834,2718,834,22517,7339,5756,3885,8,37,5,1211,3,m
238,158,776,869,1264,2901,263,804,242,315,1608,494,2956,172,906,124,77,873,258,149,716,414,221,175,1703,113,173,530,207,547,127,4403,1309,1195,396,2,12,0,343,0,m
82,25,285,748,225,1568,66,441,39,141,442,139,977,159,563,37,8,177,24,4,92,35,142,28,947,0,32,362,0,111,15,1889,730,451,292,0,0,0,36,0,m
82,25,282,748,223,1565,63,438,39,141,439,138,975,159,561,36,7,174,24,4,92,34,142,28,946,0,32,362,0,111,15,1878,727,450,292,0,0,0,36,0,m
602,506,535,2547,2798,9518,679,2271,583,2272,3514,1389,4116,974,2557,300,551,2959,382,605,2219,1376,434,1364,5471,237,754,1890,294,2531,626,12167,3664,2072,1725,26,50,18,1149,10,m
4,0,96,197,105,550,18,161,19,43,189,78,303,63,225,14,0,69,16,36,27,24,25,15,402,2,11,138,3,24,3,716,290,229,149,0,0,0,7,0,m
239,107,343,385,711,1446,160,714,160,213,990,167,726,125,519,65,92,579,42,112,386,245,71,393,1361,83,174,418,82,129,42,2242,895,735,281,1,6,0,106,0,m
1,6,19,22,34,130,10,52,3,15,35,14,105,14,37,0,0,31,5,3,23,17,0,10,101,3,14,60,5,0,0,170,64,26,0,0,0,0,3,0,m
739,942,847,902,1416,3091,365,833,136,111,1707,900,3465,86,1476,181,127,674,558,179,870,518,383,987,2763,179,308,642,226,689,49,6016,1809,1557,246,0,12,0,191,1,m
2,0,88,197,43,327,19,133,19,28,124,62,260,41,166,7,0,41,0,5,20,8,10,12,230,2,11,97,4,14,2,483,220,114,88,0,0,0,3,0,m
4028,964,1892,3992,5062,4613,260,1593,432,268,6669,2757,5508,161,1217,406,47,2822,2549,877,465,418,1148,3293,2667,56,3954,1340,158,9325,1120,12954,1436,3788,283,0,0,0,3096,0,m
787,550,841,3534,4669,13155,1079,3773,1084,3177,5400,1864,6756,1281,4620,453,1660,4177,507,808,3602,2651,460,2059,8030,442,1071,2749,512,2766,776,16659,6445,3161,3475,33,79,28,1536,13,m
908,1597,824,4295,5272,13387,994,3301,1035,3070,7460,4626,7035,1224,4723,1242,939,4966,698,992,3710,2204,1436,1886,7704,346,1046,2782,492,2905,808,18034,6482,4021,1984,38,87,27,2892,16,m
1342,1463,2089,7182,8469,27849,2327,8739,1901,5646,11863,4779,14749,3013,7777,1026,1744,7432,1329,1450,7847,3713,1243,3241,18101,989,2085,6023,1184,5085,1441,35735,11646,8912,6013,112,158,28,2077,16,m
694,678,697,3019,3549,12892,926,3207,742,2705,4735,1844,6344,1171,3498,458,704,3722,459,709,2938,1683,566,1864,7821,302,1031,2660,417,2874,724,16173,5072,3315,2515,26,55,20,1259,10,m
35,0,42,0,76,314,43,136,17,41,164,7,250,35,109,7,12,93,4,0,57,18,10,7,247,3,9,95,6,23,4,513,171,184,128,0,0,0,5,0,m
4,0,96,197,105,550,18,161,19,43,189,78,303,63,225,14,0,69,16,36,27,24,25,15,402,2,11,138,3,24,3,716,290,229,149,0,0,0,7,0,m
4,0,96,197,105,550,18,161,19,43,189,78,303,63,225,14,0,69,16,36,27,24,25,15,402,2,11,138,3,24,3,716,290,229,149,0,0,0,7,0,m
3280,2432,7721,9779,8094,24161,1267,5562,1266,2452,11648,8333,12071,3756,5458,1659,597,6659,1979,1905,6731,2408,2602,1525,13899,413,1157,3559,627,2021,634,38139,8326,8100,2213,49,91,8,1697,4,m
1,6,17,20,34,129,10,52,3,15,35,14,102,14,37,0,0,31,5,2,23,17,0,10,101,3,14,60,5,0,0,170,64,25,0,0,0,0,3,0,m
4,0,2,0,22,111,3,31,2,10,11,0,23,4,47,0,0,15,1,11,2,1,0,9,58,0,8,25,1,6,2,148,63,12,9,0,0,0,3,0,m
45,18,277,288,382,1818,54,519,45,170,819,201,1793,155,694,95,7,227,54,23,137,39,476,49,920,0,40,335,0,55,21,2407,966,531,541,0,0,0,57,0,m
3,0,93,197,63,488,15,137,20,34,170,73,272,39,182,11,0,51,15,22,25,13,22,22,372,2,8,95,13,24,3,671,239,147,122,0,0,0,4,0,m
792,195,1021,820,4708,14746,1101,4377,1004,2549,5491,1361,7973,1742,4664,364,1099,3571,523,456,4099,2072,491,938,7978,511,874,3473,758,2484,723,20615,6693,4666,3562,8,25,5,1157,2,m
269,106,325,184,807,2122,200,843,244,251,1178,183,1364,259,611,169,54,802,49,149,525,307,199,262,1607,63,160,560,117,215,78,2954,1055,1057,506,2,0,2,75,1,m
0,0,2,0,6,39,1,16,0,2,8,0,0,1,15,0,0,3,2,4,0,0,0,8,27,0,8,11,0,0,0,52,25,10,0,0,0,0,1,0,m
3,9,39,98,254,1188,70,350,58,137,327,38,657,79,460,32,34,197,19,14,235,94,39,18,589,49,25,244,101,76,17,1342,659,433,166,0,0,0,14,0,m
35,0,42,0,76,314,43,136,17,41,164,7,250,35,109,7,12,93,4,0,57,18,10,7,247,3,9,95,6,23,4,513,171,184,128,0,0,0,5,0,m
122,317,330,490,605,2038,129,821,180,227,1067,747,1416,292,1089,104,14,493,125,65,363,224,56,280,3125,51,138,848,99,173,34,3531,1575,719,398,3,13,1,268,3,m
274,95,288,109,647,1408,187,590,105,143,1023,236,1008,224,482,108,88,734,94,127,538,305,111,314,1730,89,171,395,85,101,35,2421,920,430,462,4,4,1,187,1,m
82,25,285,748,228,1596,66,440,40,143,445,139,988,161,572,37,8,178,26,5,94,35,142,29,961,0,36,370,0,114,15,1911,738,464,292,0,0,0,36,0,m
342,314,635,304,1296,3184,314,915,206,398,1626,1917,1919,340,1076,131,151,973,250,177,683,575,186,1064,1927,100,354,577,174,437,152,4755,1497,1698,376,1,19,0,226,0,m
45,18,272,288,373,1772,50,489,45,167,801,199,1770,162,674,93,7,216,42,26,128,39,470,52,874,0,44,321,0,50,19,2351,933,511,525,0,0,0,55,0,m
4,0,96,197,105,550,18,161,19,43,189,78,303,63,225,14,0,69,16,36,27,24,25,15,402,2,11,138,3,24,3,716,290,229,149,0,0,0,7,0,m
4,0,96,197,105,550,18,161,19,43,189,78,303,63,225,14,0,69,16,36,27,24,25,15,402,2,11,138,3,24,3,716,290,229,149,0,0,0,7,0,m
4,0,100,197,123,598,15,158,21,46,186,79,334,73,222,14,0,72,23,36,38,24,25,19,438,2,20,147,3,27,3,791,288,240,152,0,0,0,7,0,m
313,386,306,451,811,1044,123,588,136,169,985,683,715,109,436,141,37,616,67,116,380,197,48,416,1273,61,226,384,72,128,42,2158,773,682,136,12,27,5,296,6,m
378,8,71,26,536,829,26,297,112,79,451,52,434,128,283,24,56,339,58,57,469,206,15,458,1007,200,151,196,183,46,32,1858,391,285,47,5,14,1,204,6,m
32,0,32,0,61,220,36,87,16,31,126,5,199,23,56,3,12,75,4,0,49,13,7,3,167,3,2,59,6,15,4,382,97,151,82,0,0,0,0,0,m
4,0,2,0,22,111,3,31,2,10,11,0,23,4,47,0,0,15,1,11,2,1,0,9,58,0,8,25,1,6,2,148,63,12,9,0,0,0,3,0,m
266,95,284,109,610,1375,154,600,108,144,998,222,875,220,460,111,81,686,79,129,493,275,119,304,1453,86,175,411,93,98,34,2146,915,511,411,4,4,1,182,1,m
313,386,306,451,811,1044,123,588,136,169,985,683,715,109,436,141,37,616,67,116,380,197,48,416,1273,61,226,384,72,128,42,2158,773,682,136,12,27,5,296,6,m
23,3,75,102,42,65,7,34,8,8,65,136,187,10,18,7,0,17,11,18,10,17,131,8,90,0,15,47,0,0,0,91,40,56,0,0,0,0,9,0,m
0,0,2,0,1,24,1,14,0,1,8,6,7,1,12,0,0,9,0,1,0,0,0,4,20,0,10,10,0,2,1,37,22,6,0,0,0,0,1,0,m
234,96,306,151,639,2156,253,434,73,163,834,374,1287,161,793,81,109,544,171,101,504,242,163,166,1123,73,135,459,95,586,134,2772,1054,973,380,3,5,0,172,0,m
63,0,38,0,289,884,103,385,66,66,366,75,709,106,303,20,57,242,74,24,313,142,30,78,390,40,44,166,48,179,94,1221,485,512,179,1,7,0,53,0,m
250,76,298,118,635,2119,250,427,73,161,838,360,1269,157,781,78,109,543,167,101,502,240,162,166,1123,73,135,459,95,577,130,2740,1042,958,375,3,5,0,171,0,m
4,0,2,0,22,114,3,32,2,11,11,5,22,4,47,0,0,15,1,11,2,1,0,9,59,0,8,25,1,6,2,149,63,15,9,0,0,0,3,0,m
267,84,1030,541,1789,6227,453,2130,275,854,2352,435,3468,755,1819,250,60,1433,321,244,1590,489,274,320,5609,90,330,1904,179,713,246,8401,2659,3075,1007,1,2,7,208,0,m
4,0,96,197,105,550,18,161,19,43,189,78,303,63,225,14,0,69,16,36,27,24,25,15,402,2,11,138,3,24,3,716,290,229,149,0,0,0,7,0,m
273,95,288,109,654,1471,207,607,108,146,1072,251,1034,237,494,109,100,758,99,136,549,318,111,353,1815,94,193,413,94,101,35,2536,944,457,467,4,5,1,187,1,m
990,1140,977,2499,1092,2795,291,628,66,81,1387,838,3197,65,1192,120,51,550,475,138,804,359,324,748,2112,170,168,604,199,470,22,4859,1388,1158,115,0,0,0,148,0,m
24,22,173,116,557,2041,45,441,49,138,573,61,1029,391,552,40,0,182,83,73,132,92,85,46,1456,3,42,389,12,30,4,2481,752,853,480,0,0,0,41,0,m
529,109,596,167,1470,4049,472,1021,244,304,2669,2309,2119,232,1449,520,140,1176,207,153,1016,471,624,377,2231,34,352,933,83,693,333,5247,1963,2096,668,1,14,0,337,1,m
4,0,101,197,117,587,14,158,21,47,181,75,309,72,207,14,0,62,26,41,33,24,25,20,449,2,19,147,5,23,3,772,272,255,130,0,0,0,7,0,m
968,499,1764,2732,2446,8557,597,2042,546,2189,3120,1142,3635,813,2225,262,513,2951,348,563,2017,1288,278,1330,5114,230,743,1712,295,2081,544,10735,3210,1735,1420,26,56,19,963,10,m
4,0,96,197,105,550,18,161,19,43,189,78,303,63,225,14,0,69,16,36,27,24,25,15,402,2,11,138,3,24,3,716,290,229,149,0,0,0,7,0,m
3,0,93,197,63,488,15,137,20,34,170,73,272,39,184,11,0,51,15,22,25,13,22,22,372,2,8,95,13,24,3,673,241,147,122,0,0,0,4,0,m
3,8,46,47,254,968,15,191,19,50,247,17,573,277,248,8,0,73,54,28,90,67,18,19,727,1,16,180,9,11,2,1243,338,371,138,0,0,0,29,0,m
45,18,277,288,382,1820,54,521,45,170,819,201,1793,156,696,95,7,227,54,23,137,39,476,49,922,0,40,336,0,55,21,2411,969,531,541,0,0,0,57,0,m
4,0,2,0,22,111,3,31,2,10,11,0,23,4,47,0,0,15,1,11,2,1,0,9,58,0,8,25,1,6,2,148,63,12,9,0,0,0,3,0,m
0,0,8,0,8,78,6,29,1,6,39,1,51,10,39,6,0,10,0,0,4,2,15,1,57,0,1,31,0,8,2,92,53,29,19,0,0,0,0,0,m
4028,964,1892,3992,5055,4607,260,1590,431,268,6702,2762,5509,161,1216,406,47,2818,2543,871,465,417,1148,3277,2662,56,3940,1339,158,9292,1118,12930,1435,3775,283,0,0,0,3091,0,m
4,0,95,197,102,553,17,156,18,41,180,74,304,61,207,13,0,62,19,41,27,23,24,16,411,2,10,133,4,19,3,712,268,243,130,0,0,0,6,0,m
4,0,96,197,105,550,18,161,19,43,189,78,303,63,225,14,0,69,16,36,27,24,25,15,402,2,11,138,3,24,3,716,290,229,149,0,0,0,7,0,m
0,0,2,0,1,24,1,14,0,1,8,6,6,1,12,0,0,9,0,1,0,0,0,4,20,0,10,10,0,1,1,36,22,6,0,0,0,0,1,0,m
132,0,58,0,399,1260,149,417,72,108,554,624,993,151,450,42,67,344,113,66,399,179,50,113,782,64,106,292,89,141,80,1868,663,701,168,2,16,0,101,0,m
4,0,98,197,104,537,15,153,20,45,181,78,293,61,212,14,0,66,16,36,26,24,25,14,405,2,11,132,3,24,3,698,274,229,141,0,0,0,5,0,m
82,25,282,748,223,1565,63,438,39,141,439,138,975,159,561,36,7,174,24,4,92,34,142,28,946,0,32,362,0,111,15,1878,727,450,292,0,0,0,36,0,m
0,0,4,0,6,44,1,21,0,3,9,5,27,1,13,0,0,4,0,5,0,0,0,4,27,0,5,11,0,0,0,58,30,9,0,0,0,0,1,0,m
424,808,1019,1034,1311,3840,392,1317,404,831,1923,1297,1788,494,1351,170,230,1410,195,307,830,440,177,676,3516,140,435,974,194,396,144,4672,2330,1944,954,9,18,3,418,4,m
123,0,126,0,395,1298,215,482,81,92,574,89,938,168,419,29,94,448,62,33,469,188,28,82,914,64,45,328,87,202,80,2117,690,618,215,0,7,0,66,0,m
82,25,282,748,223,1565,63,438,39,141,439,138,975,159,561,36,7,174,24,4,92,34,142,28,946,0,32,362,0,111,15,1878,727,450,292,0,0,0,36,0,m
25,3,80,107,42,62,7,34,8,7,66,136,191,16,18,7,0,15,14,21,11,17,131,10,87,0,20,47,0,0,0,90,41,46,4,0,0,0,10,0,m
4,0,92,197,61,396,18,137,19,32,154,70,284,42,197,11,0,53,0,4,27,12,14,15,248,2,11,102,3,24,3,547,254,116,141,0,0,0,7,0,m
1134,35,1003,29,3104,10697,777,2806,695,2530,3782,1254,4878,1178,2961,334,777,3487,317,570,2732,1604,356,1685,6025,258,792,1949,328,2511,624,13883,4469,2817,2241,38,112,19,1105,10,m
1111,73,814,534,2576,8785,658,2292,579,2279,3408,1016,4125,876,2584,341,602,3004,395,592,2220,1413,392,1524,5606,271,782,1920,307,2360,677,11952,3804,2119,1563,37,108,20,1146,10,m
679,578,706,3121,3460,12988,958,3197,744,2664,4588,1782,6375,1138,3556,366,713,3659,472,669,2963,1677,409,1646,7587,318,1043,2600,430,2864,722,16277,5076,3173,2531,26,53,20,1210,10,m
664,530,736,3195,3466,13237,987,3104,730,2749,4379,1674,6708,1216,3608,376,740,3684,425,644,3038,1746,411,1359,7318,325,793,2460,408,2792,711,16171,5099,3288,2666,26,51,20,1157,10,m
802,195,1022,821,4712,14770,1108,4378,1001,2548,5511,1373,7982,1745,4671,365,1102,3584,524,457,4105,2077,492,952,7988,511,884,3474,756,2495,724,20654,6701,4659,3594,8,25,5,1165,2,m
4,0,96,197,105,550,18,161,19,43,189,78,303,63,225,14,0,69,16,36,27,24,25,15,402,2,11,138,3,24,3,716,290,229,149,0,0,0,7,0,m
32,0,32,0,61,220,36,87,16,31,126,5,199,23,56,3,12,75,4,0,49,13,7,3,167,3,2,59,6,15,4,382,97,151,82,0,0,0,0,0,m
23,3,75,102,42,65,7,34,8,8,65,136,187,10,18,7,0,17,11,18,10,17,131,8,90,0,15,47,0,0,0,91,40,56,0,0,0,0,9,0,m
1803,722,4340,4547,5472,17735,2066,4765,1064,3314,7758,3317,9820,1832,5005,600,1176,5734,950,940,4997,2574,748,2222,11744,609,1483,3964,759,3135,895,24416,7492,5468,3003,33,62,20,1357,10,m
273,95,288,109,654,1471,207,607,108,146,1072,251,1034,237,494,109,100,758,99,136,549,318,111,353,1815,94,193,413,94,101,35,2536,944,457,467,4,5,1,187,1,m
24,22,173,116,557,2037,45,436,49,138,572,61,1030,389,548,40,0,182,83,73,132,92,85,46,1453,3,42,387,12,30,4,2475,745,851,480,0,0,0,41,0,m
0,0,2,0,1,34,1,16,0,2,9,4,2,1,15,0,0,5,2,1,0,0,0,4,22,0,8,11,0,0,0,42,25,10,0,0,0,0,1,0,m
1560,116,927,859,8255,16649,1300,2706,852,1265,6719,2832,11538,1510,4362,872,268,3694,2124,943,4818,2166,2778,2325,12202,454,1717,2458,677,3649,919,23778,5846,9637,2382,16,87,10,1404,0,m
368,0,123,0,968,2403,172,574,139,331,1210,1182,2407,125,833,106,94,685,248,140,669,278,118,331,881,77,274,398,83,340,68,4195,1202,1506,400,4,32,4,313,2,m
4,0,96,197,105,550,18,161,19,43,189,78,303,63,225,14,0,69,16,36,27,24,25,15,402,2,11,138,3,24,3,716,290,229,149,0,0,0,7,0,m
13,0,45,0,110,324,44,126,21,27,138,25,297,22,159,7,3,102,7,10,99,47,6,2,153,3,9,73,7,14,3,489,263,141,72,0,0,0,4,0,m
4,0,98,197,104,537,15,153,20,45,181,78,293,61,212,14,0,66,16,36,26,24,25,14,405,2,11,132,3,24,3,698,274,229,141,0,0,0,5,0,m
4,0,94,197,59,389,20,139,20,30,149,68,286,42,181,10,0,51,1,6,27,11,13,14,250,2,10,101,4,18,3,540,238,123,126,0,0,0,6,0,m
1149,983,1214,1262,3329,6077,368,1805,528,1198,5450,3793,4207,591,3170,1049,482,2548,399,548,1866,977,1828,1065,3867,96,469,1452,131,1188,388,9578,4123,2420,1004,12,19,7,1465,5,m
1014,67,779,531,2450,8331,583,2103,559,2194,3009,898,3685,836,2311,288,514,2821,330,545,2000,1299,287,1300,5068,229,702,1782,304,2020,542,11296,3494,1749,1499,37,103,20,1046,10,m
4,0,96,197,105,550,18,161,19,43,189,78,303,63,225,14,0,69,16,36,27,24,25,15,402,2,11,138,3,24,3,716,290,229,149,0,0,0,7,0,m
45,18,272,288,373,1772,50,489,45,167,801,199,1770,162,673,93,7,216,42,26,128,39,470,52,874,0,44,321,0,50,19,2350,932,511,525,0,0,0,55,0,m
234,96,306,151,639,2156,253,434,73,163,834,374,1287,161,793,81,109,544,171,101,504,242,163,166,1123,73,135,459,95,586,134,2772,1054,973,380,3,5,0,172,0,m
85,3,49,3,443,1475,244,574,88,136,697,479,1088,175,509,44,123,484,80,77,496,204,43,93,1047,65,51,387,89,232,97,2292,864,750,258,0,12,0,115,0,m
821,207,1079,768,4952,15250,1152,4471,1043,2696,5844,1490,8186,1883,4773,376,1127,3755,569,502,4321,2111,510,1027,8603,540,1015,3725,802,2528,743,21348,6869,5096,3758,8,25,5,1187,3,m
4,0,2,0,22,111,3,31,2,10,11,0,23,4,47,0,0,15,1,11,2,1,0,9,58,0,8,25,1,6,2,148,63,12,9,0,0,0,3,0,m
6141,1273,3654,2780,17654,32113,3452,13217,3432,4153,21278,4125,15678,4678,9729,2197,1307,12233,2306,2070,13391,5674,2418,9910,30745,1643,6466,9083,2419,4314,1468,53950,15499,18239,6956,125,127,19,3186,9,b
490,1639,757,4244,5350,15421,1020,5073,1224,2261,7612,3421,7942,2078,4184,550,698,4284,992,658,4530,2183,1132,1830,12475,632,1291,3509,695,1840,534,21018,6591,6934,2563,18,40,1,768,13,b
6543,444,4527,1721,23849,58936,6323,25323,7134,16622,28488,5846,0,8706,18131,2495,4771,20763,2255,3151,17474,8831,3597,31394,79562,3004,16688,15033,2909,10517,3857,84195,31568,29713,14322,4657,1679,5352,3158,3013,b
491,905,320,1858,3697,6092,562,2946,1220,1416,3850,894,3212,768,2339,268,764,2399,313,437,2635,1220,326,1573,6206,638,751,1593,524,903,319,10188,3748,2606,1165,69,36,3,708,17,b
6714,2182,3551,9431,17993,44739,3217,14680,6011,12452,22503,16407,25955,5658,13239,4907,2928,12861,3371,2198,12425,5875,15343,6726,29413,1530,4066,9156,1741,5830,2070,56288,21805,21843,10356,80,109,363,5255,24,b
921,809,872,1031,5030,10125,977,4832,1665,1919,5646,944,5818,1408,3474,568,681,3319,480,585,3214,1674,731,2197,9907,774,1238,2879,791,1797,543,16350,5681,5798,2028,55,39,9,842,17,b
5065,349,4078,2060,18075,43834,5090,16665,4676,10680,24032,6411,23101,6318,15125,2235,4955,15389,2388,1762,12859,5599,3819,28837,65607,1976,14989,11342,1911,7351,3159,62511,23046,27269,12165,4642,1605,5347,2393,2991,b
3026,2281,2438,7678,14048,33192,3990,11370,3675,6573,18631,7154,19401,3873,10976,1223,2774,10759,2442,1698,9745,4356,2208,27864,57255,1597,14873,7530,1792,5564,2340,48321,16058,20088,8988,4675,1662,5316,1880,2993,b
6693,2152,3545,9223,17776,44045,3175,14463,5974,12331,22218,16338,25345,5567,13108,4884,2908,12738,3335,2186,12294,5831,15314,6632,28894,1526,3998,9008,1734,5788,2060,55477,21555,21498,10119,78,109,363,5226,24,b
2555,609,1238,2619,8423,25894,1290,7595,1822,4406,9802,5675,13419,3056,8954,1736,1675,5743,969,1151,5696,2882,3764,2370,14333,680,1189,5100,645,5281,1729,34162,12676,8733,5321,34,73,31,2522,15,b
166,283,263,1551,1502,4716,492,1198,232,452,1660,976,3366,594,1308,128,299,1086,290,149,1286,503,194,22451,35778,185,11222,787,195,636,171,6397,1985,1450,687,4546,1523,5310,174,2975,b
3410,1639,3757,5503,16727,37372,4906,14680,4689,9936,21517,5926,19088,4982,12623,1672,5001,13661,1865,1477,11978,5468,2417,27129,58077,1712,14005,8832,1565,5398,2142,54417,19574,20460,12422,4599,1597,5326,2451,2999,b
8873,3530,5500,14720,26816,62133,5529,22774,7254,12914,35816,17968,35150,7429,19384,6060,4657,20458,5081,3157,19031,8047,13677,32986,79191,2546,17992,14320,2782,7711,3132,89551,31282,32564,13364,4688,1679,5638,6562,2996,b
572,1295,605,1965,4618,9135,758,4695,1640,2195,5288,1158,4396,1329,3122,389,464,3227,308,436,3183,1439,375,2097,8504,638,1168,2492,666,1701,648,14031,5070,4802,2083,43,36,11,797,17,b
2403,327,1404,1016,8010,20242,1799,6606,1889,3545,8635,1646,10829,2279,6368,1195,989,5779,939,717,5493,2742,2329,3064,14770,1021,1776,5289,1003,2322,941,28044,10085,8133,4044,52,36,6,1292,13,b
341,321,694,590,1838,4852,224,1551,359,878,2061,783,2115,784,1256,180,162,1279,263,220,1246,552,309,318,2140,135,151,867,123,875,324,6639,2073,1819,951,2,10,0,382,0,b
1842,1949,1517,3689,11825,21774,1959,7139,2980,6500,14216,6215,10640,3422,7806,2020,2318,8118,1089,1806,7255,3689,3191,26184,48008,924,13180,5206,933,5457,1916,29185,12198,9570,6014,4637,1602,5351,3076,3001,b
2375,330,1355,574,3424,9163,409,3057,745,1863,4595,2728,4743,838,3732,1212,694,2904,361,488,2328,1299,2117,1193,5658,354,556,1876,318,1332,501,12899,5445,3049,1411,21,33,17,1358,10,b
2375,330,1355,574,3424,9163,409,3057,745,1863,4595,2728,4743,838,3732,1212,694,2904,361,488,2328,1299,2117,1193,5658,354,556,1876,318,1332,501,12899,5445,3049,1411,21,33,17,1358,10,b
3267,1157,2009,1879,13691,28572,2233,10105,2966,3859,13756,2476,13696,4173,8149,1459,1034,8489,1751,1673,8400,3913,1751,6487,28521,1707,3361,7199,1839,4110,1040,43156,12934,17060,6472,81,74,16,2257,19,b
2752,97,1926,898,10106,23841,2583,8283,2245,3505,12827,6444,18402,3012,8762,1311,1279,7380,1675,1099,7385,3748,5493,26078,52222,1074,13823,6383,1345,3763,1495,35431,13222,13403,4558,4619,1670,5319,1851,2984,b
2592,1995,2048,3631,12428,22400,2389,10916,4013,6497,14832,4097,9740,3669,7152,949,2523,9151,1283,1056,8366,3380,1308,26511,52348,1333,13641,5613,1253,3400,1579,36633,12187,13952,7177,4624,1590,5324,1379,2996,b
2710,228,1775,1299,10871,21731,1817,7439,2577,4402,12238,2970,8455,3140,6965,983,1890,7527,1083,860,5658,2458,1527,25798,49552,1072,13058,5061,1004,3872,1711,33263,10397,14687,5009,4591,1551,5333,977,2985,b
7294,945,7872,3911,30084,75366,7507,29330,7678,18504,40013,9012,38075,10469,23334,3470,6174,24876,3388,2439,21881,9504,6195,31045,86423,3235,16680,18714,3305,13311,5081,106663,37433,43338,19184,4631,1636,5342,3106,2996,b
6694,828,4617,2265,21527,37433,4042,17520,4405,6180,24429,5494,0,6000,11587,2699,1515,15506,1960,2124,16741,7261,2954,9696,44111,2514,5691,11967,3073,5048,1681,62034,20838,24411,8637,87,85,9,2908,15,b
1443,1003,1147,1770,6844,12716,1499,5821,2259,3425,8183,2322,5635,1803,3872,415,1697,4849,785,398,4004,1532,462,24663,42980,730,12485,2998,722,1544,670,21878,6119,8569,3979,4587,1546,5313,617,2990,b
3936,1423,3922,3285,15823,32078,3526,13980,4682,9728,20939,5697,14814,5016,9993,1638,3685,12575,1919,910,9822,3975,3114,27243,55250,1581,14354,7561,1439,4768,2037,49709,15848,22399,10188,4599,1564,5327,1394,2997,b
1859,477,1466,1172,6809,14749,1936,6169,2109,4162,9046,2980,7466,2092,4760,593,1918,5525,965,367,4477,1788,989,24191,43583,674,12398,3481,645,2333,1172,23265,7255,10094,4997,4567,1535,5311,716,2987,b
2955,1382,2454,2561,12001,24025,2984,10945,3589,6874,15726,4360,11653,3814,7550,1036,2943,9520,1501,833,8090,3164,1818,25852,51510,1258,13293,5846,1207,3293,1643,39471,12074,15848,7998,4596,1573,5316,1179,2993,b
2155,912,1821,2280,8455,19278,2306,7443,2474,4766,10971,3427,9591,2573,6120,743,2092,6512,1220,540,5567,2268,1128,24798,47103,957,12727,4425,1060,2690,1288,29145,9268,12397,5809,4584,1544,5314,971,2999,b
1365,1061,951,1557,6884,12021,876,6085,2567,3514,7680,1971,4618,1872,4521,503,921,4473,518,1275,3953,1991,902,3884,10464,969,2198,3839,1040,2361,883,18482,7841,6596,2540,157,129,19,1134,21,b
3355,1462,2814,2318,9139,15892,1984,9285,3387,4887,11166,3537,6904,2133,5348,711,2216,5948,869,501,4614,1856,780,26603,45729,890,13683,3965,962,2597,1013,26901,8807,10524,5441,4594,1581,5312,2356,3007,b
2670,1258,1909,2218,10847,21030,2295,9468,3383,5774,13238,3882,9486,3127,6963,839,2290,8075,1148,941,7058,2940,1218,25732,50190,1197,13287,5408,1229,3304,1582,34073,11254,12870,6281,4617,1585,5317,1268,2992,b
120,208,134,1791,2004,3747,361,828,234,265,1634,1091,2421,843,1707,154,201,928,512,101,1592,527,142,1254,5116,162,460,1129,140,2107,231,7219,2267,1045,437,2,14,0,407,0,b
574,758,486,1477,4113,7178,653,3745,1198,1523,5075,1280,2794,1420,2272,320,584,2797,319,467,3085,1539,293,24137,41546,730,12028,2043,753,832,364,12562,3964,3070,1541,4571,1565,5310,724,2985,b
771,11,398,41,2003,4706,491,1430,522,812,2602,1610,3122,895,1707,196,453,1575,339,547,1678,797,484,23876,36947,415,11847,1310,451,776,388,7205,2671,2328,925,4623,1618,5310,458,2977,b
654,58,443,211,1648,4570,792,1558,238,441,2700,1630,3548,564,1594,297,305,1282,504,169,1388,656,376,577,4221,257,356,1317,355,777,272,7012,2093,2204,937,20,23,0,263,0,b
2706,907,2286,1771,9941,20848,2754,9041,3018,5967,13444,3950,10851,3051,6569,898,2755,8145,1366,587,6411,2445,1863,25029,47430,921,12805,4851,843,2846,1437,33650,10181,14483,7154,4585,1544,5316,930,2990,b
0,0,2,0,1,3,1,2,0,0,4,0,7,1,0,2,0,2,0,0,1,0,2,0,0,0,0,0,0,0,0,4,1,3,0,0,0,0,0,0,b
2661,1556,2090,3028,11419,22562,2877,10172,3409,5866,14635,5089,11772,3327,7113,953,2734,8499,1352,803,7448,3034,1504,25903,50929,1175,13327,5280,1122,3427,1611,37841,11117,13842,6866,4596,1573,5314,1198,2991,b
358,53,228,46,822,2381,286,908,207,263,1218,552,1345,335,735,119,185,763,153,167,720,401,143,267,1719,159,205,560,188,398,152,3184,1225,1216,445,6,29,0,203,1,b
168,14,165,89,868,1927,226,669,105,206,1221,497,1589,229,790,88,94,546,121,75,932,293,84,239,1496,97,123,502,105,276,131,3152,1122,1139,303,1,9,0,89,0,b
5715,776,4337,2407,20407,41046,4094,18351,5637,9846,24478,6360,20852,5923,13796,2403,2821,15660,1579,1737,13644,6208,3362,29893,66809,2199,15653,10459,2236,7903,3295,59449,22772,26363,10150,4654,1659,5356,2291,3006,b
8585,3397,5524,12910,25293,59689,5246,22042,6760,12772,33074,16157,32312,7534,18141,5732,4267,18806,4774,2699,18220,7756,12950,31124,76315,2377,16601,13520,2597,7498,3096,85119,28904,32569,13106,4649,1662,5639,5509,2994,b
2242,2198,1875,2143,7589,15305,2326,6701,2220,4536,10562,3716,7418,2180,5254,922,2335,6096,1110,444,4371,1829,1171,25643,45026,564,13104,3964,594,3111,1281,24124,8124,11011,4946,4569,1603,5312,1266,2978,b
2874,1290,2605,2685,11820,23840,3049,10887,3713,6923,15361,4136,11615,3718,7709,1087,2998,9268,1476,719,7398,2915,1810,26052,50956,1118,13382,5994,1035,3431,1617,38458,12226,16285,7852,4593,1550,5317,1107,2992,b
4171,1483,3910,4544,16254,32830,3611,13963,4827,9614,23186,6997,16109,4811,10537,1906,3824,13675,2132,1381,10533,4360,3884,28151,57829,1672,14989,8276,1530,4778,2096,50662,17063,21715,10349,4607,1583,5326,2255,2994,b
5325,430,3461,1476,17732,37811,4072,13384,5462,10539,21556,5651,16406,5688,11359,1762,3508,13839,2706,4237,12608,5768,2840,8014,24951,1956,4430,9133,2008,7915,3365,57130,18619,19852,7540,501,489,57,2003,31,b
4533,396,3640,1973,15479,33244,3698,12826,3367,6661,20423,5454,17568,4759,12203,2126,3190,13190,1655,1370,10309,4757,3305,27000,58786,1750,13706,9026,1554,6573,2967,45698,18762,24318,9587,4944,1574,5334,1763,2997,b
695,437,378,879,3271,5991,352,3058,1124,1508,3806,834,2485,967,2332,277,401,2052,171,423,1804,915,296,1947,5501,497,995,1836,644,1244,395,10046,3926,2725,1093,40,49,4,669,14,b
1618,181,1060,944,5590,9140,561,3026,1314,2275,5707,1589,3632,1071,2630,468,799,3717,470,345,2332,1031,490,24049,39390,499,12158,2031,471,892,592,12126,3828,8134,2034,4597,1550,5313,438,2982,b
7149,3256,4721,8512,24385,45987,4807,16417,6381,10995,34228,11202,0,5953,16020,3320,3978,16862,3561,2431,18413,8006,6181,31868,74881,2525,16287,11822,2505,12087,4009,68119,25178,25856,10639,4654,1709,5337,4576,3010,b
2541,663,1195,2664,8095,25093,1311,7441,1748,4301,9644,5744,13315,2994,8810,1730,1680,5660,956,1166,5466,2852,3781,2243,13979,635,1167,4920,601,5333,1754,33042,12355,8390,5220,33,73,31,2522,15,b
9082,704,4041,2440,25786,51594,3675,22948,7017,12579,29843,7656,23269,8383,17035,3501,3740,19138,2111,2396,18572,7807,5931,8195,42107,2810,4395,13198,2761,12800,4277,77435,28637,27657,13536,157,168,41,4025,44,b
5670,503,3511,2506,17428,41008,4169,15905,3348,7561,23370,9881,0,5621,15680,2481,3109,13994,3412,2354,11754,6237,4793,31703,71030,2195,16005,11135,2298,10560,3225,56482,24293,25863,8456,4506,1680,5347,3337,2997,b
4118,710,4361,2961,15224,36623,4120,14163,4248,10203,21751,5604,18013,4981,11198,1732,3960,13102,1964,848,9919,4139,3282,26241,60753,1403,13733,8297,1274,5322,2247,55213,17249,25057,11059,4579,1569,5326,1296,2994,b
4128,3744,3801,10391,24443,59006,5820,21913,6303,12310,31745,8971,28966,7793,18078,2747,4181,18231,3487,2423,15886,6520,4504,30306,74835,2307,16068,13127,2305,12075,3970,87127,27621,33070,15433,4615,1618,5332,2963,3001,b
3295,1343,2709,2527,12856,25274,3063,11251,3888,7474,17129,4584,12289,3884,7887,1218,3134,10250,1532,852,8440,3293,2169,26016,52182,1375,13402,6126,1185,3541,1740,40871,12557,17494,8365,4592,1579,5322,1150,2994,b
403,152,496,498,1706,6226,728,1650,334,1045,2269,503,3792,625,2045,218,422,1707,270,233,1461,739,286,429,2660,183,256,1021,186,1422,453,7339,3030,2510,1401,7,39,12,427,3,b
1959,620,1504,1487,7208,15085,1956,6345,2144,4249,9199,3023,7596,2122,4910,591,1938,5687,960,366,4623,1807,995,24287,44193,689,12441,3616,675,2494,1178,24057,7502,10280,5039,4567,1537,5311,722,2987,b
1401,1000,1138,1754,6604,12565,1506,5755,2179,3402,8014,2281,5589,1785,3875,381,1703,4812,739,380,3929,1478,399,24442,42777,704,12387,2982,720,1511,662,21626,6010,8418,3981,4584,1544,5313,599,2990,b
1961,270,929,357,3393,8469,383,1940,438,807,4611,2435,4278,1362,3204,890,380,2397,658,382,1938,1000,1091,953,7417,188,428,1888,225,877,282,13770,4377,2620,723,10,23,16,1125,4,b
2330,2371,14791,16516,30640,62186,2391,29132,9966,16860,52430,13011,27673,9707,21730,3407,3902,18756,2981,3249,22092,9974,7096,8362,50852,3337,4807,16262,3075,19773,6323,105719,34160,24702,15587,202,167,36,3466,31,b
2666,674,1369,2696,9226,28050,1578,8281,1993,4787,10699,5913,14865,3298,9685,1810,1875,6331,1073,1225,6414,3231,3960,2578,15619,785,1292,5559,786,5631,1899,36961,13774,9935,5846,50,87,31,2679,15,b
6589,365,3856,2090,26975,54982,5216,19101,5504,8331,27809,15367,24531,6211,16259,2860,3272,18106,3576,3024,19420,8685,4959,9067,53888,2850,5777,13238,3336,9453,2785,89262,25803,30907,10833,126,171,7,3619,20,b
2243,131,1338,767,7628,14502,1762,6459,2237,4014,9420,2422,6619,2083,4848,538,1873,5624,833,619,4424,1738,642,24640,44071,702,12558,3790,841,1942,822,24858,7726,9594,4311,4606,1556,5317,765,2985,b
14586,976,9682,3886,50164,120576,9275,44103,12966,29434,56384,14343,0,16958,34928,7298,7199,39192,4499,5694,33529,15661,10685,36934,123559,4518,19655,28634,4536,20994,7457,171291,56674,60830,25813,4800,1900,5445,8797,3064,b
6719,2183,3562,9443,18061,45017,3229,14763,6027,12488,22580,16422,26049,5710,13317,4918,2930,12907,3376,2204,12482,5894,15358,6734,29574,1540,4073,9216,1748,5875,2078,56656,21931,21908,10405,80,109,363,5261,24,b
403,152,496,498,1706,6226,728,1650,334,1045,2269,503,3792,625,2045,218,422,1707,270,233,1461,739,286,429,2660,183,256,1021,186,1422,453,7339,3030,2510,1401,7,39,12,427,3,b
1049,603,759,663,2092,3217,252,1139,348,626,3823,2679,2087,344,2046,877,364,1940,239,321,1140,697,1081,578,1880,61,213,639,75,893,324,5063,2687,1859,318,9,26,11,1088,6,b
2993,359,2200,1373,10150,18910,1401,7520,2607,5117,11949,2641,8774,2647,5797,1222,1505,7660,821,840,6307,2783,1672,25543,48452,1232,12952,4795,1115,2903,1397,26398,9158,13559,4263,4611,1585,5327,973,2990,b
647,1953,300,1798,2009,3121,244,783,278,534,5105,3527,1890,326,1952,1317,444,2005,424,426,1290,693,2019,1294,1812,72,220,537,57,1289,432,3826,2458,1784,839,12,28,31,1918,7,b
850,3855,376,2099,4195,10911,647,3562,1563,1739,6545,4787,3875,1956,2234,734,395,2860,839,347,2724,1507,812,1749,6656,611,840,1819,515,1596,756,11385,3946,7731,1186,38,238,1234,1677,47,b
361,916,224,1302,2431,3475,295,983,365,691,4582,2761,2387,269,2007,1242,380,1841,213,344,1107,617,1801,630,1390,43,189,511,42,1335,439,4615,2619,2058,789,15,22,30,1537,10,b
1700,229,482,386,2044,3882,423,1189,314,589,4969,2433,2535,526,2176,1299,528,2059,416,356,1416,731,1872,1096,2473,157,234,826,171,1349,494,5229,2877,2217,982,17,40,28,1617,7,b
45,220,91,1411,1025,2969,264,700,143,274,1057,329,2439,209,855,87,98,683,191,102,848,253,130,120,1472,99,100,487,77,384,57,4160,1309,777,497,0,0,0,72,0,b
2110,982,1742,1862,8920,19287,2272,7919,2682,4905,11030,3442,9817,2696,6030,752,2051,7099,1273,554,5658,2339,1167,24918,47559,854,12846,4771,877,2878,1384,29638,9411,12604,6113,4585,1544,5315,977,2990,b
244,476,233,1459,1430,3788,560,1448,324,449,2065,1402,2646,483,1294,221,197,1361,250,215,988,597,216,369,2792,150,250,894,278,488,197,5303,1905,1897,819,1,11,2,316,1,b
138,255,74,934,1119,3167,371,1046,243,291,1413,314,2442,327,1113,169,64,1064,186,162,774,465,136,227,1853,74,155,648,141,558,169,4048,1544,1674,697,1,0,3,142,1,b
4021,626,2219,2058,13113,22592,1952,10195,3950,5927,14479,3588,9842,3248,7112,1272,1926,9002,1050,880,7295,2933,1829,26849,50606,1510,13658,5471,1331,3576,1917,34391,11903,16359,5951,4625,1607,5322,1195,2996,b
3742,554,1564,1537,11130,18146,1571,10168,3519,4671,11533,2692,7015,3246,5812,998,1428,7768,771,1175,7502,3341,1174,27447,52539,1649,13795,5076,1639,2342,1331,31687,10510,9466,4720,4661,1702,5328,1498,3007,b
169,0,199,103,1089,3580,89,887,139,309,871,2233,3376,552,1306,83,31,531,542,182,635,221,488,359,3035,89,240,983,88,285,73,6157,1610,1127,438,2,34,148,198,0,b
12175,909,4475,3295,26752,57000,4849,19142,5383,8684,34045,9662,29674,9719,18754,5401,3023,22038,5019,3593,20939,10641,7065,31639,96424,4447,15763,18295,3764,11677,4407,80160,29268,35064,17294,4826,1667,5373,4538,3019,b
1670,2043,1446,3518,12689,29755,1743,9989,3867,7682,16296,9779,17437,3866,9550,2856,1805,8512,878,1217,7676,3817,9337,3433,19985,1029,1785,6376,1059,5214,1804,36739,14875,13168,7053,55,95,48,3328,25,b
3144,771,2471,966,12472,25282,2547,10706,2949,4269,13366,2320,12143,3068,8138,1141,1284,8485,1711,1294,8357,4284,1122,6231,20748,1507,3114,6266,2110,4926,1688,39953,13208,15030,5254,50,86,11,1672,16,b
4654,245,3312,662,16928,36298,4151,12703,3133,5558,18741,4472,20732,4327,11632,1624,1546,12831,2453,2274,11082,5882,2158,9145,31445,1439,4293,8934,1902,5963,1959,56572,18665,19308,7288,67,144,33,2908,16,b
370,171,454,392,1652,2018,34,570,195,297,2106,2334,576,206,935,588,252,526,60,83,265,226,660,1006,1054,43,472,397,76,230,50,3004,1085,704,91,5,16,0,417,0,b
4270,342,4294,1621,16049,41725,5143,13493,3860,8217,19673,5340,22854,4859,13096,1632,3159,14446,1859,1641,12288,5616,2601,27222,60260,1526,14442,9059,1767,8059,3122,58790,19168,23133,9330,4589,1607,5328,2038,2991,b
2203,3048,1918,6022,12607,22705,2433,9565,3488,5295,15377,4117,10547,3171,7167,1327,2546,8298,1316,984,8027,3275,1600,28100,52729,1350,14230,5219,1365,3541,1142,37991,11129,12579,6986,4628,1578,5320,1518,2994,b
856,132,1360,651,3431,12285,1377,3918,742,1915,4642,1325,6355,1041,3709,539,651,2751,586,243,3259,1154,605,506,7399,335,576,2855,524,1598,399,17789,5344,3837,2755,17,28,0,466,0,b
192,55,207,286,1067,4969,420,1272,199,527,1437,713,2775,528,1441,82,241,800,174,81,925,379,111,22395,35662,106,11188,938,185,753,201,5962,1956,2201,420,4546,1523,5310,137,2975,b
830,693,1061,3007,8585,22401,1852,7664,1874,3082,9901,2783,14341,2444,6932,1168,1005,6003,910,863,7675,2887,2147,2565,15342,1143,1580,4792,1216,3511,1098,31538,11054,10629,3785,22,90,62,1106,8,b
830,693,1061,3007,8585,22401,1852,7664,1874,3082,9902,2783,14340,2444,6932,1168,1005,6003,910,863,7675,2887,2147,2565,15342,1143,1580,4792,1216,3511,1097,31538,11054,10629,3785,22,90,62,1106,8,b
73,234,150,1671,1268,3651,356,900,185,369,1396,463,3070,234,1075,111,163,828,251,115,1014,361,236,138,1831,136,116,620,133,550,124,4964,1656,1116,762,0,1,0,100,0,b
6681,395,2385,1120,21419,40663,2311,19200,5632,8740,22534,6354,12906,6189,13772,3462,1682,13552,1973,2069,13425,6802,3791,6597,41267,1704,4017,13713,2107,6965,2512,62323,23817,28103,8598,116,157,48,2872,29,b
335,813,189,1282,2612,4683,360,2524,991,1065,2853,662,2797,698,1852,172,303,1738,220,245,1712,883,259,1205,4614,485,555,1215,466,887,323,8260,3012,2277,1092,33,22,3,495,15,b
4520,1847,5167,5389,20997,46001,5630,18708,5798,12709,27762,7144,22597,6539,15045,2350,5689,16744,2742,1532,14121,5877,3928,28366,66334,2092,14990,11373,1913,7194,2789,70409,23688,27896,13230,4611,1615,5332,2436,3003,b
3832,1050,4017,2664,15127,32509,3553,13244,4330,9567,20366,5386,15331,4864,10005,1527,3780,12418,1862,1021,9384,3902,3077,26355,53886,1434,13735,7393,1237,4619,2102,48428,15810,22229,10520,4599,1560,5334,1317,2993,b
1533,729,1244,1559,7058,14255,1659,6579,2191,3929,9238,2377,5927,2164,4067,462,1754,5282,829,465,4776,1771,508,24281,44652,756,12449,3547,771,1607,635,24347,6550,8839,4535,4574,1559,5310,607,2985,b
5019,1859,5529,5683,23410,54289,6807,20956,6249,13941,31557,8619,29334,7588,18338,2684,6300,19970,2751,2095,17228,7884,4519,29170,69223,2469,15613,12499,2371,9292,3502,78424,28073,32833,14835,4614,1626,5337,3069,3000,b
20,0,44,0,53,175,69,72,21,7,341,4,89,24,20,121,2,82,0,1,14,10,193,1,10,0,0,6,0,113,8,154,107,59,0,1,0,0,3,0,b
1302,195,1108,795,4820,11031,1497,4606,1459,3055,6917,1936,5224,1443,3232,351,1600,3965,704,227,3219,1056,426,23511,40642,481,12003,2682,486,1042,494,18708,4921,7567,3563,4555,1525,5310,321,2979,b
4333,310,4397,1884,14309,36509,4275,12799,3691,9532,20807,10747,15800,4472,10668,1775,3842,12556,2301,812,9447,3793,3198,25496,53884,1067,13355,7651,1020,8915,2192,50103,16150,26400,10816,4564,1542,5326,1625,2982,b
3938,2132,3435,5079,18549,32630,3360,14930,5481,9467,22481,6162,15637,5178,10049,1796,3562,13632,1967,1354,11733,4723,3584,28372,59323,1936,14555,7677,1746,4793,2172,53909,16756,21285,10578,4617,1727,5329,1852,3002,b
10474,807,6246,2213,36762,79556,6546,32063,8899,20290,42154,12937,30377,12248,28851,5476,6756,27486,2615,4408,25355,13421,8474,33233,93452,3229,16719,18989,2778,18380,7710,118565,44727,37545,19445,4802,1823,5430,6580,3017,b
6714,2182,3551,9431,17993,44739,3217,14680,6011,12452,22503,16407,25955,5658,13239,4907,2928,12861,3371,2198,12425,5875,15343,6726,29413,1530,4066,9156,1741,5830,2070,56288,21805,21843,10356,80,109,363,5255,24,b
539,35,1146,340,1622,6455,858,1639,457,908,2220,362,3342,493,1775,305,432,1547,270,130,1415,562,382,236,2920,155,246,1244,282,946,232,8195,2614,2053,1472,12,9,0,179,0,b
2918,892,2164,1808,11317,23880,3015,10024,3396,6065,13965,4164,13421,3100,8042,895,2631,8817,1478,838,7410,3010,1560,25629,49903,1077,13193,5601,1228,3912,1733,38354,12511,14981,7059,4612,1567,5320,1259,2992,b
5822,394,4767,1627,20488,59112,4210,16174,4690,11213,24047,7645,26577,8642,16581,1935,3815,16956,3818,2924,16756,7784,3105,30754,80407,2058,15132,12569,2030,11607,4613,87213,24918,22166,12090,4650,1710,5360,3438,3006,b
3197,942,2761,2100,12009,24988,3071,10431,3601,7296,16343,4430,12743,3651,7752,1237,3131,9773,1527,691,7531,2968,2446,25523,49700,1160,13132,5665,1023,3703,1775,39016,12043,17769,8424,4588,1556,5325,1047,2993,b
967,42,779,176,2832,5701,579,2519,733,1211,3098,820,4265,1092,2136,294,598,2040,331,261,2409,1200,366,23241,38499,505,11483,1484,513,1004,429,8821,3346,2715,1666,4577,1547,5314,486,2985,b
0,0,0,0,1,20,2,20,0,0,2,2,9,1,6,0,1,2,0,0,0,0,0,0,22,0,2,10,0,0,0,42,18,5,0,0,0,0,1,0,b
3995,1254,3948,3196,15345,31584,3530,13573,4639,9648,20639,5557,14755,4876,9623,1545,3602,12429,1940,904,9789,3954,3062,26558,54773,1473,13860,7299,1278,4678,2028,48333,15277,22312,10163,4606,1560,5327,1358,2995,b
2285,1524,1716,2635,9868,18258,2132,8555,3054,5190,11984,3673,8499,2840,5969,756,2237,7333,1109,729,6610,2700,1201,25582,48701,1162,13131,4650,1029,2892,1451,30479,9571,11601,5913,4598,1572,5315,1079,2991,b
3538,278,3603,1816,11968,27514,3264,10362,3168,8157,17417,5010,13124,3869,8199,1365,3242,10396,1738,611,7756,3084,2915,25044,49857,938,13140,6182,823,4012,1776,40329,12588,19809,9052,4556,1536,5323,832,2978,b
2550,536,1985,1504,9411,21359,2594,9062,2904,5679,12582,3759,10564,2938,7027,830,2498,7477,1201,698,6055,2512,1463,25039,48782,898,12894,5286,971,3350,1581,33681,10974,13540,6458,4592,1555,5317,1070,2989,b
946,765,795,1988,5357,13197,1095,5326,1643,2647,6925,1520,6442,1470,4639,696,600,3873,469,637,3681,1756,579,2430,10482,819,1612,3488,1019,2437,853,19117,7206,6249,2357,45,34,13,949,14,b
5188,2233,5501,4923,21924,44411,4869,19789,6570,13175,28875,7023,20249,6617,13904,2319,5050,17559,2374,1593,14379,5994,4037,28974,67375,2222,15076,10833,1960,6744,2888,66984,22516,30195,13840,4672,1643,5332,2055,3004,b
3211,980,2806,2211,12301,25485,3100,10807,3731,7501,16565,4421,12797,3755,7907,1237,3158,9921,1546,702,7709,3024,2332,25705,50132,1196,13243,5789,1048,3800,1793,39802,12335,18082,8551,4595,1558,5325,1081,2995,b
1288,187,875,271,1473,1337,1095,1150,558,318,2935,932,509,175,500,315,697,1801,129,306,848,336,180,1497,2623,170,1114,563,192,262,52,3525,1377,899,491,14,42,1,549,0,b
6714,2182,3551,9431,17993,44739,3217,14680,6011,12452,22503,16407,25955,5658,13239,4907,2928,12861,3371,2198,12425,5875,15343,6726,29413,1530,4066,9156,1741,5830,2070,56288,21805,21843,10356,80,109,363,5255,24,b
5093,4261,4610,11055,28090,70930,4844,18187,8072,22025,35473,15449,0,10640,24450,4410,7370,21622,2654,3564,16033,9405,5925,32014,75212,1829,16574,15547,1692,12649,4223,81975,38027,31615,19578,4785,2058,6998,8359,3100,b
642,1494,406,2131,4953,5954,786,3604,1543,1267,5636,1598,3436,927,2396,323,305,3354,344,523,2948,1268,602,2587,7009,644,1425,1816,716,966,391,12386,4000,3659,1201,45,50,4,998,15,b
7381,670,5334,3011,22874,42858,4501,19904,6654,12686,28139,6298,19029,6715,13276,2345,4675,17852,2322,1812,14648,6102,3572,29954,66881,2292,15561,10449,2082,5886,2735,67982,22605,28538,13137,4660,1646,5340,2247,3009,b
4093,1299,4419,3317,16094,35166,4004,15130,4884,10673,22440,5751,16726,5421,10858,1739,4088,13542,1952,943,10290,4187,3338,26803,56991,1525,13933,8251,1352,4910,2189,53045,17257,24474,11381,4602,1565,5330,1372,2999,b
5271,1331,5028,3490,19358,45453,4835,17808,5668,12044,26485,12024,19121,6123,13937,2157,4450,15866,2556,1401,12492,5273,3722,27850,62512,1859,14627,10127,1893,10664,2830,64765,21942,30900,12628,4629,1583,5336,2511,3001,b
3226,1050,2764,2265,12890,25890,3098,10985,3723,7548,16836,4543,12819,3993,8013,1270,3148,10125,1573,751,7975,3114,2368,25967,50740,1262,13471,5941,1201,3837,1812,40928,12561,18272,8629,4592,1561,5325,1160,2995,b
4493,3102,4745,11410,18542,42433,4449,16963,5321,11977,28218,7916,24016,5841,13695,2882,4372,14797,2456,1396,12773,5237,6093,28482,63191,1880,14206,10120,1695,5961,2577,63831,20937,26003,13229,4600,1568,5328,1785,2995,b
884,576,1168,2023,7587,21431,1204,8224,2526,7227,8490,5784,16731,2992,8449,875,1697,5814,537,691,6011,3290,1794,1588,14002,666,962,5318,699,3637,1116,31097,12408,6692,7215,25,39,20,1600,9,b
3200,951,2749,2154,12087,24918,3056,10432,3617,7293,16302,4392,12506,3637,7688,1218,3129,9771,1533,690,7549,2976,2312,25559,49782,1172,13165,5662,1027,3694,1764,38989,11985,17809,8383,4588,1556,5325,1043,2993,b
3966,1077,3763,2778,14969,31238,3593,12677,4279,9256,20353,6026,15548,4508,10018,1650,3664,12434,1913,915,9448,4214,3497,26177,54513,1426,13588,7395,1238,5303,2456,46271,15447,22074,10430,4592,1574,5329,1559,2993,b
5429,3104,4701,9565,29279,53407,4229,19923,6759,12464,33069,12134,25313,6909,18077,3034,5177,18845,3056,3541,15913,7913,4183,31178,70315,3040,16784,10943,2608,8346,3844,90656,26780,26327,12666,4643,1675,5339,6665,2999,b
580,547,434,1082,2669,7598,672,2813,810,1581,3335,749,4220,962,2585,236,562,2181,316,312,2294,1076,331,1036,5161,522,530,1581,525,1629,534,10600,3994,2850,1658,23,54,12,664,15,b
2421,952,1912,2012,9759,20008,2651,8754,2998,5678,12674,4253,10746,2890,6846,939,2569,7895,1250,631,6306,2857,1869,24988,48346,956,12781,4878,872,3607,1877,31319,10553,13434,6951,4588,1561,5317,1245,2990,b
1700,151,1394,792,5762,13482,1858,5218,1641,3732,7850,2808,6912,1799,4277,526,1789,4920,870,265,3698,1416,1015,23455,41959,355,12038,3175,354,2027,1086,20417,6449,9572,4678,4552,1523,5311,454,2975,b
408,825,280,851,2448,4356,361,2323,882,953,2593,1018,2072,915,1460,145,393,1589,216,255,1733,800,145,23370,37476,498,11597,1037,485,745,320,7316,2459,2046,748,4579,1544,5310,485,2989,b
266,18,97,112,869,2404,602,506,95,113,1092,142,2228,216,950,38,47,716,417,88,709,369,82,275,1643,192,124,435,208,384,148,4228,1254,710,355,3,2,0,166,2,b
7134,2221,3786,9953,19881,49857,3594,16108,6633,13536,24798,17191,28103,6238,14320,5013,3354,14137,3676,2281,13569,6194,15476,7030,31929,1617,4298,10137,1842,6308,2163,63650,23378,24814,11987,79,114,363,5383,24,b
4179,908,4693,4674,20132,62567,4318,22936,5454,16405,26002,6161,22985,9191,15852,2406,3911,16497,1759,2090,16917,7406,4529,28138,75680,2136,14373,14879,1976,12534,3937,84363,25805,24230,14823,4614,1667,5342,2763,3008,b
4878,378,3595,1670,17821,43607,4330,13382,4470,7618,19427,5000,22988,5004,13521,1813,3062,13724,2892,1940,11852,6425,2698,27814,61821,1863,13968,8276,2081,6525,2166,65204,19650,23529,7920,4682,1630,5329,2624,2996,b
2807,1307,2257,2325,11985,24835,3025,10991,3674,6416,14937,4509,12295,3478,7951,1006,2793,9060,1346,850,8091,3316,1928,25898,53691,1325,13321,5984,1257,3861,1710,39754,12688,15781,7403,4594,1583,5314,1230,2991,b
2806,1307,2262,2325,11981,24819,3035,11010,3672,6425,14960,4472,12295,3482,7961,1008,2799,9069,1345,852,8097,3318,1892,25905,53734,1325,13326,6004,1257,3864,1710,39797,12703,15746,7398,4594,1583,5314,1230,2991,b
30,194,199,1651,1276,4142,448,1210,88,661,1447,1449,3575,860,1792,270,200,833,120,105,273,646,779,181,2374,13,476,1393,17,85,36,7396,2155,1075,289,0,4,0,270,0,b
60,53,339,430,545,1814,184,438,67,181,623,132,1499,192,535,51,49,352,106,49,372,93,75,62,661,31,36,336,56,273,57,2568,715,406,388,0,0,0,35,0,b
4454,1960,2347,13666,14803,33112,5357,15186,3693,6414,26599,7360,28774,3656,20567,1655,5793,9114,1748,3264,10190,4274,1773,7656,74316,1152,3803,13237,1507,2283,692,62049,26096,7838,9251,87,142,45,4767,11,b
137,66,147,215,301,867,79,466,48,53,553,160,923,148,356,58,25,271,64,18,251,105,79,90,930,6,50,396,33,488,79,1758,539,377,180,0,5,0,65,0,b
1859,477,1466,1172,6810,14749,1936,6169,2109,4162,9046,2980,7466,2092,4760,593,1918,5525,965,367,4477,1788,989,24191,43583,674,12398,3481,645,2333,1172,23265,7255,10095,4997,4567,1535,5311,716,2987,b
45,220,91,1411,1025,2969,264,700,143,274,1057,329,2439,209,855,87,98,683,191,102,848,253,130,120,1472,99,100,487,77,384,57,4160,1309,777,497,0,0,0,72,0,b
2852,1108,1622,2727,11707,25802,2192,7953,3731,11516,13580,4638,8680,4486,6847,791,2653,9439,1405,2102,7033,3696,1417,6621,17154,962,3671,6459,1030,5273,1660,35918,11579,11300,7217,79,112,43,3078,27,b
1426,185,694,772,6277,6048,690,1924,1347,862,5999,19241,2912,878,2714,361,46,3261,928,715,3645,1860,271,3302,12592,360,1895,2267,620,677,134,15038,3780,3331,1490,105,85,1,831,1,b
1426,185,694,772,6277,6048,690,1924,1347,862,5999,19241,2912,878,2714,361,46,3261,928,715,3645,1860,271,3302,12592,360,1895,2267,620,677,134,15038,3780,3331,1490,105,85,1,831,1,b
2093,1724,1923,3181,13384,33136,2275,8547,4373,10182,17051,11983,19731,4309,9391,2520,2547,11215,956,1398,7979,4353,9681,3102,17194,837,1638,5326,815,5270,1463,36974,14820,15659,9157,92,143,76,3916,36,b
2224,886,1741,1664,8497,17470,2332,7850,2690,4979,11099,3419,8982,2536,5625,710,2332,6709,1116,497,5443,2130,1349,24690,45959,831,12573,4141,769,2546,1297,28576,8800,11896,5930,4585,1544,5314,867,2990,b
162,394,71,582,1085,1681,63,1185,486,520,1208,230,759,344,641,51,138,653,85,88,898,374,38,692,2312,326,315,510,300,277,101,3423,1084,740,336,15,14,0,284,12,b
81,75,439,700,517,1554,157,285,57,101,568,137,1455,99,431,56,19,394,122,41,408,78,85,54,484,29,39,180,59,281,24,2331,562,220,246,0,0,0,42,0,b
1574,893,1293,1580,6950,13590,1711,6578,2389,4032,8824,2407,6465,1971,4158,475,1798,5254,796,419,4289,1623,614,24410,43335,763,12428,3307,743,1692,757,22982,6733,9209,4442,4590,1547,5313,629,2992,b
3686,206,2317,605,12665,22605,2147,9742,2757,3366,13506,1627,8589,3628,6169,943,1040,9651,1167,1614,9697,4322,1095,5623,23458,1210,3040,6292,1532,2529,942,37641,11950,10980,4867,34,31,21,1877,1,b
1635,1931,1137,3486,8355,19460,2561,6877,2350,3549,9708,3556,12114,2182,5731,565,1638,6370,1268,640,5792,2171,687,24631,45944,878,12634,3728,974,3002,1041,30788,8545,11934,4458,4582,1553,5317,859,2990,b
4104,520,2743,2410,12972,29627,2322,10667,3273,6504,14926,4202,13371,4284,9337,1189,2400,9714,1280,1246,9999,4850,1989,27656,60426,1949,13824,7947,1585,3904,1904,42061,14635,15358,6899,4670,1620,5329,1727,2994,b
359,429,337,976,2952,7738,596,2802,839,1385,3484,1182,3395,1234,2308,184,580,2021,261,346,2034,1090,250,23786,39468,539,11796,1782,583,1546,533,11189,3757,2942,1587,4562,1538,5313,641,2987,b
4115,1380,4312,3450,16759,37243,3979,15515,4859,10538,22638,5926,17769,5401,11489,1842,3797,13581,2047,995,10518,4319,3314,27351,58122,1596,14161,8342,1445,5792,2545,55166,18103,25627,11259,4601,1573,5327,1502,2995,b
534,35,1160,338,1577,6257,849,1562,451,868,2133,353,3257,473,1699,288,407,1498,275,130,1375,534,369,232,2784,150,232,1181,275,912,223,7964,2505,1959,1430,12,9,0,174,0,b
2689,2109,3143,4287,3244,3776,230,2419,868,994,4709,2157,2698,719,1877,445,523,2250,537,446,1395,789,474,5013,9081,469,2288,1643,526,1767,274,6580,4428,1431,2168,21,71,2,1611,1,b
902,1535,1089,5310,6218,17564,2428,5069,1124,2403,10182,6706,12375,1638,6227,1572,1148,5225,1309,761,5417,2352,1926,1852,11884,777,1381,3997,1046,2658,928,24371,8572,8072,2151,14,58,8,2049,6,b
7312,695,5515,2863,24500,46795,5197,21256,7008,13145,30023,6892,22246,7039,15419,2455,5114,18888,2617,1875,15653,7087,3654,29842,68019,2345,15529,11257,2133,7432,3142,73547,25031,30631,15049,4649,1661,5342,2538,3003,b
4132,1087,4397,2794,15858,35127,4017,14326,4594,10498,22094,5576,16572,5103,10896,1725,4226,13550,1911,1079,10186,4256,3276,26687,55580,1483,13901,8103,1319,4929,2218,51785,17299,23978,11337,4598,1569,5333,1412,2997,b
737,773,475,895,4181,7766,598,3841,1461,1651,4489,1353,3605,1307,2727,323,476,2519,256,391,2348,1227,287,23907,40099,631,11950,2245,771,1352,519,13002,4471,3574,1308,4601,1553,5313,705,2992,b
152,321,215,2457,1749,5519,963,1046,168,343,1962,1566,4856,408,1660,168,276,1291,503,119,1601,761,214,276,3188,194,253,936,267,916,217,7689,1933,2431,717,2,9,0,175,0,b
2239,1359,1688,2261,9462,17646,2108,8265,3052,5142,11685,3505,8171,2723,5582,723,2125,7164,1065,675,6336,2509,1075,25258,47943,1070,12951,4389,969,2606,1308,29293,9011,11382,5791,4600,1572,5314,1029,2993,b
3162,1209,2754,2469,12256,25116,3050,11188,3875,7528,16550,4462,12503,3876,7988,1227,3109,9932,1509,723,7741,3032,2206,25840,50810,1213,13301,5992,1047,3802,1774,39553,12593,17938,8292,4591,1561,5323,1111,2995,b
3321,1449,2776,2665,13210,25924,3119,11627,4035,7694,17537,4635,12548,3988,8096,1250,3168,10467,1560,876,8635,3357,2191,26231,52792,1412,13546,6295,1216,3672,1775,41879,12902,17866,8523,4600,1584,5322,1207,2996,b
4459,1804,4744,4002,18613,40784,4521,16986,5312,11572,25507,6301,19459,5746,12491,1962,4270,15312,2083,1258,12392,5119,3441,27800,61856,1822,14613,9766,1699,5799,2574,60873,19686,26828,12615,4615,1604,5336,1747,3000,b
1403,1007,1134,1756,6578,12545,1507,5747,2174,3391,7987,2273,5572,1794,3845,378,1702,4785,735,373,3917,1472,391,24417,42693,704,12391,2961,724,1511,661,21535,5972,8402,3977,4596,1547,5313,598,2990,b
2828,400,1621,1475,9690,15232,991,6713,3015,4462,10392,2266,5911,2112,4467,851,1246,6624,646,683,4871,2185,1064,25544,45669,1134,13000,3711,995,1828,1000,21527,7247,12329,3743,4608,1579,5323,805,2993,b
1104,582,886,1957,1983,3367,241,1133,455,531,2449,4623,2815,340,1378,253,268,1353,296,317,729,530,1221,1195,2544,75,769,767,111,458,100,5384,2182,1375,734,26,33,8,609,1,b
1707,1001,1118,1706,8112,13834,1840,6226,2574,3514,9265,2762,7004,1877,4280,448,1844,5597,938,531,4791,1913,458,25121,46289,1049,12709,3594,1009,2252,740,25218,6725,9366,3960,4586,1558,5315,858,2990,b
6363,1080,3362,5089,21448,54107,3431,16735,4693,9249,22837,6238,0,6843,14436,2875,2891,13235,2342,1996,14541,6752,3636,7777,37107,2159,4097,11151,2069,7473,2576,69673,22598,23544,10536,159,142,26,3463,19,b
2891,263,1815,1344,9872,19541,2709,8818,3021,5546,12337,3532,10210,2753,6562,826,2588,7684,1211,578,6211,2585,1499,25174,48198,929,12871,4768,866,2994,1415,32243,10196,13343,6601,4591,1552,5314,995,2990,b
633,875,311,1209,4130,6556,358,3670,1444,1678,4201,888,2578,1159,2367,322,298,2366,223,382,2176,1095,267,1764,6251,616,963,2024,772,1171,426,11721,4005,3115,1220,59,35,3,694,19,b
6723,2191,3570,9531,18132,45471,3238,14907,6061,12549,22684,16434,26204,5781,13428,4927,2930,12948,3383,2207,12528,5914,15369,6751,29968,1548,4091,9372,1752,5904,2090,57222,22104,22066,10449,80,109,363,5273,24,b
6719,2183,3562,9443,18061,45017,3229,14763,6027,12488,22580,16422,26049,5710,13317,4918,2930,12907,3376,2204,12482,5894,15358,6734,29574,1540,4073,9216,1748,5875,2078,56656,21931,21908,10405,80,109,363,5261,24,b
1839,93,1338,560,6347,13013,1010,5117,1668,3206,7427,1778,5588,1665,4567,770,1069,4651,497,655,3947,1973,740,24484,43191,762,12295,3635,892,2214,815,18245,7131,7969,2642,4602,1560,5320,864,2986,b
4298,1539,4433,3324,17080,35691,3984,15188,5024,10717,23210,5860,16595,5321,10798,1791,4085,13960,2001,1116,11072,4495,3301,27274,57959,1728,14231,8384,1511,4856,2248,54297,17272,24377,11433,4611,1593,5329,1491,3000,b
2888,1740,2525,3831,14092,30038,3033,11846,4033,8140,16692,5054,15381,4206,9766,1788,3175,10531,1571,1082,9867,4453,3770,25957,55111,1512,13347,6768,1404,4408,1936,44781,15336,15304,8792,4605,1575,5312,1659,2991,b
539,35,1146,340,1622,6454,858,1638,457,907,2219,362,3342,493,1775,305,432,1545,271,130,1414,562,382,236,2920,155,246,1244,282,946,232,8195,2614,2051,1472,12,9,0,179,0,b
1861,502,1479,1198,6940,15154,1954,6326,2135,4202,9205,3021,7620,2163,4935,607,1920,5606,972,375,4534,1806,994,24261,43913,681,12451,3603,677,2427,1193,23979,7516,10257,5064,4567,1535,5311,732,2987,b
4676,5897,5185,16854,32952,75969,4659,24724,7844,14599,36050,11685,0,10634,20463,4422,4817,21598,3015,4176,21875,10411,7298,10634,48626,3202,5448,14394,2900,18977,5816,103387,34074,33293,16205,139,195,45,4122,77,b
812,145,485,287,1325,2160,189,767,167,342,2044,1140,1529,306,1370,375,132,901,212,175,1053,373,340,436,2131,73,159,708,94,468,179,3551,1746,1408,314,5,27,22,404,6,b
7134,2221,3786,9953,19881,49857,3594,16108,6633,13536,24798,17191,28103,6238,14320,5013,3354,14137,3676,2281,13569,6194,15476,7030,31929,1617,4298,10137,1842,6308,2163,63650,23378,24814,11987,79,114,363,5383,24,b
1765,173,974,1038,6336,11222,1170,3627,1506,2690,7381,2369,5541,1262,3519,530,1275,4565,777,400,3221,1284,826,24184,40581,581,12133,2375,536,1466,972,16791,5010,9659,3193,4583,1530,5314,494,2982,b
1183,304,832,432,4409,10021,550,2073,1406,3069,4729,2202,3084,880,3021,647,962,3824,310,562,1980,2435,1115,988,3535,204,470,1410,130,1404,592,13035,4338,4177,1678,13,15,1,1277,54,b
1968,190,927,640,5974,9961,693,4003,1464,2558,6702,1939,4320,1468,3642,520,903,4399,515,638,3631,1721,628,24392,40854,643,12235,2434,581,1831,993,15769,5639,6741,2565,4591,1571,5331,748,2983,b
2603,310,2216,1540,9712,23558,2943,9087,2706,5792,13429,3933,11961,2872,7639,943,2517,7926,1248,788,6261,2663,1621,24938,48787,729,13029,5676,925,3799,1747,35420,11821,14464,6795,4581,1553,5325,1043,2977,b
1005,911,589,1484,4965,9577,657,4678,1711,2345,5885,1227,4357,1305,3629,611,574,3406,313,644,3143,1507,538,2368,8962,854,1275,2817,965,1895,753,14975,6085,4754,1809,58,40,9,923,17,b
2664,262,2034,1537,9392,17310,1316,5661,2370,4673,10393,3135,7578,2077,5441,1084,1407,7003,757,553,4498,2232,1870,24847,44031,886,12615,3857,750,2784,1513,20519,8065,14044,4507,4583,1554,5324,853,2986,b
1411,745,1252,1972,6013,12454,1599,5708,1812,3528,7890,2294,5716,1803,3893,426,1742,4491,802,320,3727,1333,501,24152,42655,606,12316,3130,583,1343,605,21427,5990,8349,3865,4561,1536,5310,454,2983,b
2851,1121,2593,2439,11451,23423,3008,10660,3677,6869,15026,4061,11483,3651,7547,1069,2976,9080,1454,698,7274,2865,1795,25835,50279,1086,13274,5786,992,3353,1603,37628,11972,16019,7779,4591,1547,5317,1066,2992,b
5483,167,4595,1049,20699,52991,5769,20262,4886,10815,24074,7538,30546,6519,18524,2599,3959,17770,2568,3187,17372,7718,4571,29782,72280,2352,15639,12632,2628,12751,4269,72466,29676,27316,11033,4718,1766,5363,3554,2999,b
646,776,515,2573,4545,10828,1035,3807,1165,1570,4885,1761,7520,1353,4035,332,444,2871,545,382,3009,1563,426,23607,41020,592,11883,2505,865,2624,882,17148,5467,4588,1742,4584,1549,5310,766,2989,b
1524,1121,1664,2349,7405,14463,1786,7510,2527,4197,9467,2335,7024,2339,4750,691,1612,6246,646,564,5117,2305,1045,24991,46576,1081,12485,3741,925,1924,864,22547,7932,9571,4250,4607,1562,5328,967,2999,b
3953,385,2417,1798,13708,31863,3036,9787,3168,6737,15131,4202,15339,3597,9665,1237,2917,10080,1579,1441,8451,3819,1956,27186,52789,1367,13911,6603,1224,5171,2201,43092,14519,19354,7231,4657,1609,5330,1725,2990,b
7334,2258,3984,10513,21015,52142,3794,17140,7040,14107,27619,18632,29888,6471,15538,5426,3651,15675,3911,2678,14316,6596,16370,8734,34344,1738,5561,11059,2054,6755,2327,66860,25775,25465,12363,90,117,363,6321,24,b
539,35,1146,340,1622,6454,858,1639,457,907,2219,362,3342,493,1775,305,432,1546,270,130,1414,562,382,236,2920,155,246,1244,282,946,232,8195,2614,2052,1472,12,9,0,179,0,b
177,87,286,240,1275,3865,371,1145,255,912,1723,393,1669,487,1252,263,341,1053,84,179,945,434,425,349,1839,121,213,595,115,892,259,4539,2096,1515,1027,3,6,3,274,0,b
3255,1162,2893,2884,13021,26532,3131,11414,4090,7819,17077,4591,12966,3987,8107,1268,3191,10271,1648,733,8091,3143,2340,26141,51713,1253,13430,6124,1111,3898,1819,40999,12783,19192,8781,4593,1558,5326,1140,2995,b
1986,1020,1554,1923,8067,16132,2058,6945,2399,4589,10054,3195,7861,2351,5326,673,2064,6124,1013,482,5084,2042,1077,24711,45424,815,12602,3988,781,2555,1237,25833,8240,10868,5327,4594,1552,5311,799,2988,b
3653,1804,3058,3677,15193,29459,3293,13362,4626,8816,19360,5071,14042,4712,9073,1477,3331,11531,1720,998,9694,3806,2509,27154,55573,1585,14269,7297,1417,4254,1987,47543,14668,19833,9281,4614,1581,5326,1380,2996,b
1423,877,1148,1514,6627,12593,1484,5707,2242,3400,8076,2280,5600,1787,3806,406,1679,4773,760,384,3917,1501,453,24508,42650,707,12451,2936,707,1516,672,21547,6005,8439,3962,4587,1546,5313,605,2990,b
7753,677,4179,2261,24815,47665,4383,17951,7121,12105,27494,10064,21515,5936,17755,3181,5257,18740,2049,2469,14760,8349,5592,30596,67013,2599,15616,10319,2261,8550,4280,67122,27799,29215,12621,4575,1680,5342,3747,3065,b
4196,4252,3466,7479,22609,41189,2869,16056,6081,11677,26034,9218,15857,6944,13353,2863,3650,15338,1882,2940,14437,7219,4468,31266,65601,2139,15863,10172,1914,8055,3213,57567,22577,19989,10976,4646,1660,5383,4966,3013,b
1574,866,1338,1518,6920,13256,1718,6215,2377,3998,8778,2298,5941,1932,4080,510,1884,5158,785,424,4216,1636,577,24410,43220,740,12440,3256,717,1589,687,22542,6540,8992,4237,4583,1545,5313,616,2990,b
1711,1094,1574,2229,7810,17044,2156,7982,2524,4470,9747,2889,8994,2756,5721,785,1716,6849,766,619,5753,2778,1412,25074,47860,1099,12518,4236,988,2807,1361,25547,9300,10199,5145,4598,1563,5329,1210,2999,b
2155,912,1821,2280,8455,19278,2306,7444,2474,4766,10976,3427,9590,2573,6120,743,2092,6512,1220,540,5571,2268,1128,24798,47111,957,12727,4425,1060,2690,1288,29149,9268,12398,5809,4584,1544,5314,971,2999,b
1468,1849,993,3235,8549,13819,915,7854,2985,3819,9551,1952,5350,2331,4828,840,840,5544,527,986,5833,2496,669,3882,15132,1280,2078,4196,1369,2364,947,23238,8699,7186,3090,87,83,11,1242,22,b
4502,2952,4229,9108,24634,53026,4898,20323,7032,12743,30064,8579,26037,6797,16463,2958,4689,19744,2208,2460,17852,8863,4675,31050,70967,2733,16154,11375,2542,8282,3199,74248,27706,28285,13496,4648,1669,5352,4515,3018,b
3440,2181,3252,6795,18755,47460,3545,15648,5137,11674,22127,6657,20017,6662,13395,2458,4417,15330,1850,2284,13664,7946,4068,27895,64814,1782,14217,9879,1714,6548,1948,66921,21006,18235,10826,4651,1657,5354,3775,3014,b
5248,5239,4733,11536,29935,54308,4825,23055,8162,13357,35305,8692,25684,8020,18426,4193,5199,21309,2431,3181,20477,10395,6106,34828,80833,3491,17449,12935,3294,9665,3774,81653,30053,27852,14751,4740,1828,5361,4977,3026,b
907,644,856,940,4881,12112,891,5242,1604,3026,6052,1157,6943,1514,3843,643,1064,3740,482,812,3836,1858,1515,1632,9550,795,846,2429,760,1641,423,18026,6069,5935,3251,63,49,0,744,16,b
7151,741,5828,3259,24915,58428,5344,22358,6647,12919,27071,7293,33072,7546,19339,2163,5206,19383,2569,2993,18409,8979,3483,30545,77252,2893,16106,14048,2890,8590,3101,83363,31153,28657,16672,4691,1730,5351,3437,3013,b
1859,477,1466,1172,6810,14749,1936,6169,2109,4162,9046,2980,7466,2092,4760,593,1918,5525,965,367,4477,1788,989,24191,43583,674,12398,3481,645,2333,1172,23265,7255,10095,4997,4567,1535,5311,716,2987,b
2076,1291,2180,3848,12949,34655,2152,11148,3338,7328,14368,5516,18128,4334,8885,1234,2167,10486,1146,2068,9210,5138,1153,28306,56957,1596,14344,6636,1658,6201,2359,47439,14028,12001,6529,4646,1671,5339,2780,3005,b
2774,1282,2008,2216,11243,22216,2368,9775,3481,6004,13704,3974,9911,3226,7217,883,2334,8333,1176,981,7337,3062,1339,25852,50821,1280,13367,5632,1341,3551,1662,35324,11741,13445,6365,4618,1585,5318,1304,2992,b
4301,1450,4453,3208,17773,38854,4098,16141,5160,10984,23466,6169,18299,5661,12110,1891,4036,14380,2085,1226,11182,4673,3392,27231,58855,1634,14189,8649,1463,6150,2659,57301,19280,26251,11662,4617,1576,5336,1696,2995,b
1485,1013,989,2648,6702,19751,1024,6122,1660,4823,7343,2323,11721,2735,5858,957,1000,4862,838,713,5133,2173,2332,2120,11214,822,1150,3599,669,3145,1156,26450,9172,5941,4400,28,60,12,1305,13,b
7334,2258,3984,10513,21015,52142,3794,17140,7040,14107,27619,18632,29888,6471,15538,5426,3651,15675,3911,2678,14316,6596,16370,8734,34344,1738,5561,11059,2054,6755,2327,66860,25775,25465,12363,90,117,363,6321,24,b
58,407,40,1851,625,2323,308,510,57,169,552,313,2187,108,850,59,32,421,209,32,486,251,67,122,1347,54,59,338,112,394,111,2461,921,1208,462,0,0,1,119,0,b
1242,112,671,532,3788,6220,370,2014,963,1408,3928,1349,2591,740,1759,275,539,2590,310,279,1805,790,261,23664,37545,443,11843,1302,403,630,426,8678,2584,5116,1338,4576,1536,5313,396,2982,b
416,1358,290,1907,2797,4856,397,2454,905,978,2893,1267,2436,1004,1559,166,394,1710,313,310,2037,872,154,23540,38068,569,11693,1183,564,720,288,8348,2663,2146,883,4579,1544,5310,513,2989,b
2779,173,2478,1194,9487,21495,2874,8399,2603,6243,13665,3895,11111,2999,6618,1058,2830,8215,1347,465,5973,2271,2078,24411,46291,703,12620,4908,609,3125,1522,32653,10092,15897,7423,4552,1535,5319,604,2978,b
2359,958,2005,1853,9591,20690,2643,8540,2809,5343,12103,3808,11662,2748,6556,867,2499,7473,1507,580,6385,2444,1607,25073,47350,870,12795,4690,817,3116,1505,32293,10012,13416,6778,4585,1547,5312,996,2989,b
1012,2830,643,5346,6650,9073,583,4592,1833,1928,7609,2357,4482,1728,3544,662,427,3728,920,767,4358,1666,552,3951,11281,855,1688,2689,838,2322,568,16399,5413,5784,1600,54,51,4,1288,17,b
1294,2653,1089,5423,9113,15685,1190,6934,2137,3575,10344,3382,7776,2412,5889,951,1031,5527,1110,1085,5907,2875,995,4173,16139,1064,1878,4752,1094,3544,951,24403,9332,8587,3319,58,52,17,1710,15,b
1353,56,423,271,4231,6088,931,2246,578,545,4429,3503,5128,745,2360,369,296,3234,589,1120,2541,1725,1186,2439,2396,255,570,714,271,7163,2312,8492,3227,9676,559,7,38,0,328,0,b
130,14,310,52,760,3044,289,963,170,395,1506,160,1738,310,858,100,157,796,216,91,842,363,108,175,1737,143,112,667,188,492,196,3675,1601,1433,360,1,13,1,110,0,b
50,104,315,342,357,1842,79,465,47,222,508,138,1105,268,509,28,46,269,65,50,289,132,67,80,1095,20,92,540,48,241,86,2118,710,548,265,0,0,0,38,0,b
6711,755,4595,2661,24084,57203,4443,17697,5223,7270,28731,10087,36470,4537,17350,2946,2436,17489,3922,3358,17439,8395,4123,31376,72349,2866,16789,11297,2687,6670,2779,80198,27188,36500,10700,4632,1695,5334,3386,2990,b
5206,5585,4807,13992,25333,43545,4214,17646,6513,10980,31167,12772,21614,7490,16731,3937,4623,18151,3075,2359,16101,6879,5031,31603,66964,2352,16783,10158,2149,10500,3356,72568,24440,24481,12821,4720,1698,5345,5387,3011,b
2018,911,1559,1731,8092,16095,2004,7168,2619,4660,10079,3218,7926,2348,5200,647,2027,6288,989,490,5127,2056,1092,24678,45173,827,12615,3841,770,2543,1261,25754,8159,10933,5372,4592,1546,5314,887,2992,b
2713,285,1587,1558,9702,17276,1693,5644,2310,4631,11342,3267,8146,2048,5364,1059,1817,7300,1010,548,5027,2196,1823,24929,44614,907,12630,3879,773,2678,1444,23154,7867,14987,5087,4587,1552,5324,827,2985,b
2166,121,723,188,3290,5500,410,1531,536,801,5175,2705,3503,796,2382,1333,451,2649,461,560,1787,872,2023,1084,3393,123,364,1095,180,1543,499,7855,3460,3005,1284,19,32,30,1688,13,b
2804,180,1239,466,7510,17026,1419,5816,1965,3847,9514,3895,8776,2105,5825,1880,1347,5346,970,849,5307,2362,2402,2477,12122,878,1282,3309,863,3268,1261,23721,8925,6904,5260,39,75,48,1671,12,b
166,2,128,50,419,1256,127,335,72,91,557,107,945,201,378,38,78,346,115,48,372,167,67,113,957,58,84,293,70,142,57,1825,579,619,283,0,11,0,88,0,b
5894,259,1909,523,14531,27806,1578,10934,3884,8696,16683,5028,10173,4476,9802,2319,1994,10039,1044,2566,8770,4511,3632,5987,23536,1241,3037,7352,1309,5757,2174,40288,17531,11098,8070,85,129,44,3645,30,b
1502,107,294,265,1961,2750,158,883,287,426,3415,2603,1859,351,1912,855,335,1563,381,367,952,569,1133,734,1817,43,256,655,41,766,256,4902,2544,1342,331,12,25,16,1427,6,b
2583,290,1264,1365,8579,13800,1264,4785,2175,3631,9764,2669,6157,1744,4081,803,1530,5944,891,532,4521,1737,1249,24946,43220,912,12638,2988,769,1745,1119,20849,6001,12007,3793,4593,1559,5323,623,2983,b
4710,2075,4924,4812,20153,40504,4330,18541,6129,12612,26515,6386,18312,6297,12495,2128,4541,15962,2119,1396,13431,5562,3357,28547,63579,2022,14853,10029,1828,5414,2578,61632,21009,27018,12880,4631,1618,5338,1844,3003,b
2081,1024,1595,2193,8494,17588,2080,7556,2584,4649,10824,3366,8737,2632,5674,708,2055,6492,1092,551,5299,2135,1174,24831,46584,865,12622,4392,828,2680,1315,28337,8823,11475,5744,4585,1544,5314,897,2990,b
4609,1998,4763,4568,19498,38955,4166,17828,5893,11763,25651,6230,17830,6082,11825,2104,4299,15458,2113,1288,12913,5195,3322,28065,62091,1922,14628,9464,1719,5244,2512,60093,19751,26465,12351,4637,1617,5332,1664,3004,b
3263,979,2754,2126,12140,25290,3070,10525,3625,7319,16387,4407,12710,3679,7774,1227,3129,9836,1557,706,7630,3007,2326,25514,49894,1162,13130,5738,1026,3737,1773,39311,12125,17958,8502,4598,1563,5325,1047,2994,b
4139,1113,4445,3044,16392,36187,4200,14683,4737,10572,22525,5587,17482,5080,11127,1772,4196,13665,1953,992,10454,4402,3278,26604,56597,1496,13902,8313,1341,5071,2232,53700,17438,24712,11567,4606,1571,5329,1384,2998,b
3259,964,2755,2157,12140,25300,3070,10525,3625,7319,16382,4422,12740,3679,7784,1227,3129,9849,1559,706,7630,3007,2336,25514,49894,1162,13130,5738,1026,3737,1773,39320,12135,17969,8501,4598,1563,5325,1047,2994,b
5598,1022,5474,3690,19834,45520,4776,17937,5414,12392,27495,6569,21347,6237,14042,2181,4773,16719,2414,1521,12943,5587,3862,28349,64163,2041,14869,10947,1988,6323,2811,66595,22409,29953,12963,4615,1597,5334,1975,3001,b
5358,3147,4640,6616,24347,52587,4801,18992,6943,14793,31719,10756,22551,6827,17173,3379,5980,19153,2430,2432,15046,7658,5505,29320,66511,2278,14972,10873,1843,9977,3549,73292,26604,29720,15865,4676,1660,5383,4596,3058,b
279,1,107,62,865,1524,197,477,135,219,955,350,1307,212,548,118,98,635,167,108,443,295,132,163,1144,51,103,371,60,258,63,2599,797,892,180,7,23,0,390,0,b
2439,1272,1858,2240,9938,19076,2448,9023,3147,5475,12641,3716,9301,2914,5991,777,2436,7587,1195,685,6690,2619,1345,25290,48748,1087,12931,4657,968,2670,1369,32167,9676,12476,6353,4592,1567,5314,1001,2991,b
3152,562,2805,1766,11883,27063,3258,10703,3415,7548,16710,4490,12942,3889,8251,1217,3327,9955,1651,794,7787,3052,2348,25426,50698,1124,13180,6313,1052,4098,1862,41320,12910,18549,8804,4572,1549,5326,1053,2990,b
1679,191,836,803,4795,7585,501,2498,1163,1834,4899,1566,2938,952,2407,411,678,3220,418,329,2202,986,375,24403,39622,511,12242,1915,478,894,533,10957,3528,6286,1579,4578,1540,5313,680,2982,b
39,31,69,73,99,446,36,74,15,18,193,59,157,28,87,32,5,67,25,24,29,22,29,44,101,2,13,42,8,59,4,617,123,175,14,2,3,0,50,0,b
523,951,851,3455,5119,13864,1199,4130,1066,2070,6801,2566,8002,1370,4826,566,920,3823,716,652,3435,2086,701,1689,9690,503,1242,3191,715,3119,722,18530,6923,6340,2828,25,25,7,1313,0,b
4870,5711,4557,13399,32507,68178,5651,26905,7941,11282,37353,9194,32257,7911,22021,5131,3563,21474,3357,3635,21373,10638,4336,13877,59090,3026,7931,16799,3433,12125,4191,100014,34928,37426,15671,110,362,34,4727,29,b
1303,2982,1218,5402,9267,16104,1436,6837,2394,3132,10880,3021,8009,2511,5481,1149,1401,5714,834,901,6359,2836,1431,27449,48936,1245,13642,3761,1255,3003,870,26374,8651,6857,4101,4624,1578,5320,1487,2994,b
3338,3498,2829,6897,17350,31949,3514,13656,4704,7734,21299,5826,15504,4498,10696,1886,3301,11969,1819,1426,11618,4932,2529,29783,61998,1951,15255,7855,1859,5432,2042,52151,16817,17974,9371,4639,1617,5321,2132,2995,b
457,1075,347,1637,3699,6864,534,3205,1089,1437,4070,845,2875,1233,2342,357,488,2439,299,452,3093,1190,387,1720,6723,615,933,1676,643,980,296,10861,3933,3552,1325,38,25,8,666,13,b
4891,533,2081,2051,12488,20673,2741,9540,2638,4378,14390,4046,10599,3394,8440,1314,2077,9566,1623,1779,9042,4388,2254,29077,57493,1856,14601,7073,1573,3999,2054,32635,13896,13283,6779,4724,1707,5338,2107,3002,b
2,0,0,0,8,41,3,23,3,5,13,0,12,5,9,1,0,9,0,0,9,0,1,0,38,1,0,21,4,0,0,64,19,16,5,0,0,0,0,0,b
3223,690,2966,2538,12746,28974,3540,11413,3604,7955,17635,4726,15452,4181,8959,1404,3429,10755,1694,824,9147,3491,2641,25623,52061,1278,13336,6471,1183,4295,1940,43277,13913,19636,9409,4576,1555,5330,1184,2990,b
78,149,15,586,276,1112,72,233,17,112,217,187,737,17,348,29,17,150,110,9,162,184,14,30,669,11,27,365,18,187,35,1399,421,375,49,0,0,0,22,0,b
3229,1700,2769,3891,12598,27224,3092,10680,3593,7386,16841,4721,14708,3784,8281,1239,3103,9909,1737,798,8072,3115,2305,25907,50658,1300,13310,5952,1146,3703,1739,41329,12766,18898,8698,4588,1556,5322,1093,2992,b
948,34,348,287,2904,4479,292,2019,804,1031,2878,537,1906,686,1864,194,347,1780,181,395,1676,810,201,1321,4135,428,642,1376,540,872,330,7824,3097,2188,777,56,32,4,502,5,b
1477,1761,1091,2640,8211,15231,1028,7563,2806,3763,9139,1967,5854,2291,5021,612,882,5500,552,925,5688,2566,619,3593,14825,1223,1955,4001,1295,2738,941,24225,8777,7754,2861,77,91,11,1247,22,b
3965,505,3495,2722,14316,33833,4214,12092,3584,8190,19561,5556,18120,4128,10375,1710,3337,11989,2175,879,9374,3999,3534,25856,54259,1173,13592,7149,1284,4961,2178,49591,15737,22398,9661,4558,1556,5324,1272,2990,b
74,57,400,655,508,1508,149,281,56,92,536,137,1536,92,406,51,19,384,121,42,388,71,86,52,471,24,36,182,55,279,23,2291,539,197,249,0,0,0,38,0,b
398,282,210,253,565,909,58,382,110,227,1136,758,694,77,626,443,120,596,70,99,305,208,609,370,675,26,79,201,30,331,129,1482,953,419,130,4,11,6,348,2,b
644,1425,440,1702,4410,5187,415,4170,1579,1683,4436,1492,2358,1170,2124,340,380,2485,425,339,2248,945,247,2090,6048,576,1154,1661,530,1115,390,10328,3830,3347,1263,52,36,4,701,17,b
403,152,496,498,1706,6226,728,1650,334,1045,2269,503,3792,625,2045,218,422,1707,270,233,1461,739,286,429,2660,183,256,1021,186,1422,453,7339,3030,2510,1401,7,39,12,427,3,b
5614,3177,5937,10306,29325,65167,5822,24988,7921,15858,37459,10015,31425,9762,20664,3295,5506,22224,3331,2655,18644,8779,6000,33159,87320,2810,17598,16714,2607,9631,3856,92603,32804,37582,17710,4651,1668,5341,4453,3006,b
249,140,234,201,904,3041,366,984,179,363,1462,1174,1898,398,941,118,247,823,162,130,758,399,211,195,1582,128,130,557,156,789,228,3822,1504,1345,627,2,29,0,353,0,b
4080,1319,4398,4185,17364,46908,4620,16627,4817,12242,23726,6070,20763,6659,13873,1825,4482,15690,2196,1824,12667,6028,2736,27839,62621,1499,14276,10265,1519,7556,2619,66580,21330,21749,11943,4630,1600,5343,2726,3000,b
2273,1343,1660,2255,9396,17871,2105,7974,2833,4893,11381,3465,8489,2762,5605,707,2098,7113,1175,666,6216,2440,1061,25114,48214,1021,12867,4452,924,2774,1308,30124,8963,11265,5767,4592,1567,5311,929,2990,b
341,321,694,590,1838,4852,224,1551,359,878,2061,783,2115,784,1256,180,162,1279,263,220,1246,552,309,318,2140,135,151,867,123,875,324,6639,2073,1819,951,2,10,0,382,0,b
3761,2263,3684,6569,17332,42978,4116,12741,3718,7612,25802,9511,26993,4547,12437,2718,3653,13696,3077,2313,12115,5086,4731,26998,54378,1429,13825,7893,1387,5917,2425,58275,18660,23975,10107,4583,1564,5357,3637,2989,b
84,0,112,7,756,2927,234,483,115,583,868,265,1649,199,1109,92,353,622,40,112,556,377,172,79,1098,46,63,371,42,357,74,3657,1458,655,568,0,3,0,146,0,b
4661,3967,2230,13322,13655,27531,2439,5817,2314,2440,16919,9318,16121,2889,12246,2432,1330,9746,3825,2170,7442,3635,2825,8350,26079,1160,4815,5041,1281,6385,1285,48166,14306,8749,3086,149,232,48,6209,13,b
3647,239,1496,807,12875,28842,1804,9816,3312,6063,13938,4276,10772,4740,8625,1637,1678,9406,1697,1658,9425,4187,3104,4639,22330,1506,2608,6807,1395,5671,2086,41932,14644,14161,7336,114,79,11,1614,52,b
1074,2178,6253,7650,18778,44096,3990,15658,7911,13566,34144,7683,21354,6053,11899,1836,4043,13865,1714,1600,12124,5366,3501,27865,62962,2075,14295,9148,1760,5837,2531,63079,18515,24449,11286,4650,1627,5349,2179,3000,b
2918,892,2164,1808,11317,23880,3015,10024,3396,6065,13965,4164,13421,3100,8042,895,2631,8817,1478,838,7410,3010,1560,25629,49903,1077,13193,5601,1228,3912,1733,38354,12511,14981,7059,4612,1567,5320,1259,2992,b
63,0,37,0,280,818,93,301,45,57,349,90,639,91,303,28,53,230,76,22,304,134,68,72,405,39,28,159,46,315,90,1230,437,448,122,1,7,0,59,0,b
1501,475,1390,2230,6672,14329,2128,6021,1981,3803,9111,2520,6616,1887,4355,571,2005,5470,844,408,4822,1829,700,23539,42329,464,12129,3405,515,1845,763,23559,6838,9031,4368,4560,1537,5312,378,2976,b
375,197,532,1409,2603,7385,884,2352,522,1142,3030,1242,4356,820,2548,257,833,2018,366,291,2338,1069,330,22905,38591,311,11447,1691,292,800,282,9815,3880,2917,1230,4585,1539,5310,445,2978,b
572,1295,605,1965,4618,9135,758,4695,1640,2195,5288,1158,4396,1329,3122,389,464,3227,308,436,3183,1439,375,2097,8504,638,1168,2492,666,1701,648,14031,5070,4802,2083,43,36,11,797,17,b
452,394,520,1077,3626,7579,896,3871,1160,1407,5089,1125,4477,840,2591,640,728,3009,287,393,2399,1802,896,924,5842,403,506,1802,402,1052,357,10814,4813,3949,1559,13,14,1,384,1,b
576,109,527,233,1080,2202,400,960,351,304,1981,337,1355,244,749,225,83,1097,117,220,863,406,320,395,2004,232,333,686,300,718,188,3274,1393,1163,420,11,17,0,136,2,b
6714,2182,3551,9431,17993,44739,3217,14680,6011,12452,22503,16407,25955,5658,13239,4907,2928,12861,3371,2198,12425,5875,15343,6726,29413,1530,4066,9156,1741,5830,2070,56288,21805,21843,10356,80,109,363,5255,24,b
736,126,1155,966,3592,13893,1010,3053,944,3471,4778,1560,4378,1527,3401,385,974,4449,336,913,3291,2111,513,23936,41458,370,11902,2553,393,2283,549,17868,5136,2819,2007,4576,1556,5327,1221,2991,b
2732,907,1599,3096,10059,29863,1686,9398,2284,5470,11778,5872,15586,3656,10319,1931,2043,6907,1125,1283,7253,3595,4050,2873,17616,916,1431,6238,936,5678,2002,39500,14907,10842,6170,57,91,31,2706,21,b
2521,203,1357,902,7460,15997,1627,4600,1121,1622,8137,1491,7926,2597,4399,581,531,4885,1364,964,4891,2190,920,4458,14804,787,2526,4677,959,2217,698,24841,6772,8242,3051,22,48,6,1353,6,b
11,105,73,887,677,1827,151,376,70,119,684,171,1701,112,558,54,46,407,154,64,537,141,85,88,757,31,68,284,59,264,19,2817,792,300,239,0,0,0,46,0,b
2125,169,1352,933,8000,13875,1299,5161,2039,3373,9126,3153,6887,1548,4115,756,1251,5817,832,449,4346,1688,1483,24620,43007,699,12450,3070,725,2046,978,22320,6392,10525,3305,4585,1550,5313,684,2983,b
1051,576,832,791,2264,3166,260,1312,391,748,4034,2535,1539,410,2097,904,400,1907,205,317,1019,586,1156,621,2529,66,269,935,83,670,261,5663,2828,1615,406,9,29,11,1173,6,b
1036,697,1436,2573,3488,11704,828,2526,670,1763,3491,6084,8457,1086,3258,2813,444,2564,573,292,2277,1052,8700,666,6020,314,557,2068,356,1246,409,13128,4835,4988,1655,7,14,0,407,0,b
1497,207,400,812,4358,5074,324,3624,1507,1445,3894,1009,2564,1110,1824,332,309,2712,437,430,2534,1091,382,2365,6650,627,1167,1567,590,879,297,10337,3507,3154,1532,49,39,4,699,17,b
2504,168,1506,1040,9520,17723,1123,6270,2352,3681,9453,2050,7983,2053,5827,725,1085,6090,773,791,4543,2275,770,3319,13015,1038,1978,4180,1145,3187,1256,25034,8784,12017,3246,62,57,6,1022,5,b
925,1507,542,2048,5691,9668,457,3504,1326,1898,8047,7841,6265,1175,3368,3667,636,3888,559,620,3187,1458,9169,2029,6870,538,845,1691,566,1910,602,13234,5132,5872,1895,32,41,30,1980,21,b
829,598,443,1825,3781,8550,969,3399,1311,2129,4866,1293,4032,1253,2408,174,1047,2667,561,238,2556,893,203,1366,6216,399,765,1981,414,1102,377,15087,3555,4867,2725,17,17,0,446,12,b
2762,646,2176,1914,10394,24175,2851,10116,3147,6341,14143,4052,12300,3173,8076,1154,2614,8326,1293,806,7010,2849,1679,25621,50712,1139,13193,6004,1280,3885,1829,37187,12642,15058,6992,4593,1556,5318,1234,2989,b
2013,163,628,582,6031,7921,1103,3852,1304,1772,5983,1589,3822,1601,3553,550,769,3819,669,785,4067,1956,989,3468,10770,860,1477,2696,929,1824,775,14884,5784,4003,2727,51,72,2,848,11,b
2320,265,1402,1019,7635,17294,1472,6782,1488,2099,8944,2171,7652,3160,5184,1254,484,5546,1045,850,5045,2626,2203,3876,18230,1028,2401,5653,1288,1982,580,28770,8319,8827,3286,11,16,1,1425,7,b
3551,476,1789,1496,10204,17617,1477,8328,2142,2839,11556,2182,7965,3637,6370,1042,767,7325,1377,1306,7144,3488,1164,5847,20273,1421,3010,5728,1664,3008,1178,31352,10801,9849,4105,51,56,18,2061,17,b
532,1234,247,1729,3706,4580,258,3078,1339,1305,3760,797,1439,1054,1446,205,322,2244,205,410,2560,1131,154,1691,6626,697,839,1460,600,544,232,9403,2753,1921,1046,40,44,3,583,16,b
2738,908,1604,3114,10051,29959,1690,9420,2284,5467,11782,5874,15560,3675,10304,1935,2045,6900,1102,1287,7228,3602,4061,2874,17653,918,1431,6250,938,5681,2002,39561,14897,10876,6195,57,91,31,2706,21,b
537,194,529,1166,3085,8644,645,2066,478,1223,3428,1256,5345,989,3037,282,355,2163,599,447,2062,1005,569,385,5407,180,310,1687,244,1823,368,12719,4461,2721,1378,6,13,3,590,0,b
9874,898,7597,3079,35524,73732,8133,24821,8211,8684,39316,7923,29897,8202,18691,3173,3073,25966,4644,3742,29549,13743,4242,9382,55726,3373,7335,17197,4489,10753,2679,106946,33349,46511,16611,141,137,13,3385,46,b
2242,137,1891,595,8304,17335,2279,6638,2166,2937,9624,1467,6742,2317,5426,837,1174,6523,908,906,6959,3301,979,3031,14864,1179,2199,4805,1516,2554,1077,26521,8995,9266,3938,34,36,8,1028,28,b
713,1177,486,1465,4190,7022,625,3844,1563,1812,4894,1496,3284,1097,2463,384,532,2834,265,454,3200,1348,474,1851,8037,876,928,1944,813,1263,498,12289,4249,2874,1689,41,55,3,700,16,b
3255,1564,2916,4099,13478,26747,3130,11415,4140,7852,17093,4804,12968,3986,8099,1269,3191,10276,1725,740,8147,3144,2340,26277,52440,1253,13462,6162,1109,3897,1819,40983,12776,19319,8776,4593,1558,5326,1176,2995,b
817,531,726,1522,4110,13039,1134,3602,917,2530,4702,2648,8664,1525,5161,699,1055,3069,562,429,3134,1439,1647,24155,42098,447,12110,2858,476,1898,570,17602,7282,4108,3522,4553,1540,5310,787,2975,b
2841,257,1249,1032,8367,13859,1355,5419,1967,2383,9104,2489,6004,1976,4882,1132,818,5647,668,865,4408,2338,1683,3539,11115,749,1984,3017,817,3072,1210,21903,7897,7657,3316,61,58,25,1831,22,b
1502,135,917,466,4592,7888,876,4332,1701,2042,4826,708,3799,1357,2834,361,525,3307,378,411,3194,1552,434,1948,7482,678,1105,2234,701,1459,611,13264,4791,4745,1969,59,36,4,710,17,b
3307,570,1896,1552,10376,21731,2174,7659,2124,2715,11457,2349,0,2862,5347,1484,794,7357,993,933,7502,3378,2328,4613,16749,1115,2585,4818,1327,5990,1065,32359,9470,13241,4024,50,58,10,1422,16,b
7986,847,5750,2468,29292,59064,8054,23437,7711,10465,33723,6965,28611,6333,16563,2658,3765,22212,3141,2846,21886,10125,4175,10355,44851,2879,6959,14100,3871,7300,2575,95323,28392,33816,13475,104,165,30,3888,45,b
5864,918,4371,2649,20359,40640,4350,14477,4397,5230,23065,3929,0,5783,11132,1746,1688,14707,2814,2316,18056,7825,2337,6645,38645,2301,5175,11059,3112,4091,1381,61497,19508,22977,11085,61,73,5,2061,40,b
10,0,42,44,239,777,54,276,46,83,414,26,601,101,273,72,29,204,14,17,155,73,111,4,223,4,2,122,4,154,41,1052,434,343,275,0,0,0,7,0,b
459,1367,641,6205,5355,14271,1355,4624,1204,2210,6589,2063,11083,1673,5456,452,721,3650,910,452,3928,2298,736,1483,10615,865,861,3456,789,1276,394,21339,6947,4341,3263,21,51,0,831,10,b
5800,1803,5503,4572,22913,56528,5105,20142,6662,15286,28899,8133,25671,7284,16094,2727,4890,19811,2497,2511,16961,7662,5777,29967,70803,2561,15571,12057,2256,9368,3363,81838,25367,27638,13478,4660,1706,5355,3302,3013,b
5577,4253,4626,13650,28584,73002,5782,24230,7198,15524,33632,11273,0,9874,22758,2762,4728,21129,3790,3120,22465,9426,6215,32303,87512,3537,17388,16008,3630,13699,5017,99457,34494,31981,18468,4655,1672,5355,4333,3017,b
7481,552,4033,1875,23425,53871,4006,19330,5386,12045,23655,9388,21134,6890,15317,2205,3040,19013,2836,3281,16001,9457,4214,8259,42123,1735,5138,15114,2084,7940,3306,76234,26331,32002,10767,101,144,47,3641,24,b
2943,2237,2230,4788,14936,22924,2312,12191,4599,6601,16393,4306,9370,4031,7203,1135,2410,10084,1385,1214,9443,3788,1304,27969,55821,1578,14230,6016,1507,3237,1640,40135,12642,14885,7100,4631,1619,5317,1745,3003,b
2760,186,1611,972,8501,16987,2338,7686,2530,4862,10832,3344,8886,2484,5598,717,2313,6684,1170,456,5412,2090,1471,24885,46126,832,12660,4127,785,2520,1269,28243,8672,12136,5871,4590,1550,5311,805,2988,b
7334,2258,3984,10513,21015,52142,3794,17140,7040,14107,27619,18632,29888,6471,15538,5426,3651,15675,3911,2678,14316,6596,16370,8734,34344,1738,5561,11059,2054,6755,2327,66860,25775,25465,12363,90,117,363,6321,24,b
4968,308,4004,1659,15415,35607,4216,12468,3758,6716,19126,5069,17589,4786,12566,1837,3406,12863,1947,1503,10591,5137,2749,26570,61144,1606,14011,9143,1612,5420,1916,51675,18568,21057,10569,4864,1572,5328,2273,2993,b
4935,3937,4303,9449,25630,62587,4915,26199,6881,16416,29224,7418,25303,10109,18394,2388,5614,17763,2296,2291,18380,9077,3807,30119,79318,2576,15701,16777,2487,8295,3286,85688,31244,26538,17148,4682,1671,5534,4159,3003,b
179,10,153,8,894,2416,175,541,136,173,907,375,1428,222,677,41,123,458,263,132,510,303,111,689,2376,175,220,542,170,260,119,3428,889,1419,329,2,14,0,112,0,b
2918,892,2164,1808,11317,23880,3015,10024,3396,6065,13965,4164,13421,3100,8042,895,2631,8817,1478,838,7410,3010,1560,25629,49903,1077,13193,5601,1228,3912,1733,38354,12511,14981,7059,4612,1567,5320,1259,2992,b
176,529,155,1586,1821,3753,223,1568,558,660,1939,425,2536,448,1239,105,185,1113,241,164,1517,520,121,794,3109,359,386,793,359,531,121,6328,1930,1087,706,15,14,0,330,12,b
1758,1301,1416,6115,10530,33548,2791,8461,2605,7517,11796,4071,19338,4659,10097,1351,1954,7783,1987,770,6972,4005,3192,2220,17795,725,1271,6080,665,7998,2364,42620,13604,14399,7185,38,46,6,2008,14,b
7139,4254,7981,13831,39550,106748,8592,34400,9430,25330,47751,11861,44409,12818,30578,5477,8665,31312,4018,4053,29796,14963,8610,33060,100013,3898,17205,22351,3435,15453,6161,132849,48072,47938,26558,4689,1853,5432,6066,3015,b
1163,73,976,534,3724,9377,1019,2327,587,1316,4821,2199,6306,1177,3520,1028,564,3179,896,824,3020,1234,1429,935,4534,173,663,1545,254,2408,885,12967,4816,4781,3321,7,45,9,969,0,b
6718,2183,3561,9443,18058,45001,3228,14763,6025,12487,22572,16422,26042,5710,13313,4917,2930,12903,3376,2204,12479,5892,15354,6734,29572,1540,4073,9216,1748,5874,2078,56643,21923,21903,10405,80,109,363,5259,24,b
1303,537,1452,1209,6019,16166,1132,5495,1960,4036,6986,1170,5730,1774,5226,599,1638,4626,510,702,4112,2499,657,1383,9847,606,739,3094,587,1751,688,24210,7981,6477,2641,22,26,1,1124,64,b
561,12,324,40,1677,4948,600,1468,297,439,2068,923,3181,703,1729,129,272,1358,355,203,1432,655,135,23168,37388,339,11508,1162,339,675,310,7781,2480,2167,774,4551,1537,5311,352,2981,b
1238,2742,1384,10543,8218,14544,577,5311,1680,2859,8251,3896,7382,2132,7567,730,1075,4545,1152,1732,4264,2970,897,2340,11610,898,1283,3518,824,4098,1249,23160,8907,4544,3556,26,41,11,2259,0,b
1876,1309,1929,3385,9755,19714,2522,9021,3110,5467,12631,3031,9132,2902,6345,860,2518,7566,1021,699,7270,2934,1058,24699,47453,1006,12678,4953,1030,2900,1157,31940,10189,11638,5730,4593,1559,5316,888,2991,b
2467,223,1286,954,8453,16444,1164,6270,2203,4368,9462,2977,6939,1987,5367,857,1041,5928,765,717,5257,2323,1037,25207,48227,949,12864,4464,899,1818,881,22456,8951,10288,4436,4587,1581,5315,944,2983,b
527,1423,568,2323,3755,9264,736,3594,1131,1452,4291,1383,4610,1360,2673,394,548,2418,322,364,2502,1177,482,23631,40056,618,11767,1905,648,983,408,13356,4132,3710,1849,4581,1545,5310,708,2989,b
3164,3626,3075,10243,20184,47311,4141,17867,5633,9961,24062,9736,19782,6151,14260,2233,4413,14484,2149,2164,15177,7121,3341,29305,71098,2544,14881,10862,2478,4905,1859,66741,22703,21677,11689,4648,1657,5332,2952,3014,b
287,398,245,591,1667,3867,355,1911,610,803,2050,839,1920,805,1352,109,349,1172,181,147,1406,656,115,23103,37106,404,11475,985,415,597,237,6327,2166,1671,608,4561,1537,5310,394,2987,b
2808,1097,2598,2288,11270,23771,3087,10779,3625,7005,15121,4099,11677,3761,7631,1048,3038,9184,1467,689,7306,2871,1769,25653,50234,1061,13180,5736,989,3378,1609,38225,11984,16200,7896,4590,1547,5317,1081,2992,b
2190,90,989,216,4696,13481,1165,3564,731,1375,7072,3753,7872,1641,4690,1139,717,4022,1201,932,3907,1840,1404,1446,14432,426,900,3827,679,1771,590,18932,6710,6247,2420,21,53,28,1830,7,b
1765,173,974,1038,6342,11231,1170,3623,1506,2696,7381,2369,5540,1258,3516,530,1275,4565,778,401,3221,1284,826,24185,40586,581,12131,2366,536,1466,978,16787,5005,9666,3193,4583,1530,5314,494,2982,b
4522,496,3321,2497,16804,32017,2759,11254,4158,8085,18898,4973,14603,3939,9979,1649,2733,11849,1652,1519,8000,3815,2884,27969,55125,1576,14740,7520,1469,4271,2182,44809,15120,23222,8463,4692,1652,5336,1640,2994,b
652,1188,460,1512,4302,6727,600,4141,1563,1720,4731,1372,2665,1496,2163,268,547,2867,296,476,3217,1422,229,24208,41362,824,12092,1941,747,960,399,12232,3988,3018,1406,4593,1569,5313,701,2993,b
741,1172,756,1950,5821,12179,1233,5692,1763,2678,6782,2449,5988,2069,4281,607,985,4311,513,647,4703,2088,734,24661,43664,910,12494,2982,905,2163,829,18272,7146,5831,2840,4592,1557,5321,1069,2992,b
279,1,107,62,865,1524,197,477,135,219,955,350,1307,212,548,118,98,635,167,108,443,295,132,163,1144,51,103,371,60,258,63,2599,797,892,180,7,23,0,390,0,b
3766,951,3120,2289,14230,30038,3381,12399,4248,8377,18866,4885,14573,4288,9537,1421,3388,11285,1666,1031,8742,3650,2566,26351,53481,1434,13673,7112,1448,4741,2149,46067,15095,20012,9254,4613,1574,5331,1442,2995,b
3117,1098,2661,2294,12056,24676,3039,10704,3623,7263,16289,4452,12431,3678,7861,1221,3071,9743,1501,714,7466,2946,2199,25746,50526,1189,13258,5920,1041,3722,1740,39083,12288,17591,8165,4592,1560,5322,1104,2995,b
6961,669,4133,2911,23086,45011,3943,15912,4654,8694,26002,5564,21476,7161,14748,2532,3906,16738,3015,2073,14828,6511,3486,8401,41284,2482,4417,12345,2093,6262,2959,65743,23476,28148,12803,513,131,31,2747,18,b
10,60,90,638,502,1535,156,282,57,100,568,125,1444,97,419,55,19,364,115,39,390,83,84,54,481,29,38,180,59,272,24,2302,567,219,240,0,0,0,45,0,b
420,880,351,4175,2922,5720,397,2121,640,1228,4096,2856,3469,591,3432,513,321,2005,476,803,1442,1098,324,1555,4298,461,942,1505,514,2546,1319,8437,4451,2638,1242,33,41,12,1795,4,b
1480,121,849,789,5020,8869,623,3296,1153,1942,5229,1758,4442,1147,2952,453,656,3224,482,357,2137,933,340,23984,39745,451,12105,2163,487,977,513,13153,4312,7112,1726,4577,1532,5310,371,2978,b
2744,970,2324,2005,10387,21389,2790,9429,3181,6182,13810,3837,10817,3139,6715,919,2781,8337,1404,624,6627,2514,1694,25332,48044,968,12963,4998,874,3000,1478,34476,10507,14919,7293,4592,1546,5316,965,2992,b
403,152,496,498,1706,6226,728,1651,334,1045,2269,503,3792,625,2045,218,422,1707,270,233,1461,739,286,429,2660,183,256,1021,186,1422,453,7339,3031,2510,1401,7,39,12,427,3,b
3888,1476,4231,3691,16544,34968,3926,14893,4909,10377,21896,5617,16484,5255,10826,1661,3951,13210,1972,963,10300,4266,3129,26930,56629,1568,14019,8071,1364,5032,2172,52870,17060,24061,11159,4601,1561,5327,1378,2995,b
1809,344,1446,1308,6290,13588,1896,5299,1695,3756,8215,2835,6921,1811,4383,569,1797,5092,889,289,3758,1451,972,23788,42204,380,12250,3226,399,2252,1078,21051,6626,9682,4744,4554,1523,5311,458,2975,b
1809,344,1446,1308,6290,13588,1896,5299,1695,3756,8215,2835,6921,1811,4383,569,1797,5092,889,289,3758,1451,972,23788,42204,380,12250,3226,399,2252,1078,21051,6626,9682,4744,4554,1523,5311,458,2975,b
3896,299,2881,1562,13640,27410,3385,12023,4090,8035,17982,4573,14279,3956,8863,1387,3340,10938,1676,871,8840,3499,2707,26113,52860,1312,13520,6490,1216,4749,2148,42976,13749,20377,9212,4605,1573,5326,1199,2995,b
347,490,378,1335,4060,10423,843,3991,921,1504,4963,1809,5595,1512,3218,359,426,2696,761,515,2515,1041,368,23758,43963,834,12118,2779,737,937,346,14964,5811,5135,2100,4561,1542,5310,540,2987,b
893,739,865,2969,4543,14145,1149,4443,1219,2445,5623,2341,8674,1724,4756,788,785,3573,572,615,3258,1603,2535,1939,9703,748,954,2958,648,2210,762,18564,7222,4272,3374,38,46,10,1164,14,b
5024,5635,4126,20399,29651,56821,4448,22584,6893,10948,34424,11097,30921,8437,16023,2978,3872,18722,4490,3468,18579,8295,3802,36538,86495,3063,20375,13768,2767,7667,3196,86857,25303,39837,13116,4691,1717,5330,3952,3002,b
6719,2183,3562,9442,18060,45001,3229,14768,6027,12488,22580,16422,26042,5699,13317,4918,2930,12906,3377,2204,12480,5894,15358,6734,29566,1540,4073,9216,1748,5876,2078,56621,21936,21915,10405,80,109,363,5261,24,b
3003,2803,3492,8816,21847,66614,5668,22707,7089,15473,26701,6888,24616,10222,17615,2510,4585,16061,2686,1959,15624,6919,3339,28320,82081,2196,14946,14928,2543,7004,2769,88091,27820,28179,15206,4633,1626,5351,3233,3001,b
5230,2966,5517,7048,26695,53964,5173,24578,7465,14614,32626,7658,24228,8262,16369,2768,5001,19800,2448,1945,17232,7505,4205,30917,73851,2743,16074,13583,2539,7944,3424,81107,27543,32755,15883,4651,1642,5336,2855,3005,b
